2015-01-05 09:59:00,2568.0,-1.0
2015-01-05 09:59:00,2568.0,-1.0
2015-01-05 11:29:00,2555.0,-3.0
2015-01-05 14:59:00,2564.0,-2.0
2015-01-06 09:29:00,2608.0,3.0
2015-01-06 10:14:00,2617.0,3.0
2015-01-06 10:59:00,2617.0,5.0
2015-01-06 14:29:00,2632.0,1.0
2015-01-06 14:59:00,2622.0,1.0
2015-01-07 09:59:00,2592.0,1.0
2015-01-07 10:14:00,2585.0,-1.0
2015-01-07 10:59:00,2580.0,-5.0
2015-01-07 11:29:00,2584.0,-9.0
2015-01-07 14:59:00,2589.0,-5.0
2015-01-08 14:59:00,2583.0,-5.0
2015-01-09 10:59:00,2558.0,-10.0
2015-01-09 11:29:00,2561.0,-8.0
2015-01-09 14:29:00,2573.0,-7.0
2015-01-09 14:59:00,2561.0,-7.0
2015-01-12 09:59:00,2530.0,-9.0
2015-01-12 11:29:00,2527.0,-10.0
2015-01-12 14:59:00,2505.0,-10.0
2015-01-13 13:59:00,2511.0,-9.0
2015-01-13 14:29:00,2505.0,-8.0
2015-01-13 14:59:00,2512.0,-8.0
2015-01-14 09:29:00,2502.0,-6.0
2015-01-14 13:59:00,2481.0,-4.0
2015-01-14 14:59:00,2490.0,0.0
2015-01-15 10:14:00,2509.0,1.0
2015-01-15 10:59:00,2507.0,2.0
2015-01-15 14:59:00,2520.0,2.0
2015-01-16 14:59:00,2513.0,2.0
2015-01-19 09:29:00,2477.0,-4.0
2015-01-19 09:59:00,2503.0,-2.0
2015-01-19 14:59:00,2518.0,-2.0
2015-01-20 09:59:00,2497.0,-3.0
2015-01-20 10:59:00,2505.0,-5.0
2015-01-20 14:59:00,2490.0,-5.0
2015-01-21 10:59:00,2506.0,-8.0
2015-01-21 14:59:00,2476.0,-8.0
2015-01-22 14:59:00,2483.0,-8.0
2015-01-23 14:59:00,2488.0,-5.0
2015-01-26 10:59:00,2452.0,-7.0
2015-01-26 14:29:00,2450.0,-10.0
2015-01-26 14:59:00,2456.0,-10.0
2015-01-27 11:29:00,2465.0,-8.0
2015-01-27 13:59:00,2462.0,-7.0
2015-01-27 14:59:00,2462.0,-7.0
2015-01-28 09:59:00,2466.0,-6.0
2015-01-28 10:59:00,2470.0,-4.0
2015-01-28 11:29:00,2474.0,-3.0
2015-01-28 14:59:00,2479.0,-3.0
2015-01-29 09:29:00,2493.0,9.0
2015-01-29 10:14:00,2513.0,11.0
2015-01-29 14:59:00,2512.0,11.0
2015-01-30 10:59:00,2499.0,8.0
2015-01-30 14:29:00,2504.0,7.0
2015-01-30 14:59:00,2503.0,6.0
2015-02-02 14:59:00,2502.0,6.0
2015-02-03 14:59:00,2491.0,-2.0
2015-02-04 09:29:00,2516.0,1.0
2015-02-04 09:59:00,2502.0,0.0
2015-02-04 13:59:00,2505.0,1.0
2015-02-04 14:59:00,2488.0,-2.0
2015-02-05 09:29:00,2499.0,0.0
2015-02-05 14:59:00,2494.0,0.0
2015-02-06 09:59:00,2511.0,4.0
2015-02-06 14:59:00,2516.0,4.0
2015-02-09 14:59:00,2501.0,4.0
2015-02-10 14:59:00,2513.0,4.0
2015-02-11 14:59:00,2514.0,4.0
2015-02-12 09:29:00,2500.0,2.0
2015-02-12 10:14:00,2502.0,1.0
2015-02-12 13:59:00,2511.0,2.0
2015-02-12 14:59:00,2510.0,4.0
2015-02-13 09:29:00,2516.0,6.0
2015-02-13 10:14:00,2518.0,7.0
2015-02-13 10:59:00,2524.0,10.0
2015-02-13 14:59:00,2532.0,10.0
2015-02-16 14:59:00,2546.0,8.0
2015-02-17 09:29:00,2536.0,6.0
2015-02-17 09:59:00,2530.0,5.0
2015-02-17 10:14:00,2531.0,3.0
2015-02-17 14:59:00,2542.0,3.0
2015-02-25 09:29:00,2513.0,2.0
2015-02-25 09:59:00,2509.0,-5.0
2015-02-25 14:59:00,2508.0,-7.0
2015-02-26 09:29:00,2516.0,0.0
2015-02-26 14:29:00,2525.0,1.0
2015-02-26 14:59:00,2532.0,3.0
2015-02-27 14:59:00,2498.0,-7.0
2015-03-02 14:59:00,2519.0,2.0
2015-03-03 09:29:00,2507.0,0.0
2015-03-03 14:29:00,2516.0,2.0
2015-03-03 14:59:00,2513.0,0.0
2015-03-04 09:59:00,2516.0,3.0
2015-03-04 10:14:00,2515.0,0.0
2015-03-04 14:59:00,2508.0,-2.0
2015-03-05 09:29:00,2484.0,-3.0
2015-03-05 09:59:00,2484.0,-4.0
2015-03-05 10:14:00,2485.0,-6.0
2015-03-05 14:59:00,2484.0,-6.0
2015-03-06 14:59:00,2452.0,-11.0
2015-03-09 13:59:00,2446.0,-10.0
2015-03-09 14:59:00,2444.0,-10.0
2015-03-10 09:29:00,2443.0,-9.0
2015-03-10 10:14:00,2441.0,-8.0
2015-03-10 14:59:00,2404.0,-8.0
2015-03-11 10:59:00,2423.0,-6.0
2015-03-11 14:29:00,2426.0,-4.0
2015-03-11 14:59:00,2423.0,-4.0
2015-03-12 09:29:00,2426.0,-3.0
2015-03-12 09:59:00,2429.0,-2.0
2015-03-12 10:59:00,2441.0,0.0
2015-03-12 14:59:00,2446.0,0.0
2015-03-13 14:59:00,2447.0,0.0
2015-03-16 10:59:00,2448.0,-2.0
2015-03-16 13:59:00,2475.0,3.0
2015-03-16 14:59:00,2476.0,3.0
2015-03-17 09:29:00,2473.0,4.0
2015-03-17 09:59:00,2470.0,0.0
2015-03-17 10:14:00,2474.0,3.0
2015-03-17 14:59:00,2472.0,3.0
2015-03-18 11:29:00,2464.0,-5.0
2015-03-18 14:29:00,2459.0,-6.0
2015-03-18 14:59:00,2457.0,-6.0
2015-03-19 09:29:00,2468.0,0.0
2015-03-19 09:59:00,2463.0,-2.0
2015-03-19 10:14:00,2464.0,0.0
2015-03-19 10:59:00,2460.0,-2.0
2015-03-19 14:59:00,2457.0,-2.0
2015-03-20 09:29:00,2461.0,0.0
2015-03-20 14:59:00,2457.0,0.0
2015-03-23 09:29:00,2499.0,6.0
2015-03-23 09:59:00,2498.0,7.0
2015-03-23 14:29:00,2522.0,8.0
2015-03-23 14:59:00,2526.0,11.0
2015-03-24 14:59:00,2525.0,11.0
2015-03-25 10:14:00,2521.0,8.0
2015-03-25 10:59:00,2513.0,4.0
2015-03-25 11:29:00,2502.0,3.0
2015-03-25 14:29:00,2501.0,2.0
2015-03-25 14:59:00,2494.0,2.0
2015-03-26 14:59:00,2476.0,2.0
2015-03-27 09:29:00,2451.0,-9.0
2015-03-27 09:59:00,2405.0,-11.0
2015-03-27 10:14:00,2436.0,-10.0
2015-03-27 13:59:00,2452.0,-7.0
2015-03-27 14:59:00,2468.0,-7.0
2015-03-30 09:29:00,2463.0,-4.0
2015-03-30 14:59:00,2446.0,-4.0
2015-03-31 14:59:00,2426.0,-4.0
2015-04-01 10:14:00,2404.0,-5.0
2015-04-01 10:59:00,2404.0,-7.0
2015-04-01 14:59:00,2388.0,-8.0
2015-04-02 10:14:00,2372.0,-10.0
2015-04-02 14:59:00,2343.0,-10.0
2015-04-03 10:59:00,2352.0,-9.0
2015-04-03 14:59:00,2343.0,-9.0
2015-04-07 14:59:00,2310.0,-9.0
2015-04-08 13:59:00,2324.0,-6.0
2015-04-08 14:59:00,2323.0,-4.0
2015-04-09 09:29:00,2297.0,-5.0
2015-04-09 09:59:00,2291.0,-4.0
2015-04-09 14:59:00,2289.0,-4.0
2015-04-10 14:59:00,2265.0,-4.0
2015-04-13 09:59:00,2269.0,-6.0
2015-04-13 14:29:00,2306.0,-4.0
2015-04-13 14:59:00,2327.0,-4.0
2015-04-14 14:59:00,2322.0,-4.0
2015-04-15 14:29:00,2312.0,-5.0
2015-04-15 14:59:00,2297.0,-6.0
2015-04-16 10:59:00,2320.0,-5.0
2015-04-16 14:59:00,2317.0,-5.0
2015-04-17 11:29:00,2315.0,-6.0
2015-04-17 14:59:00,2311.0,-8.0
2015-04-20 14:29:00,2287.0,-10.0
2015-04-20 14:59:00,2280.0,-10.0
2015-04-21 14:59:00,2281.0,-10.0
2015-04-22 09:29:00,2295.0,-7.0
2015-04-22 09:59:00,2293.0,-6.0
2015-04-22 10:14:00,2294.0,-5.0
2015-04-22 11:29:00,2315.0,7.0
2015-04-22 14:59:00,2326.0,7.0
2015-04-23 09:29:00,2325.0,8.0
2015-04-23 14:59:00,2322.0,8.0
2015-04-24 09:29:00,2372.0,9.0
2015-04-24 11:29:00,2363.0,8.0
2015-04-24 14:59:00,2377.0,8.0
2015-04-27 14:59:00,2407.0,8.0
2015-04-28 10:14:00,2408.0,7.0
2015-04-28 10:59:00,2411.0,6.0
2015-04-28 11:29:00,2395.0,4.0
2015-04-28 14:29:00,2391.0,2.0
2015-04-28 14:59:00,2397.0,2.0
2015-04-29 09:29:00,2389.0,1.0
2015-04-29 11:29:00,2385.0,0.0
2015-04-29 14:59:00,2340.0,0.0
2015-04-30 09:29:00,2371.0,1.0
2015-04-30 14:59:00,2365.0,1.0
2015-05-04 09:29:00,2380.0,3.0
2015-05-04 10:14:00,2397.0,5.0
2015-05-04 10:59:00,2416.0,7.0
2015-05-04 11:29:00,2411.0,8.0
2015-05-04 14:59:00,2413.0,8.0
2015-05-05 10:59:00,2420.0,9.0
2015-05-05 14:59:00,2430.0,9.0
2015-05-06 14:29:00,2431.0,7.0
2015-05-06 14:59:00,2432.0,6.0
2015-05-07 09:29:00,2412.0,5.0
2015-05-07 10:59:00,2407.0,2.0
2015-05-07 11:29:00,2407.0,1.0
2015-05-07 14:59:00,2409.0,1.0
2015-05-08 09:59:00,2407.0,2.0
2015-05-08 10:59:00,2418.0,4.0
2015-05-08 14:59:00,2414.0,4.0
2015-05-11 11:29:00,2424.0,5.0
2015-05-11 14:29:00,2424.0,6.0
2015-05-11 14:59:00,2422.0,6.0
2015-05-12 09:29:00,2395.0,5.0
2015-05-12 11:29:00,2400.0,3.0
2015-05-12 14:29:00,2395.0,-1.0
2015-05-12 14:59:00,2393.0,-1.0
2015-05-13 09:29:00,2399.0,0.0
2015-05-13 10:59:00,2407.0,2.0
2015-05-13 11:29:00,2392.0,0.0
2015-05-13 14:59:00,2386.0,0.0
2015-05-14 09:29:00,2365.0,-4.0
2015-05-14 10:14:00,2365.0,-7.0
2015-05-14 11:29:00,2353.0,-9.0
2015-05-14 14:59:00,2367.0,-9.0
2015-05-15 11:29:00,2363.0,-8.0
2015-05-15 13:59:00,2363.0,-7.0
2015-05-15 14:29:00,2370.0,-5.0
2015-05-15 14:59:00,2376.0,-5.0
2015-05-18 14:59:00,2356.0,-5.0
2015-05-19 09:59:00,2350.0,-7.0
2015-05-19 14:59:00,2350.0,-7.0
2015-05-20 09:29:00,2330.0,-9.0
2015-05-20 11:29:00,2328.0,-10.0
2015-05-20 14:59:00,2320.0,-9.0
2015-05-21 10:14:00,2342.0,-5.0
2015-05-21 10:59:00,2343.0,-4.0
2015-05-21 11:29:00,2352.0,-2.0
2015-05-21 14:59:00,2350.0,-2.0
2015-05-22 14:59:00,2357.0,-2.0
2015-05-25 14:59:00,2354.0,-2.0
2015-05-26 09:59:00,2373.0,4.0
2015-05-26 10:59:00,2379.0,6.0
2015-05-26 14:59:00,2359.0,0.0
2015-05-27 09:29:00,2365.0,-1.0
2015-05-27 09:59:00,2358.0,-3.0
2015-05-27 10:14:00,2361.0,-4.0
2015-05-27 14:59:00,2363.0,-4.0
2015-05-28 09:29:00,2376.0,0.0
2015-05-28 13:59:00,2356.0,-1.0
2015-05-28 14:59:00,2364.0,0.0
2015-05-29 09:29:00,2348.0,-5.0
2015-05-29 10:14:00,2361.0,0.0
2015-05-29 14:59:00,2370.0,0.0
2015-06-01 13:59:00,2372.0,4.0
2015-06-01 14:59:00,2383.0,4.0
2015-06-02 09:59:00,2381.0,5.0
2015-06-02 14:59:00,2386.0,5.0
2015-06-03 10:59:00,2370.0,4.0
2015-06-03 14:29:00,2369.0,1.0
2015-06-03 14:59:00,2360.0,0.0
2015-06-04 09:29:00,2350.0,-8.0
2015-06-04 10:59:00,2360.0,0.0
2015-06-04 14:59:00,2367.0,2.0
2015-06-05 09:29:00,2355.0,0.0
2015-06-05 10:59:00,2348.0,-2.0
2015-06-05 11:29:00,2343.0,-3.0
2015-06-05 14:59:00,2352.0,-3.0
2015-06-08 14:59:00,2344.0,-3.0
2015-06-09 09:59:00,2362.0,2.0
2015-06-09 10:14:00,2358.0,0.0
2015-06-09 10:59:00,2361.0,2.0
2015-06-09 11:29:00,2358.0,0.0
2015-06-09 14:59:00,2346.0,-2.0
2015-06-10 14:59:00,2347.0,-2.0
2015-06-11 13:59:00,2364.0,6.0
2015-06-11 14:59:00,2364.0,6.0
2015-06-12 09:29:00,2334.0,-4.0
2015-06-12 09:59:00,2328.0,-7.0
2015-06-12 13:59:00,2321.0,-10.0
2015-06-12 14:29:00,2322.0,-11.0
2015-06-12 14:59:00,2309.0,-11.0
2015-06-15 14:59:00,2291.0,-11.0
2015-06-16 09:59:00,2297.0,-10.0
2015-06-16 14:59:00,2256.0,-10.0
2015-06-17 14:29:00,2241.0,-8.0
2015-06-17 14:59:00,2234.0,-8.0
2015-06-18 09:29:00,2253.0,-6.0
2015-06-18 09:59:00,2256.0,-4.0
2015-06-18 11:29:00,2258.0,-2.0
2015-06-18 13:59:00,2257.0,0.0
2015-06-18 14:59:00,2256.0,0.0
2015-06-19 14:59:00,2257.0,0.0
2015-06-23 09:59:00,2243.0,-2.0
2015-06-23 14:59:00,2251.0,-2.0
2015-06-24 13:59:00,2256.0,0.0
2015-06-24 14:59:00,2254.0,0.0
2015-06-25 09:29:00,2240.0,-1.0
2015-06-25 10:14:00,2241.0,-2.0
2015-06-25 14:29:00,2235.0,-3.0
2015-06-25 14:59:00,2232.0,-3.0
2015-06-26 09:29:00,2248.0,-2.0
2015-06-26 14:59:00,2230.0,-2.0
2015-06-29 14:29:00,2216.0,-4.0
2015-06-29 14:59:00,2201.0,-5.0
2015-06-30 09:29:00,2125.0,-7.0
2015-06-30 09:59:00,2133.0,-8.0
2015-06-30 10:59:00,2128.0,-9.0
2015-06-30 13:59:00,2161.0,-8.0
2015-06-30 14:59:00,2158.0,-6.0
2015-07-01 10:14:00,2155.0,-4.0
2015-07-01 13:59:00,2160.0,-2.0
2015-07-01 14:59:00,2151.0,-1.0
2015-07-02 14:59:00,2158.0,-1.0
2015-07-03 14:59:00,2153.0,-2.0
2015-07-06 09:29:00,2096.0,-4.0
2015-07-06 09:59:00,2062.0,-5.0
2015-07-06 10:14:00,2057.0,-8.0
2015-07-06 10:59:00,2060.0,-10.0
2015-07-06 11:29:00,2058.0,-11.0
2015-07-06 14:59:00,2057.0,-11.0
2015-07-07 14:59:00,1972.0,-11.0
2015-07-08 10:14:00,1961.0,-9.0
2015-07-08 14:59:00,1911.0,-9.0
2015-07-09 09:29:00,1973.0,-5.0
2015-07-09 09:59:00,1999.0,-3.0
2015-07-09 13:59:00,2043.0,0.0
2015-07-09 14:59:00,2026.0,0.0
2015-07-10 14:59:00,2036.0,0.0
2015-07-13 13:59:00,2030.0,-2.0
2015-07-13 14:29:00,2022.0,-3.0
2015-07-13 14:59:00,2033.0,-3.0
2015-07-14 14:59:00,2035.0,-3.0
2015-07-15 10:14:00,2027.0,-4.0
2015-07-15 14:59:00,2017.0,-4.0
2015-07-16 09:29:00,1991.0,-5.0
2015-07-16 11:29:00,2033.0,-1.0
2015-07-16 14:59:00,2028.0,-1.0
2015-07-17 10:14:00,2026.0,0.0
2015-07-17 14:59:00,2032.0,0.0
2015-07-20 09:29:00,2077.0,5.0
2015-07-20 10:14:00,2070.0,7.0
2015-07-20 10:59:00,2068.0,8.0
2015-07-20 14:59:00,2096.0,8.0
2015-07-21 10:59:00,2073.0,6.0
2015-07-21 14:59:00,2069.0,6.0
2015-07-22 09:29:00,2065.0,4.0
2015-07-22 10:14:00,2063.0,3.0
2015-07-22 10:59:00,2052.0,1.0
2015-07-22 13:59:00,2019.0,-6.0
2015-07-22 14:59:00,2021.0,-6.0
2015-07-23 11:29:00,2041.0,0.0
2015-07-23 14:59:00,2037.0,0.0
2015-07-24 11:29:00,2044.0,3.0
2015-07-24 14:29:00,2032.0,0.0
2015-07-24 14:59:00,2028.0,0.0
2015-07-27 09:29:00,2058.0,2.0
2015-07-27 09:59:00,2061.0,3.0
2015-07-27 10:59:00,2063.0,5.0
2015-07-27 14:59:00,2060.0,5.0
2015-07-28 10:59:00,2076.0,7.0
2015-07-28 14:59:00,2060.0,5.0
2015-07-29 09:29:00,2104.0,7.0
2015-07-29 11:29:00,2086.0,6.0
2015-07-29 14:59:00,2104.0,6.0
2015-07-30 09:59:00,2099.0,7.0
2015-07-30 10:59:00,2092.0,5.0
2015-07-30 14:29:00,2086.0,3.0
2015-07-30 14:59:00,2083.0,3.0
2015-07-31 14:59:00,2101.0,3.0
2015-08-03 14:59:00,2088.0,3.0
2015-08-04 14:59:00,2105.0,3.0
2015-08-05 14:59:00,2105.0,5.0
2015-08-06 10:59:00,2087.0,3.0
2015-08-06 14:59:00,2086.0,3.0
2015-08-07 09:59:00,2073.0,-3.0
2015-08-07 10:59:00,2069.0,-6.0
2015-08-07 14:59:00,2072.0,-6.0
2015-08-10 14:59:00,2054.0,-6.0
2015-08-11 09:29:00,2070.0,-3.0
2015-08-11 14:59:00,2056.0,-5.0
2015-08-12 14:29:00,2075.0,-2.0
2015-08-12 14:59:00,2076.0,-2.0
2015-08-13 09:29:00,2085.0,3.0
2015-08-13 09:59:00,2095.0,10.0
2015-08-13 14:59:00,2098.0,10.0
2015-08-14 13:59:00,2090.0,8.0
2015-08-14 14:59:00,2091.0,8.0
2015-08-17 09:29:00,2076.0,-5.0
2015-08-17 09:59:00,2067.0,-7.0
2015-08-17 10:14:00,2069.0,-9.0
2015-08-17 10:59:00,2070.0,-10.0
2015-08-17 13:59:00,2077.0,-11.0
2015-08-17 14:59:00,2066.0,-11.0
2015-08-18 14:59:00,2056.0,-11.0
2015-08-19 14:59:00,2050.0,-11.0
2015-08-20 11:29:00,2037.0,-10.0
2015-08-20 13:59:00,2038.0,-7.0
2015-08-20 14:59:00,2032.0,-7.0
2015-08-21 14:59:00,2025.0,-7.0
2015-08-24 09:29:00,1984.0,-9.0
2015-08-24 09:59:00,1978.0,-10.0
2015-08-24 10:14:00,1962.0,-11.0
2015-08-24 13:59:00,1950.0,-10.0
2015-08-24 14:59:00,1938.0,-10.0
2015-08-25 10:14:00,1966.0,-8.0
2015-08-25 10:59:00,1961.0,-6.0
2015-08-25 14:59:00,1938.0,-6.0
2015-08-26 09:29:00,1959.0,-5.0
2015-08-26 10:14:00,1954.0,-4.0
2015-08-26 14:59:00,1942.0,-4.0
2015-08-27 09:29:00,1973.0,-3.0
2015-08-27 14:59:00,1971.0,-3.0
2015-08-28 14:59:00,1978.0,-3.0
2015-08-31 09:29:00,1958.0,-7.0
2015-08-31 09:59:00,1964.0,-8.0
2015-08-31 14:59:00,1954.0,-8.0
2015-09-01 14:59:00,1964.0,-8.0
2015-09-02 10:14:00,1956.0,-6.0
2015-09-02 14:59:00,1956.0,-6.0
2015-09-07 14:59:00,1922.0,-6.0
2015-09-08 10:59:00,1927.0,-5.0
2015-09-08 11:29:00,1924.0,-4.0
2015-09-08 14:29:00,1939.0,-2.0
2015-09-08 14:59:00,1950.0,0.0
2015-09-09 09:59:00,1970.0,6.0
2015-09-09 10:59:00,1977.0,10.0
2015-09-09 11:29:00,1962.0,0.0
2015-09-09 14:59:00,1951.0,-2.0
2015-09-10 09:29:00,1945.0,-3.0
2015-09-10 13:59:00,1965.0,0.0
2015-09-10 14:59:00,1959.0,0.0
2015-09-11 13:59:00,1954.0,-1.0
2015-09-11 14:59:00,1948.0,-3.0
2015-09-14 10:14:00,1938.0,-6.0
2015-09-14 10:59:00,1938.0,-8.0
2015-09-14 14:59:00,1934.0,-8.0
2015-09-15 14:59:00,1915.0,-9.0
2015-09-16 09:29:00,1934.0,-8.0
2015-09-16 09:59:00,1933.0,-6.0
2015-09-16 10:59:00,1930.0,-5.0
2015-09-16 14:59:00,1938.0,-4.0
2015-09-17 14:29:00,1948.0,2.0
2015-09-17 14:59:00,1931.0,-1.0
2015-09-18 10:59:00,1930.0,-3.0
2015-09-18 11:29:00,1930.0,-4.0
2015-09-18 13:59:00,1926.0,-6.0
2015-09-18 14:59:00,1927.0,-6.0
2015-09-21 09:29:00,1921.0,-7.0
2015-09-21 09:59:00,1915.0,-8.0
2015-09-21 10:59:00,1907.0,-10.0
2015-09-21 13:59:00,1902.0,-11.0
2015-09-21 14:59:00,1909.0,-11.0
2015-09-22 14:59:00,1896.0,-11.0
2015-09-23 09:29:00,1891.0,-9.0
2015-09-23 10:59:00,1897.0,-8.0
2015-09-23 13:59:00,1895.0,-7.0
2015-09-23 14:29:00,1904.0,-4.0
2015-09-23 14:59:00,1906.0,-3.0
2015-09-24 14:59:00,1896.0,-3.0
2015-09-25 14:29:00,1896.0,-5.0
2015-09-25 14:59:00,1893.0,-5.0
2015-09-28 09:29:00,1882.0,-6.0
2015-09-28 09:59:00,1877.0,-9.0
2015-09-28 10:14:00,1877.0,-10.0
2015-09-28 10:59:00,1872.0,-11.0
2015-09-28 14:59:00,1862.0,-11.0
2015-09-29 14:59:00,1836.0,-11.0
2015-09-30 10:14:00,1832.0,-9.0
2015-09-30 14:59:00,1826.0,-8.0
2015-10-08 09:59:00,1833.0,-5.0
2015-10-08 10:59:00,1844.0,-3.0
2015-10-08 14:59:00,1833.0,-3.0
2015-10-09 14:29:00,1865.0,-2.0
2015-10-09 14:59:00,1860.0,-2.0
2015-10-12 10:14:00,1869.0,0.0
2015-10-12 14:59:00,1855.0,-2.0
2015-10-13 09:29:00,1834.0,-5.0
2015-10-13 09:59:00,1833.0,-7.0
2015-10-13 10:59:00,1831.0,-8.0
2015-10-13 11:29:00,1845.0,-7.0
2015-10-13 14:59:00,1846.0,-5.0
2015-10-14 14:59:00,1837.0,-5.0
2015-10-15 11:29:00,1843.0,-4.0
2015-10-15 14:59:00,1841.0,-4.0
2015-10-16 09:29:00,1832.0,-6.0
2015-10-16 14:59:00,1836.0,-6.0
2015-10-19 13:59:00,1817.0,-8.0
2015-10-19 14:59:00,1815.0,-8.0
2015-10-20 09:29:00,1820.0,-7.0
2015-10-20 14:59:00,1809.0,-7.0
2015-10-21 11:29:00,1807.0,-5.0
2015-10-21 14:29:00,1812.0,-4.0
2015-10-21 14:59:00,1808.0,-4.0
2015-10-22 09:29:00,1813.0,-3.0
2015-10-22 14:59:00,1806.0,-3.0
2015-10-23 13:59:00,1789.0,-5.0
2015-10-23 14:59:00,1802.0,-5.0
2015-10-26 09:59:00,1798.0,-3.0
2015-10-26 10:14:00,1797.0,-1.0
2015-10-26 14:59:00,1797.0,-1.0
2015-10-27 14:59:00,1803.0,-1.0
2015-10-28 09:29:00,1798.0,-3.0
2015-10-28 14:29:00,1791.0,-4.0
2015-10-28 14:59:00,1794.0,-4.0
2015-10-29 14:59:00,1797.0,-4.0
2015-10-30 13:59:00,1791.0,-5.0
2015-10-30 14:59:00,1788.0,-5.0
2015-11-02 13:59:00,1794.0,-4.0
2015-11-02 14:29:00,1793.0,-2.0
2015-11-02 14:59:00,1792.0,-2.0
2015-11-03 09:29:00,1784.0,-3.0
2015-11-03 09:59:00,1782.0,-5.0
2015-11-03 10:14:00,1782.0,-7.0
2015-11-03 14:59:00,1778.0,-7.0
2015-11-04 14:59:00,1780.0,-7.0
2015-11-05 09:59:00,1781.0,-6.0
2015-11-05 14:29:00,1775.0,-8.0
2015-11-05 14:59:00,1777.0,-8.0
2015-11-06 09:29:00,1781.0,-6.0
2015-11-06 10:14:00,1781.0,0.0
2015-11-06 14:59:00,1788.0,0.0
2015-11-09 09:29:00,1794.0,5.0
2015-11-09 14:59:00,1796.0,5.0
2015-11-10 11:29:00,1792.0,4.0
2015-11-10 13:59:00,1787.0,-4.0
2015-11-10 14:29:00,1786.0,-5.0
2015-11-10 14:59:00,1790.0,-5.0
2015-11-11 09:29:00,1779.0,-8.0
2015-11-11 09:59:00,1778.0,-9.0
2015-11-11 13:59:00,1773.0,-11.0
2015-11-11 14:59:00,1771.0,-11.0
2015-11-12 14:59:00,1763.0,-11.0
2015-11-13 09:29:00,1762.0,-9.0
2015-11-13 10:14:00,1767.0,-8.0
2015-11-13 10:59:00,1766.0,-7.0
2015-11-13 14:59:00,1760.0,-7.0
2015-11-16 09:29:00,1767.0,-6.0
2015-11-16 14:59:00,1757.0,-8.0
2015-11-17 14:59:00,1754.0,-8.0
2015-11-18 09:29:00,1747.0,-10.0
2015-11-18 11:29:00,1738.0,-11.0
2015-11-18 14:59:00,1736.0,-11.0
2015-11-19 13:59:00,1707.0,-10.0
2015-11-19 14:59:00,1707.0,-8.0
2015-11-20 09:59:00,1707.0,-6.0
2015-11-20 11:29:00,1700.0,-5.0
2015-11-20 13:59:00,1703.0,-4.0
2015-11-20 14:59:00,1697.0,-4.0
2015-11-23 10:59:00,1664.0,-6.0
2015-11-23 14:59:00,1659.0,-6.0
2015-11-24 10:14:00,1663.0,-4.0
2015-11-24 14:59:00,1669.0,-2.0
2015-11-25 14:59:00,1674.0,-2.0
2015-11-26 14:59:00,1677.0,-5.0
2015-11-27 10:14:00,1665.0,-7.0
2015-11-27 10:59:00,1661.0,-9.0
2015-11-27 11:29:00,1659.0,-10.0
2015-11-27 14:59:00,1656.0,-10.0
2015-11-30 10:59:00,1626.0,-11.0
2015-11-30 14:59:00,1624.0,-11.0
2015-12-01 09:59:00,1630.0,-9.0
2015-12-01 14:59:00,1629.0,-8.0
2015-12-02 09:29:00,1656.0,-4.0
2015-12-02 09:59:00,1665.0,-2.0
2015-12-02 10:14:00,1661.0,0.0
2015-12-02 14:59:00,1655.0,0.0
2015-12-03 13:59:00,1634.0,-2.0
2015-12-03 14:59:00,1631.0,-2.0
2015-12-04 09:59:00,1631.0,-3.0
2015-12-04 13:59:00,1648.0,-1.0
2015-12-04 14:59:00,1642.0,-1.0
2015-12-07 11:29:00,1660.0,0.0
2015-12-07 14:59:00,1662.0,2.0
2015-12-08 09:29:00,1647.0,-1.0
2015-12-08 14:29:00,1647.0,-2.0
2015-12-08 14:59:00,1649.0,-2.0
2015-12-09 09:29:00,1657.0,0.0
2015-12-09 10:59:00,1650.0,-2.0
2015-12-09 13:59:00,1650.0,-3.0
2015-12-09 14:59:00,1651.0,-3.0
2015-12-10 09:29:00,1641.0,-4.0
2015-12-10 14:59:00,1642.0,-4.0
2015-12-11 14:29:00,1651.0,2.0
2015-12-11 14:59:00,1652.0,2.0
2015-12-14 09:29:00,1648.0,0.0
2015-12-14 10:59:00,1660.0,5.0
2015-12-14 14:59:00,1660.0,5.0
2015-12-15 09:29:00,1680.0,10.0
2015-12-15 09:59:00,1673.0,11.0
2015-12-15 11:29:00,1661.0,10.0
2015-12-15 14:29:00,1658.0,8.0
2015-12-15 14:59:00,1656.0,6.0
2015-12-16 09:59:00,1663.0,5.0
2015-12-16 14:59:00,1671.0,5.0
2015-12-17 09:29:00,1687.0,7.0
2015-12-17 09:59:00,1694.0,9.0
2015-12-17 14:59:00,1679.0,9.0
2015-12-18 14:29:00,1709.0,10.0
2015-12-18 14:59:00,1713.0,10.0
2015-12-21 09:29:00,1737.0,11.0
2015-12-21 14:59:00,1752.0,11.0
2015-12-22 09:29:00,1746.0,9.0
2015-12-22 09:59:00,1738.0,8.0
2015-12-22 10:14:00,1732.0,4.0
2015-12-22 10:59:00,1728.0,3.0
2015-12-22 11:29:00,1731.0,2.0
2015-12-22 14:59:00,1737.0,2.0
2015-12-23 14:59:00,1723.0,2.0
2015-12-24 09:29:00,1741.0,4.0
2015-12-24 14:59:00,1731.0,4.0
2015-12-25 14:59:00,1742.0,6.0
2015-12-28 10:59:00,1732.0,5.0
2015-12-28 14:29:00,1749.0,6.0
2015-12-28 14:59:00,1745.0,6.0
2015-12-29 10:59:00,1771.0,7.0
2015-12-29 13:59:00,1788.0,9.0
2015-12-29 14:29:00,1786.0,10.0
2015-12-29 14:59:00,1784.0,10.0
2015-12-30 14:29:00,1776.0,6.0
2015-12-30 14:59:00,1783.0,6.0
2015-12-31 13:59:00,1794.0,5.0
2015-12-31 14:59:00,1786.0,3.0
2016-01-04 09:29:00,1810.0,4.0
2016-01-04 14:29:00,1778.0,2.0
2016-01-04 14:59:00,1779.0,0.0
2016-01-05 14:29:00,1785.0,2.0
2016-01-05 14:59:00,1790.0,2.0
2016-01-06 14:59:00,1777.0,2.0
2016-01-07 10:14:00,1778.0,3.0
2016-01-07 11:29:00,1779.0,4.0
2016-01-07 14:59:00,1775.0,4.0
2016-01-08 14:29:00,1761.0,0.0
2016-01-08 14:59:00,1761.0,0.0
2016-01-11 09:59:00,1766.0,2.0
2016-01-11 10:14:00,1770.0,3.0
2016-01-11 10:59:00,1765.0,0.0
2016-01-11 11:29:00,1767.0,2.0
2016-01-11 13:59:00,1765.0,0.0
2016-01-11 14:29:00,1767.0,2.0
2016-01-11 14:59:00,1759.0,-1.0
2016-01-12 09:29:00,1751.0,-3.0
2016-01-12 09:59:00,1756.0,-2.0
2016-01-12 10:59:00,1751.0,-4.0
2016-01-12 11:29:00,1746.0,-5.0
2016-01-12 14:59:00,1741.0,-5.0
2016-01-13 09:29:00,1743.0,-6.0
2016-01-13 09:59:00,1740.0,-7.0
2016-01-13 14:59:00,1741.0,-7.0
2016-01-14 09:59:00,1745.0,-5.0
2016-01-14 10:14:00,1746.0,-3.0
2016-01-14 13:59:00,1749.0,0.0
2016-01-14 14:59:00,1759.0,0.0
2016-01-15 09:29:00,1776.0,9.0
2016-01-15 10:59:00,1783.0,11.0
2016-01-15 14:59:00,1778.0,11.0
2016-01-18 13:59:00,1817.0,10.0
2016-01-18 14:59:00,1827.0,10.0
2016-01-19 09:59:00,1825.0,8.0
2016-01-19 10:59:00,1821.0,7.0
2016-01-19 11:29:00,1822.0,6.0
2016-01-19 14:59:00,1840.0,6.0
2016-01-20 10:59:00,1824.0,4.0
2016-01-20 14:59:00,1818.0,4.0
2016-01-21 10:14:00,1821.0,6.0
2016-01-21 14:59:00,1808.0,3.0
2016-01-22 09:29:00,1841.0,4.0
2016-01-22 13:59:00,1834.0,5.0
2016-01-22 14:59:00,1823.0,5.0
2016-01-25 09:59:00,1844.0,6.0
2016-01-25 14:59:00,1839.0,6.0
2016-01-26 11:29:00,1844.0,8.0
2016-01-26 13:59:00,1840.0,7.0
2016-01-26 14:59:00,1844.0,7.0
2016-01-27 10:14:00,1860.0,8.0
2016-01-27 14:59:00,1861.0,6.0
2016-01-28 09:29:00,1846.0,5.0
2016-01-28 09:59:00,1846.0,4.0
2016-01-28 10:14:00,1843.0,3.0
2016-01-28 11:29:00,1838.0,2.0
2016-01-28 13:59:00,1830.0,0.0
2016-01-28 14:59:00,1815.0,0.0
2016-01-29 10:59:00,1812.0,-4.0
2016-01-29 14:29:00,1817.0,0.0
2016-01-29 14:59:00,1814.0,-2.0
2016-02-01 09:29:00,1835.0,3.0
2016-02-01 10:14:00,1831.0,4.0
2016-02-01 10:59:00,1832.0,5.0
2016-02-01 13:59:00,1819.0,0.0
2016-02-01 14:59:00,1819.0,0.0
2016-02-02 14:59:00,1815.0,0.0
2016-02-03 14:59:00,1825.0,0.0
2016-02-04 09:29:00,1851.0,8.0
2016-02-04 09:59:00,1846.0,9.0
2016-02-04 14:59:00,1850.0,9.0
2016-02-05 09:29:00,1840.0,8.0
2016-02-05 11:29:00,1832.0,5.0
2016-02-05 13:59:00,1831.0,-4.0
2016-02-05 14:29:00,1835.0,0.0
2016-02-05 14:59:00,1842.0,0.0
2016-02-15 10:14:00,1851.0,2.0
2016-02-15 10:59:00,1857.0,3.0
2016-02-15 11:29:00,1859.0,6.0
2016-02-15 13:59:00,1877.0,8.0
2016-02-15 14:59:00,1871.0,8.0
2016-02-16 11:29:00,1866.0,6.0
2016-02-16 14:59:00,1864.0,6.0
2016-02-17 14:59:00,1860.0,6.0
2016-02-18 14:59:00,1868.0,8.0
2016-02-19 10:59:00,1878.0,9.0
2016-02-19 11:29:00,1884.0,10.0
2016-02-19 14:29:00,1885.0,11.0
2016-02-19 14:59:00,1889.0,11.0
2016-02-22 11:29:00,1919.0,10.0
2016-02-22 14:59:00,1948.0,10.0
2016-02-23 09:59:00,1922.0,8.0
2016-02-23 10:59:00,1924.0,6.0
2016-02-23 11:29:00,1916.0,5.0
2016-02-23 13:59:00,1920.0,4.0
2016-02-23 14:29:00,1915.0,3.0
2016-02-23 14:59:00,1920.0,3.0
2016-02-24 14:59:00,1919.0,3.0
2016-02-25 09:29:00,1945.0,5.0
2016-02-25 14:29:00,1914.0,4.0
2016-02-25 14:59:00,1916.0,4.0
2016-02-26 09:29:00,1903.0,2.0
2016-02-26 14:59:00,1909.0,2.0
2016-02-29 10:14:00,1930.0,3.0
2016-02-29 10:59:00,1933.0,4.0
2016-02-29 13:59:00,1933.0,5.0
2016-02-29 14:29:00,1934.0,6.0
2016-02-29 14:59:00,1952.0,8.0
2016-03-01 09:59:00,1964.0,10.0
2016-03-01 14:59:00,1977.0,10.0
2016-03-02 11:29:00,1990.0,8.0
2016-03-02 14:59:00,1986.0,8.0
2016-03-03 09:59:00,1982.0,7.0
2016-03-03 10:59:00,1976.0,6.0
2016-03-03 11:29:00,1971.0,5.0
2016-03-03 13:59:00,1967.0,3.0
2016-03-03 14:59:00,1967.0,3.0
2016-03-04 14:59:00,1990.0,3.0
2016-03-07 09:29:00,2072.0,9.0
2016-03-07 10:14:00,2072.0,10.0
2016-03-07 14:59:00,2072.0,10.0
2016-03-08 10:14:00,2142.0,6.0
2016-03-08 10:59:00,2084.0,5.0
2016-03-08 14:59:00,2192.0,5.0
2016-03-09 09:29:00,2065.0,3.0
2016-03-09 09:59:00,2063.0,1.0
2016-03-09 10:59:00,2055.0,0.0
2016-03-09 14:59:00,2080.0,0.0
2016-03-10 14:59:00,2106.0,0.0
2016-03-11 14:59:00,2049.0,0.0
2016-03-14 14:59:00,2005.0,-4.0
2016-03-15 09:29:00,2023.0,0.0
2016-03-15 09:59:00,2013.0,-3.0
2016-03-15 10:14:00,2001.0,-7.0
2016-03-15 14:59:00,1988.0,-7.0
2016-03-16 09:59:00,2020.0,-4.0
2016-03-16 14:59:00,2026.0,-4.0
2016-03-17 09:29:00,2061.0,5.0
2016-03-17 09:59:00,2068.0,8.0
2016-03-17 14:59:00,2095.0,8.0
2016-03-18 14:59:00,2128.0,5.0
2016-03-21 10:59:00,2211.0,6.0
2016-03-21 14:59:00,2156.0,4.0
2016-03-22 13:59:00,2177.0,3.0
2016-03-22 14:59:00,2170.0,3.0
2016-03-23 09:29:00,2246.0,5.0
2016-03-23 14:59:00,2210.0,5.0
2016-03-24 09:29:00,2156.0,0.0
2016-03-24 14:59:00,2145.0,0.0
2016-03-25 14:59:00,2213.0,0.0
2016-03-28 09:29:00,2222.0,2.0
2016-03-28 09:59:00,2213.0,3.0
2016-03-28 10:14:00,2217.0,7.0
2016-03-28 14:59:00,2163.0,3.0
2016-03-29 09:29:00,2175.0,1.0
2016-03-29 10:14:00,2177.0,0.0
2016-03-29 14:59:00,2183.0,0.0
2016-03-30 10:59:00,2131.0,-3.0
2016-03-30 14:59:00,2134.0,-3.0
2016-03-31 13:59:00,2136.0,-2.0
2016-03-31 14:59:00,2150.0,1.0
2016-04-01 09:29:00,2171.0,3.0
2016-04-01 10:14:00,2184.0,9.0
2016-04-01 13:59:00,2177.0,8.0
2016-04-01 14:29:00,2196.0,10.0
2016-04-01 14:59:00,2203.0,11.0
2016-04-05 09:59:00,2170.0,10.0
2016-04-05 14:59:00,2205.0,10.0
2016-04-06 11:29:00,2191.0,7.0
2016-04-06 14:59:00,2193.0,7.0
2016-04-07 14:59:00,2201.0,7.0
2016-04-08 14:59:00,2207.0,7.0
2016-04-11 09:29:00,2277.0,11.0
2016-04-11 11:29:00,2297.0,10.0
2016-04-11 14:59:00,2299.0,10.0
2016-04-12 14:59:00,2344.0,10.0
2016-04-13 11:29:00,2357.0,9.0
2016-04-13 14:59:00,2352.0,6.0
2016-04-14 10:59:00,2356.0,3.0
2016-04-14 13:59:00,2323.0,2.0
2016-04-14 14:29:00,2323.0,0.0
2016-04-14 14:59:00,2322.0,0.0
2016-04-15 14:59:00,2297.0,0.0
2016-04-18 09:29:00,2365.0,3.0
2016-04-18 11:29:00,2377.0,4.0
2016-04-18 14:29:00,2395.0,7.0
2016-04-18 14:59:00,2387.0,7.0
2016-04-19 09:29:00,2427.0,8.0
2016-04-19 09:59:00,2435.0,9.0
2016-04-19 14:59:00,2492.0,9.0
2016-04-20 09:29:00,2558.0,11.0
2016-04-20 13:59:00,2558.0,10.0
2016-04-20 14:59:00,2590.0,10.0
2016-04-21 09:29:00,2719.0,11.0
2016-04-21 09:59:00,2678.0,10.0
2016-04-21 14:59:00,2747.0,8.0
2016-04-22 09:29:00,2657.0,5.0
2016-04-22 10:14:00,2705.0,3.0
2016-04-22 14:29:00,2619.0,1.0
2016-04-22 14:59:00,2615.0,0.0
2016-04-25 14:59:00,2636.0,0.0
2016-04-26 14:59:00,2548.0,0.0
2016-04-27 11:29:00,2466.0,-6.0
2016-04-27 13:59:00,2461.0,-7.0
2016-04-27 14:29:00,2490.0,0.0
2016-04-27 14:59:00,2493.0,0.0
2016-04-28 09:59:00,2518.0,1.0
2016-04-28 10:14:00,2512.0,4.0
2016-04-28 14:59:00,2530.0,4.0
2016-04-29 14:59:00,2571.0,4.0
2016-05-03 09:29:00,2481.0,-1.0
2016-05-03 09:59:00,2456.0,-5.0
2016-05-03 11:29:00,2448.0,-8.0
2016-05-03 14:59:00,2442.0,-9.0
2016-05-04 10:59:00,2358.0,-10.0
2016-05-04 11:29:00,2366.0,-11.0
2016-05-04 14:59:00,2371.0,-11.0
2016-05-05 14:59:00,2298.0,-11.0
2016-05-06 09:59:00,2303.0,-9.0
2016-05-06 11:29:00,2308.0,-7.0
2016-05-06 14:29:00,2323.0,-6.0
2016-05-06 14:59:00,2326.0,-4.0
2016-05-09 09:29:00,2195.0,-5.0
2016-05-09 09:59:00,2175.0,-7.0
2016-05-09 10:59:00,2165.0,-8.0
2016-05-09 13:59:00,2165.0,-10.0
2016-05-09 14:59:00,2165.0,-10.0
2016-05-10 10:14:00,2104.0,-11.0
2016-05-10 11:29:00,2129.0,-10.0
2016-05-10 13:59:00,2138.0,-7.0
2016-05-10 14:29:00,2143.0,-5.0
2016-05-10 14:59:00,2138.0,-5.0
2016-05-11 10:14:00,2122.0,-3.0
2016-05-11 14:59:00,2139.0,-3.0
2016-05-12 14:59:00,2069.0,-5.0
2016-05-13 09:59:00,2026.0,-6.0
2016-05-13 10:59:00,2004.0,-9.0
2016-05-13 14:59:00,2024.0,-9.0
2016-05-16 09:29:00,2047.0,-4.0
2016-05-16 10:14:00,2059.0,-3.0
2016-05-16 14:59:00,2046.0,-3.0
2016-05-17 10:14:00,2046.0,-2.0
2016-05-17 14:59:00,2105.0,-2.0
2016-05-18 09:29:00,2104.0,0.0
2016-05-18 11:29:00,2067.0,-1.0
2016-05-18 14:59:00,2047.0,-2.0
2016-05-19 10:59:00,2039.0,-3.0
2016-05-19 14:59:00,2036.0,-6.0
2016-05-20 14:59:00,2055.0,-6.0
2016-05-23 10:59:00,1951.0,-8.0
2016-05-23 14:29:00,1923.0,-9.0
2016-05-23 14:59:00,1942.0,-8.0
2016-05-24 11:29:00,1937.0,-6.0
2016-05-24 14:59:00,1950.0,-5.0
2016-05-25 09:29:00,1949.0,-3.0
2016-05-25 10:59:00,1934.0,-2.0
2016-05-25 14:59:00,1912.0,-2.0
2016-05-26 14:59:00,1946.0,-2.0
2016-05-27 11:29:00,1991.0,-1.0
2016-05-27 14:29:00,2030.0,6.0
2016-05-27 14:59:00,2024.0,6.0
2016-05-30 09:29:00,1942.0,-1.0
2016-05-30 14:59:00,1984.0,-1.0
2016-05-31 10:14:00,2004.0,0.0
2016-05-31 10:59:00,1982.0,-1.0
2016-05-31 11:29:00,1989.0,-2.0
2016-05-31 14:29:00,1989.0,-4.0
2016-05-31 14:59:00,1973.0,-4.0
2016-06-01 09:29:00,1949.0,-5.0
2016-06-01 14:59:00,1951.0,-5.0
2016-06-02 14:59:00,1951.0,-5.0
2016-06-03 09:29:00,1987.0,1.0
2016-06-03 09:59:00,1995.0,3.0
2016-06-03 10:14:00,1991.0,4.0
2016-06-03 10:59:00,1992.0,7.0
2016-06-03 11:29:00,1979.0,0.0
2016-06-03 13:59:00,1982.0,1.0
2016-06-03 14:29:00,1973.0,0.0
2016-06-03 14:59:00,1985.0,0.0
2016-06-06 09:29:00,1997.0,1.0
2016-06-06 10:59:00,2027.0,5.0
2016-06-06 11:29:00,2070.0,10.0
2016-06-06 13:59:00,2049.0,8.0
2016-06-06 14:59:00,2054.0,8.0
2016-06-07 10:59:00,2066.0,6.0
2016-06-07 14:59:00,2070.0,6.0
2016-06-08 13:59:00,2084.0,4.0
2016-06-08 14:59:00,2089.0,4.0
2016-06-13 14:29:00,2174.0,5.0
2016-06-13 14:59:00,2156.0,5.0
2016-06-14 09:29:00,2135.0,4.0
2016-06-14 10:14:00,2126.0,2.0
2016-06-14 10:59:00,2099.0,1.0
2016-06-14 11:29:00,2084.0,0.0
2016-06-14 14:59:00,2064.0,0.0
2016-06-15 14:59:00,2058.0,0.0
2016-06-16 14:59:00,2065.0,0.0
2016-06-17 14:59:00,2067.0,3.0
2016-06-20 09:29:00,2067.0,4.0
2016-06-20 10:14:00,2055.0,5.0
2016-06-20 14:29:00,2054.0,3.0
2016-06-20 14:59:00,2055.0,3.0
2016-06-21 09:29:00,2095.0,5.0
2016-06-21 10:14:00,2094.0,7.0
2016-06-21 10:59:00,2086.0,8.0
2016-06-21 14:59:00,2072.0,8.0
2016-06-22 14:59:00,2131.0,8.0
2016-06-23 14:29:00,2127.0,7.0
2016-06-23 14:59:00,2129.0,7.0
2016-06-24 09:29:00,2131.0,6.0
2016-06-24 10:59:00,2119.0,4.0
2016-06-24 14:59:00,2116.0,4.0
2016-06-27 09:59:00,2213.0,6.0
2016-06-27 10:14:00,2211.0,7.0
2016-06-27 11:29:00,2240.0,8.0
2016-06-27 14:29:00,2243.0,9.0
2016-06-27 14:59:00,2256.0,11.0
2016-06-28 09:29:00,2230.0,10.0
2016-06-28 14:59:00,2252.0,10.0
2016-06-29 09:29:00,2252.0,8.0
2016-06-29 10:59:00,2235.0,4.0
2016-06-29 14:59:00,2232.0,4.0
2016-06-30 10:14:00,2308.0,6.0
2016-06-30 14:59:00,2324.0,6.0
2016-07-01 11:29:00,2343.0,7.0
2016-07-01 14:59:00,2334.0,7.0
2016-07-04 09:29:00,2375.0,8.0
2016-07-04 10:14:00,2387.0,7.0
2016-07-04 14:59:00,2408.0,7.0
2016-07-05 09:29:00,2352.0,5.0
2016-07-05 09:59:00,2322.0,3.0
2016-07-05 11:29:00,2353.0,2.0
2016-07-05 14:59:00,2389.0,4.0
2016-07-06 13:59:00,2378.0,5.0
2016-07-06 14:59:00,2361.0,5.0
2016-07-07 10:59:00,2422.0,6.0
2016-07-07 11:29:00,2426.0,7.0
2016-07-07 14:59:00,2369.0,3.0
2016-07-08 14:59:00,2423.0,3.0
2016-07-11 14:59:00,2407.0,3.0
2016-07-12 09:29:00,2450.0,8.0
2016-07-12 09:59:00,2470.0,10.0
2016-07-12 10:59:00,2481.0,11.0
2016-07-12 14:59:00,2529.0,11.0
2016-07-13 14:59:00,2493.0,8.0
2016-07-14 09:29:00,2475.0,2.0
2016-07-14 09:59:00,2477.0,1.0
2016-07-14 14:59:00,2502.0,1.0
2016-07-15 09:29:00,2470.0,0.0
2016-07-15 14:59:00,2504.0,0.0
2016-07-18 10:59:00,2397.0,-10.0
2016-07-18 14:59:00,2342.0,-10.0
2016-07-19 14:59:00,2277.0,-10.0
2016-07-20 09:29:00,2300.0,-7.0
2016-07-20 10:59:00,2273.0,-6.0
2016-07-20 14:59:00,2289.0,-6.0
2016-07-21 10:59:00,2337.0,-3.0
2016-07-21 11:29:00,2354.0,-2.0
2016-07-21 13:59:00,2362.0,0.0
2016-07-21 14:59:00,2374.0,0.0
2016-07-22 09:29:00,2340.0,-1.0
2016-07-22 11:29:00,2288.0,-5.0
2016-07-22 14:59:00,2291.0,-5.0
2016-07-25 09:29:00,2336.0,-2.0
2016-07-25 14:59:00,2320.0,-2.0
2016-07-26 14:59:00,2352.0,-2.0
2016-07-27 09:29:00,2421.0,6.0
2016-07-27 09:59:00,2413.0,7.0
2016-07-27 11:29:00,2372.0,0.0
2016-07-27 14:59:00,2399.0,0.0
2016-07-28 09:59:00,2472.0,2.0
2016-07-28 10:14:00,2461.0,4.0
2016-07-28 10:59:00,2476.0,6.0
2016-07-28 14:59:00,2461.0,6.0
2016-07-29 09:29:00,2443.0,4.0
2016-07-29 09:59:00,2436.0,3.0
