2015-01-05 10:03:00,2567.0,1.0
2015-01-05 10:03:00,2567.0,1.0
2015-01-05 10:04:00,2567.0,3.0
2015-01-05 10:07:00,2566.0,4.0
2015-01-05 10:47:00,2567.0,5.0
2015-01-05 14:59:00,2564.0,5.0
2015-01-06 10:05:00,2621.0,6.0
2015-01-06 10:09:00,2618.0,7.0
2015-01-06 10:11:00,2619.0,8.0
2015-01-06 13:34:00,2627.0,9.0
2015-01-06 14:59:00,2622.0,9.0
2015-01-07 10:09:00,2588.0,7.0
2015-01-07 10:39:00,2585.0,5.0
2015-01-07 10:41:00,2584.0,4.0
2015-01-07 10:45:00,2585.0,2.0
2015-01-07 13:34:00,2584.0,0.0
2015-01-07 14:29:00,2596.0,2.0
2015-01-07 14:34:00,2593.0,0.0
2015-01-07 14:59:00,2589.0,0.0
2015-01-08 10:09:00,2583.0,-1.0
2015-01-08 10:14:00,2582.0,0.0
2015-01-08 11:29:00,2572.0,1.0
2015-01-08 13:33:00,2571.0,-1.0
2015-01-08 13:34:00,2571.0,-3.0
2015-01-08 13:37:00,2572.0,-5.0
2015-01-08 13:49:00,2575.0,-7.0
2015-01-08 14:03:00,2577.0,-9.0
2015-01-08 14:59:00,2583.0,-9.0
2015-01-09 10:09:00,2563.0,-10.0
2015-01-09 10:54:00,2561.0,-12.0
2015-01-09 11:04:00,2560.0,-13.0
2015-01-09 14:59:00,2561.0,-13.0
2015-01-12 11:29:00,2527.0,-15.0
2015-01-12 14:59:00,2505.0,-15.0
2015-01-13 14:59:00,2512.0,-15.0
2015-01-14 14:59:00,2490.0,-15.0
2015-01-15 09:51:00,2487.0,-13.0
2015-01-15 09:55:00,2489.0,-11.0
2015-01-15 10:35:00,2506.0,-9.0
2015-01-15 11:09:00,2506.0,-7.0
2015-01-15 11:11:00,2503.0,-5.0
2015-01-15 11:13:00,2499.0,-3.0
2015-01-15 11:19:00,2498.0,1.0
2015-01-15 13:34:00,2494.0,3.0
2015-01-15 14:24:00,2506.0,2.0
2015-01-15 14:54:00,2518.0,4.0
2015-01-15 14:59:00,2520.0,4.0
2015-01-16 10:09:00,2508.0,2.0
2015-01-16 11:14:00,2506.0,4.0
2015-01-16 14:24:00,2511.0,2.0
2015-01-16 14:34:00,2514.0,4.0
2015-01-16 14:49:00,2511.0,8.0
2015-01-16 14:59:00,2513.0,8.0
2015-01-19 11:07:00,2516.0,10.0
2015-01-19 11:25:00,2509.0,12.0
2015-01-19 14:59:00,2518.0,12.0
2015-01-20 10:09:00,2502.0,6.0
2015-01-20 10:13:00,2500.0,4.0
2015-01-20 10:47:00,2501.0,0.0
2015-01-20 11:09:00,2504.0,-2.0
2015-01-20 13:34:00,2498.0,-4.0
2015-01-20 14:59:00,2490.0,-4.0
2015-01-21 11:02:00,2506.0,-2.0
2015-01-21 11:17:00,2505.0,0.0
2015-01-21 11:21:00,2503.0,2.0
2015-01-21 13:34:00,2508.0,2.0
2015-01-21 13:39:00,2510.0,4.0
2015-01-21 13:59:00,2502.0,2.0
2015-01-21 14:04:00,2495.0,0.0
2015-01-21 14:59:00,2476.0,0.0
2015-01-22 09:32:00,2483.0,-2.0
2015-01-22 09:37:00,2482.0,-4.0
2015-01-22 09:59:00,2484.0,-6.0
2015-01-22 10:03:00,2483.0,-8.0
2015-01-22 10:43:00,2481.0,-10.0
2015-01-22 14:49:00,2482.0,-12.0
2015-01-22 14:59:00,2483.0,-12.0
2015-01-23 14:59:00,2488.0,-12.0
2015-01-26 10:09:00,2481.0,-16.0
2015-01-26 14:59:00,2456.0,-16.0
2015-01-27 10:09:00,2467.0,-14.0
2015-01-27 10:12:00,2465.0,-12.0
2015-01-27 10:14:00,2465.0,-10.0
2015-01-27 10:35:00,2464.0,-8.0
2015-01-27 10:47:00,2464.0,-6.0
2015-01-27 14:53:00,2462.0,-8.0
2015-01-27 14:59:00,2462.0,-8.0
2015-01-28 10:57:00,2469.0,-6.0
2015-01-28 11:17:00,2470.0,-4.0
2015-01-28 13:34:00,2475.0,-2.0
2015-01-28 13:39:00,2473.0,0.0
2015-01-28 13:41:00,2472.0,2.0
2015-01-28 13:44:00,2472.0,6.0
2015-01-28 13:45:00,2473.0,8.0
2015-01-28 14:59:00,2479.0,8.0
2015-01-29 09:49:00,2515.0,10.0
2015-01-29 10:09:00,2512.0,12.0
2015-01-29 13:39:00,2517.0,13.0
2015-01-29 14:59:00,2512.0,13.0
2015-01-30 10:07:00,2505.0,11.0
2015-01-30 10:09:00,2505.0,9.0
2015-01-30 10:11:00,2507.0,7.0
2015-01-30 10:39:00,2507.0,9.0
2015-01-30 10:50:00,2506.0,7.0
2015-01-30 10:51:00,2506.0,3.0
2015-01-30 11:29:00,2502.0,5.0
2015-01-30 14:59:00,2503.0,5.0
2015-02-02 14:59:00,2502.0,5.0
2015-02-03 09:29:00,2504.0,7.0
2015-02-03 09:47:00,2506.0,9.0
2015-02-03 10:49:00,2501.0,7.0
2015-02-03 10:59:00,2495.0,5.0
2015-02-03 13:47:00,2495.0,1.0
2015-02-03 13:53:00,2498.0,-3.0
2015-02-03 14:59:00,2491.0,-3.0
2015-02-04 10:07:00,2504.0,-1.0
2015-02-04 10:09:00,2504.0,1.0
2015-02-04 10:53:00,2505.0,3.0
2015-02-04 13:39:00,2508.0,3.0
2015-02-04 13:54:00,2504.0,1.0
2015-02-04 14:14:00,2494.0,-1.0
2015-02-04 14:59:00,2488.0,-1.0
2015-02-05 13:59:00,2498.0,1.0
2015-02-05 14:44:00,2498.0,-1.0
2015-02-05 14:59:00,2494.0,-1.0
2015-02-06 10:14:00,2511.0,1.0
2015-02-06 10:47:00,2512.0,3.0
2015-02-06 10:51:00,2513.0,5.0
2015-02-06 10:53:00,2514.0,7.0
2015-02-06 11:29:00,2504.0,9.0
2015-02-06 14:59:00,2516.0,11.0
2015-02-09 10:09:00,2497.0,9.0
2015-02-09 10:13:00,2499.0,7.0
2015-02-09 10:14:00,2497.0,3.0
2015-02-09 10:50:00,2498.0,1.0
2015-02-09 10:51:00,2498.0,-1.0
2015-02-09 10:55:00,2499.0,-3.0
2015-02-09 10:57:00,2499.0,-5.0
2015-02-09 11:04:00,2496.0,-7.0
2015-02-09 11:26:00,2493.0,-9.0
2015-02-09 11:29:00,2495.0,-11.0
2015-02-09 14:59:00,2501.0,-9.0
2015-02-10 09:47:00,2510.0,-7.0
2015-02-10 09:49:00,2511.0,-5.0
2015-02-10 09:59:00,2514.0,-3.0
2015-02-10 10:05:00,2515.0,-1.0
2015-02-10 10:07:00,2513.0,1.0
2015-02-10 10:09:00,2514.0,7.0
2015-02-10 10:14:00,2515.0,9.0
2015-02-10 10:32:00,2516.0,11.0
2015-02-10 10:33:00,2516.0,13.0
2015-02-10 10:39:00,2514.0,15.0
2015-02-10 13:44:00,2512.0,17.0
2015-02-10 14:59:00,2513.0,17.0
2015-02-11 10:05:00,2507.0,15.0
2015-02-11 10:09:00,2508.0,9.0
2015-02-11 10:10:00,2508.0,7.0
2015-02-11 10:47:00,2508.0,5.0
2015-02-11 10:49:00,2507.0,1.0
2015-02-11 10:51:00,2508.0,-1.0
2015-02-11 10:59:00,2509.0,-3.0
2015-02-11 14:29:00,2512.0,-1.0
2015-02-11 14:59:00,2514.0,-1.0
2015-02-12 09:49:00,2502.0,-3.0
2015-02-12 10:34:00,2502.0,-5.0
2015-02-12 11:09:00,2501.0,-3.0
2015-02-12 13:54:00,2509.0,-1.0
2015-02-12 14:47:00,2507.0,1.0
2015-02-12 14:56:00,2510.0,3.0
2015-02-12 14:59:00,2510.0,5.0
2015-02-13 09:17:00,2513.0,7.0
2015-02-13 09:25:00,2516.0,9.0
2015-02-13 09:37:00,2516.0,11.0
2015-02-13 10:14:00,2518.0,13.0
2015-02-13 10:35:00,2519.0,15.0
2015-02-13 10:55:00,2523.0,17.0
2015-02-13 14:59:00,2532.0,17.0
2015-02-16 14:59:00,2546.0,17.0
2015-02-17 09:59:00,2530.0,15.0
2015-02-17 10:03:00,2530.0,13.0
2015-02-17 10:04:00,2531.0,9.0
2015-02-17 10:09:00,2532.0,5.0
2015-02-17 10:43:00,2529.0,3.0
2015-02-17 10:44:00,2530.0,1.0
2015-02-17 10:45:00,2529.0,-3.0
2015-02-17 10:49:00,2530.0,-5.0
2015-02-17 13:34:00,2533.0,-7.0
2015-02-17 14:49:00,2540.0,-5.0
2015-02-17 14:59:00,2542.0,-5.0
2015-02-25 09:49:00,2508.0,-7.0
2015-02-25 10:14:00,2510.0,-9.0
2015-02-25 13:34:00,2514.0,-11.0
2015-02-25 14:09:00,2510.0,-13.0
2015-02-25 14:19:00,2508.0,-15.0
2015-02-25 14:59:00,2508.0,-15.0
2015-02-26 10:39:00,2515.0,-13.0
2015-02-26 10:41:00,2517.0,-11.0
2015-02-26 10:47:00,2517.0,-9.0
2015-02-26 11:04:00,2522.0,-7.0
2015-02-26 14:04:00,2524.0,-3.0
2015-02-26 14:07:00,2523.0,-1.0
2015-02-26 14:09:00,2523.0,1.0
2015-02-26 14:11:00,2523.0,3.0
2015-02-26 14:37:00,2527.0,5.0
2015-02-26 14:44:00,2532.0,7.0
2015-02-26 14:59:00,2532.0,7.0
2015-02-27 09:29:00,2528.0,9.0
2015-02-27 10:09:00,2518.0,7.0
2015-02-27 11:17:00,2519.0,3.0
2015-02-27 11:23:00,2519.0,-1.0
2015-02-27 11:24:00,2519.0,-3.0
2015-02-27 11:29:00,2516.0,-5.0
2015-02-27 13:34:00,2516.0,-9.0
2015-02-27 14:19:00,2519.0,-11.0
2015-02-27 14:39:00,2512.0,-13.0
2015-02-27 14:59:00,2498.0,-13.0
2015-03-02 09:39:00,2478.0,-15.0
2015-03-02 10:39:00,2491.0,-17.0
2015-03-02 13:39:00,2500.0,-15.0
2015-03-02 13:49:00,2505.0,-13.0
2015-03-02 13:50:00,2504.0,-11.0
2015-03-02 13:59:00,2501.0,-13.0
2015-03-02 14:11:00,2503.0,-11.0
2015-03-02 14:13:00,2503.0,-9.0
2015-03-02 14:17:00,2507.0,-7.0
2015-03-02 14:19:00,2508.0,-5.0
2015-03-02 14:39:00,2517.0,-3.0
2015-03-02 14:54:00,2520.0,-1.0
2015-03-02 14:59:00,2519.0,-1.0
2015-03-03 10:09:00,2501.0,-3.0
2015-03-03 13:39:00,2518.0,-1.0
2015-03-03 14:59:00,2513.0,-1.0
2015-03-04 11:29:00,2504.0,-3.0
2015-03-04 13:54:00,2507.0,-1.0
2015-03-04 14:04:00,2503.0,-3.0
2015-03-04 14:07:00,2502.0,-5.0
2015-03-04 14:13:00,2504.0,-7.0
2015-03-04 14:26:00,2507.0,-9.0
2015-03-04 14:59:00,2508.0,-9.0
2015-03-05 10:34:00,2485.0,-7.0
2015-03-05 11:29:00,2490.0,-9.0
2015-03-05 13:34:00,2489.0,-11.0
2015-03-05 14:59:00,2484.0,-11.0
2015-03-06 11:04:00,2479.0,-13.0
2015-03-06 14:33:00,2458.0,-15.0
2015-03-06 14:59:00,2452.0,-15.0
2015-03-09 09:01:00,2445.0,-17.0
2015-03-09 14:59:00,2444.0,-17.0
2015-03-10 14:59:00,2404.0,-17.0
2015-03-11 13:55:00,2423.0,-15.0
2015-03-11 13:59:00,2422.0,-13.0
2015-03-11 14:03:00,2424.0,-11.0
2015-03-11 14:05:00,2424.0,-7.0
2015-03-11 14:09:00,2425.0,-5.0
2015-03-11 14:23:00,2424.0,-3.0
2015-03-11 14:25:00,2425.0,-1.0
2015-03-11 14:59:00,2423.0,-1.0
2015-03-12 11:09:00,2439.0,1.0
2015-03-12 11:19:00,2437.0,3.0
2015-03-12 13:34:00,2451.0,5.0
2015-03-12 13:39:00,2448.0,7.0
2015-03-12 13:59:00,2453.0,9.0
2015-03-12 14:44:00,2449.0,11.0
2015-03-12 14:54:00,2447.0,9.0
2015-03-12 14:59:00,2446.0,9.0
2015-03-13 09:49:00,2458.0,11.0
2015-03-13 10:54:00,2450.0,13.0
2015-03-13 10:59:00,2451.0,15.0
2015-03-13 13:53:00,2448.0,13.0
2015-03-13 14:17:00,2440.0,11.0
2015-03-13 14:23:00,2442.0,9.0
2015-03-13 14:29:00,2440.0,7.0
2015-03-13 14:57:00,2448.0,5.0
2015-03-13 14:59:00,2447.0,3.0
2015-03-16 11:13:00,2457.0,5.0
2015-03-16 11:19:00,2458.0,7.0
2015-03-16 13:31:00,2462.0,9.0
2015-03-16 13:38:00,2471.0,11.0
2015-03-16 13:39:00,2471.0,15.0
2015-03-16 13:43:00,2472.0,17.0
2015-03-16 14:59:00,2476.0,17.0
2015-03-17 14:59:00,2472.0,17.0
2015-03-18 09:20:00,2468.0,15.0
2015-03-18 13:34:00,2458.0,13.0
2015-03-18 14:09:00,2457.0,11.0
2015-03-18 14:33:00,2457.0,9.0
2015-03-18 14:34:00,2457.0,5.0
2015-03-18 14:37:00,2458.0,1.0
2015-03-18 14:38:00,2458.0,-1.0
2015-03-18 14:45:00,2453.0,-3.0
2015-03-18 14:59:00,2457.0,-3.0
2015-03-19 13:49:00,2456.0,-5.0
2015-03-19 14:24:00,2459.0,-7.0
2015-03-19 14:59:00,2457.0,-7.0
2015-03-20 10:03:00,2464.0,-5.0
2015-03-20 10:09:00,2469.0,-1.0
2015-03-20 13:59:00,2464.0,-3.0
2015-03-20 14:59:00,2457.0,-3.0
2015-03-23 10:07:00,2494.0,-1.0
2015-03-23 10:10:00,2495.0,1.0
2015-03-23 10:47:00,2499.0,5.0
2015-03-23 10:49:00,2499.0,7.0
2015-03-23 10:51:00,2499.0,9.0
2015-03-23 11:29:00,2503.0,11.0
2015-03-23 13:34:00,2506.0,13.0
2015-03-23 14:14:00,2510.0,15.0
2015-03-23 14:59:00,2526.0,15.0
2015-03-24 14:59:00,2525.0,15.0
2015-03-25 10:34:00,2522.0,11.0
2015-03-25 10:37:00,2521.0,9.0
2015-03-25 10:39:00,2519.0,7.0
2015-03-25 10:44:00,2521.0,5.0
2015-03-25 10:47:00,2521.0,3.0
2015-03-25 10:51:00,2521.0,1.0
2015-03-25 11:03:00,2510.0,-1.0
2015-03-25 13:34:00,2500.0,-3.0
2015-03-25 14:07:00,2507.0,-5.0
2015-03-25 14:59:00,2494.0,-5.0
2015-03-26 10:11:00,2484.0,-7.0
2015-03-26 10:14:00,2484.0,-9.0
2015-03-26 13:49:00,2492.0,-7.0
2015-03-26 14:19:00,2485.0,-9.0
2015-03-26 14:29:00,2480.0,-11.0
2015-03-26 14:59:00,2476.0,-11.0
2015-03-27 10:09:00,2433.0,-13.0
2015-03-27 10:39:00,2438.0,-15.0
2015-03-27 14:09:00,2451.0,-17.0
2015-03-27 14:54:00,2466.0,-15.0
2015-03-27 14:57:00,2467.0,-13.0
2015-03-27 14:59:00,2468.0,-13.0
2015-03-30 09:17:00,2463.0,-11.0
2015-03-30 09:26:00,2463.0,-9.0
2015-03-30 09:37:00,2464.0,-7.0
2015-03-30 09:55:00,2461.0,-5.0
2015-03-30 09:59:00,2462.0,-3.0
2015-03-30 14:59:00,2446.0,-5.0
2015-03-31 10:03:00,2435.0,-7.0
2015-03-31 10:06:00,2435.0,-9.0
2015-03-31 10:07:00,2437.0,-11.0
2015-03-31 10:14:00,2439.0,-13.0
2015-03-31 10:37:00,2441.0,-15.0
2015-03-31 10:41:00,2441.0,-17.0
2015-03-31 13:34:00,2438.0,-15.0
2015-03-31 13:44:00,2432.0,-17.0
2015-03-31 14:59:00,2426.0,-17.0
2015-04-01 14:59:00,2388.0,-17.0
2015-04-02 14:59:00,2343.0,-17.0
2015-04-03 14:59:00,2343.0,-17.0
2015-04-07 14:59:00,2310.0,-17.0
2015-04-08 14:44:00,2319.0,-15.0
2015-04-08 14:53:00,2321.0,-13.0
2015-04-08 14:59:00,2323.0,-11.0
2015-04-09 10:09:00,2292.0,-13.0
2015-04-09 14:59:00,2289.0,-13.0
2015-04-10 10:01:00,2271.0,-15.0
2015-04-10 10:04:00,2273.0,-17.0
2015-04-10 14:59:00,2265.0,-17.0
2015-04-13 14:24:00,2301.0,-15.0
2015-04-13 14:44:00,2318.0,-13.0
2015-04-13 14:59:00,2327.0,-11.0
2015-04-14 09:17:00,2306.0,-9.0
2015-04-14 09:25:00,2303.0,-7.0
2015-04-14 09:33:00,2305.0,-5.0
2015-04-14 09:37:00,2306.0,-3.0
2015-04-14 10:34:00,2310.0,-1.0
2015-04-14 13:33:00,2328.0,1.0
2015-04-14 14:49:00,2326.0,3.0
2015-04-14 14:59:00,2322.0,3.0
2015-04-15 10:43:00,2314.0,1.0
2015-04-15 10:44:00,2315.0,-1.0
2015-04-15 11:02:00,2313.0,-3.0
2015-04-15 13:41:00,2312.0,-5.0
2015-04-15 13:45:00,2313.0,-7.0
2015-04-15 13:59:00,2311.0,-5.0
2015-04-15 14:10:00,2311.0,-7.0
2015-04-15 14:59:00,2297.0,-9.0
2015-04-16 10:04:00,2316.0,-7.0
2015-04-16 10:14:00,2318.0,-5.0
2015-04-16 10:34:00,2319.0,-3.0
2015-04-16 11:01:00,2319.0,-1.0
2015-04-16 11:19:00,2322.0,1.0
2015-04-16 11:21:00,2322.0,3.0
2015-04-16 13:34:00,2323.0,5.0
2015-04-16 13:37:00,2324.0,7.0
2015-04-16 13:41:00,2328.0,9.0
2015-04-16 13:44:00,2326.0,11.0
2015-04-16 14:59:00,2317.0,11.0
2015-04-17 09:45:00,2314.0,9.0
2015-04-17 11:03:00,2311.0,7.0
2015-04-17 11:04:00,2311.0,3.0
2015-04-17 11:13:00,2314.0,1.0
2015-04-17 13:34:00,2319.0,-1.0
2015-04-17 14:44:00,2324.0,1.0
2015-04-17 14:49:00,2320.0,-1.0
2015-04-17 14:59:00,2311.0,-1.0
2015-04-20 10:38:00,2310.0,-3.0
2015-04-20 11:29:00,2300.0,-7.0
2015-04-20 13:34:00,2296.0,-9.0
2015-04-20 14:43:00,2286.0,-11.0
2015-04-20 14:49:00,2285.0,-13.0
2015-04-20 14:59:00,2280.0,-13.0
2015-04-21 10:37:00,2277.0,-15.0
2015-04-21 14:59:00,2281.0,-15.0
2015-04-22 10:09:00,2292.0,-13.0
2015-04-22 10:13:00,2293.0,-11.0
2015-04-22 10:14:00,2294.0,-7.0
2015-04-22 10:31:00,2292.0,-5.0
2015-04-22 10:47:00,2292.0,-3.0
2015-04-22 10:49:00,2294.0,-1.0
2015-04-22 10:51:00,2294.0,1.0
2015-04-22 10:53:00,2294.0,3.0
2015-04-22 11:19:00,2308.0,5.0
2015-04-22 13:34:00,2316.0,9.0
2015-04-22 13:44:00,2326.0,11.0
2015-04-22 14:44:00,2329.0,13.0
2015-04-22 14:59:00,2326.0,13.0
2015-04-23 09:24:00,2324.0,15.0
2015-04-23 11:04:00,2309.0,13.0
2015-04-23 11:09:00,2312.0,15.0
2015-04-23 11:25:00,2314.0,13.0
2015-04-23 13:37:00,2316.0,11.0
2015-04-23 13:39:00,2315.0,9.0
2015-04-23 13:41:00,2315.0,7.0
2015-04-23 13:57:00,2321.0,5.0
2015-04-23 14:59:00,2322.0,5.0
2015-04-24 10:03:00,2376.0,7.0
2015-04-24 10:09:00,2374.0,9.0
2015-04-24 10:41:00,2379.0,11.0
2015-04-24 10:45:00,2381.0,13.0
2015-04-24 10:47:00,2381.0,15.0
2015-04-24 10:59:00,2378.0,17.0
2015-04-24 14:59:00,2377.0,17.0
2015-04-27 14:59:00,2407.0,17.0
2015-04-28 11:25:00,2405.0,15.0
2015-04-28 13:34:00,2391.0,13.0
2015-04-28 13:54:00,2395.0,15.0
2015-04-28 14:14:00,2391.0,13.0
2015-04-28 14:29:00,2391.0,11.0
2015-04-28 14:33:00,2393.0,9.0
2015-04-28 14:34:00,2392.0,5.0
2015-04-28 14:35:00,2393.0,3.0
2015-04-28 14:38:00,2390.0,1.0
2015-04-28 14:39:00,2391.0,-1.0
2015-04-28 14:47:00,2389.0,-3.0
2015-04-28 14:54:00,2399.0,-1.0
2015-04-28 14:59:00,2397.0,-3.0
2015-04-29 13:34:00,2383.0,-5.0
2015-04-29 14:09:00,2354.0,-7.0
2015-04-29 14:59:00,2340.0,-7.0
2015-04-30 11:29:00,2357.0,-9.0
2015-04-30 14:59:00,2365.0,-9.0
2015-05-04 10:03:00,2393.0,-7.0
2015-05-04 10:07:00,2393.0,-5.0
2015-05-04 10:09:00,2398.0,-3.0
2015-05-04 10:14:00,2397.0,-1.0
2015-05-04 10:31:00,2399.0,1.0
2015-05-04 10:34:00,2401.0,2.0
2015-05-04 10:41:00,2403.0,4.0
2015-05-04 10:44:00,2399.0,7.0
2015-05-04 10:47:00,2407.0,9.0
2015-05-04 10:49:00,2411.0,10.0
2015-05-04 11:00:00,2417.0,12.0
2015-05-04 11:04:00,2413.0,14.0
2015-05-04 13:34:00,2415.0,15.0
2015-05-04 13:39:00,2410.0,13.0
2015-05-04 13:44:00,2408.0,11.0
2015-05-04 14:14:00,2411.0,13.0
2015-05-04 14:59:00,2413.0,13.0
2015-05-05 11:27:00,2410.0,11.0
2015-05-05 14:59:00,2430.0,11.0
2015-05-06 10:09:00,2429.0,13.0
2015-05-06 13:59:00,2440.0,15.0
2015-05-06 14:59:00,2432.0,15.0
2015-05-07 10:02:00,2417.0,13.0
2015-05-07 10:09:00,2415.0,11.0
2015-05-07 10:41:00,2415.0,9.0
2015-05-07 10:45:00,2414.0,7.0
2015-05-07 10:49:00,2411.0,3.0
2015-05-07 13:34:00,2410.0,1.0
2015-05-07 13:39:00,2409.0,-1.0
2015-05-07 14:29:00,2408.0,-3.0
2015-05-07 14:59:00,2409.0,-3.0
2015-05-08 11:04:00,2420.0,-1.0
2015-05-08 11:14:00,2418.0,-3.0
2015-05-08 11:29:00,2415.0,-5.0
2015-05-08 13:36:00,2413.0,-3.0
2015-05-08 13:44:00,2410.0,-1.0
2015-05-08 13:59:00,2409.0,1.0
2015-05-08 14:24:00,2412.0,-1.0
2015-05-08 14:59:00,2414.0,-1.0
2015-05-11 13:34:00,2422.0,1.0
2015-05-11 13:53:00,2423.0,3.0
2015-05-11 14:13:00,2425.0,5.0
2015-05-11 14:15:00,2426.0,7.0
2015-05-11 14:59:00,2422.0,7.0
2015-05-12 09:49:00,2400.0,5.0
2015-05-12 10:03:00,2399.0,3.0
2015-05-12 10:07:00,2399.0,-1.0
2015-05-12 10:09:00,2399.0,-5.0
2015-05-12 10:11:00,2398.0,-7.0
2015-05-12 10:14:00,2399.0,-9.0
2015-05-12 10:49:00,2405.0,-7.0
2015-05-12 11:09:00,2401.0,-9.0
2015-05-12 13:34:00,2397.0,-11.0
2015-05-12 13:44:00,2393.0,-13.0
2015-05-12 14:59:00,2393.0,-13.0
2015-05-13 10:09:00,2399.0,-11.0
2015-05-13 10:53:00,2403.0,-9.0
2015-05-13 10:56:00,2406.0,-7.0
2015-05-13 10:59:00,2407.0,-5.0
2015-05-13 11:14:00,2403.0,-7.0
2015-05-13 14:09:00,2384.0,-9.0
2015-05-13 14:56:00,2385.0,-11.0
2015-05-13 14:59:00,2386.0,-13.0
2015-05-14 09:37:00,2368.0,-15.0
2015-05-14 13:44:00,2356.0,-17.0
2015-05-14 14:59:00,2367.0,-17.0
2015-05-15 14:59:00,2376.0,-17.0
2015-05-18 09:32:00,2370.0,-15.0
2015-05-18 14:08:00,2363.0,-17.0
2015-05-18 14:59:00,2356.0,-17.0
2015-05-19 14:19:00,2357.0,-15.0
2015-05-19 14:24:00,2355.0,-17.0
2015-05-19 14:59:00,2350.0,-17.0
2015-05-20 14:59:00,2320.0,-17.0
2015-05-21 10:09:00,2334.0,-11.0
2015-05-21 10:13:00,2340.0,-9.0
2015-05-21 10:14:00,2342.0,-5.0
2015-05-21 10:47:00,2344.0,-1.0
2015-05-21 10:51:00,2342.0,1.0
2015-05-21 10:53:00,2341.0,3.0
2015-05-21 11:04:00,2341.0,5.0
2015-05-21 13:34:00,2354.0,7.0
2015-05-21 14:59:00,2350.0,7.0
2015-05-22 11:29:00,2341.0,5.0
2015-05-22 13:31:00,2336.0,1.0
2015-05-22 14:59:00,2357.0,1.0
2015-05-25 10:09:00,2342.0,3.0
2015-05-25 10:14:00,2344.0,5.0
2015-05-25 13:59:00,2341.0,3.0
2015-05-25 14:49:00,2353.0,5.0
2015-05-25 14:59:00,2354.0,5.0
2015-05-26 09:49:00,2372.0,7.0
2015-05-26 09:51:00,2373.0,9.0
2015-05-26 10:35:00,2377.0,13.0
2015-05-26 11:29:00,2381.0,15.0
2015-05-26 13:39:00,2380.0,17.0
2015-05-26 14:59:00,2359.0,17.0
2015-05-27 09:31:00,2366.0,15.0
2015-05-27 09:36:00,2366.0,13.0
2015-05-27 09:47:00,2360.0,11.0
2015-05-27 09:50:00,2361.0,9.0
2015-05-27 09:51:00,2359.0,7.0
2015-05-27 09:55:00,2356.0,5.0
2015-05-27 10:35:00,2361.0,3.0
2015-05-27 11:09:00,2360.0,-3.0
2015-05-27 14:04:00,2358.0,-5.0
2015-05-27 14:09:00,2360.0,-3.0
2015-05-27 14:24:00,2359.0,-5.0
2015-05-27 14:29:00,2363.0,-3.0
2015-05-27 14:59:00,2363.0,-3.0
2015-05-28 10:11:00,2371.0,-1.0
2015-05-28 13:59:00,2356.0,-3.0
2015-05-28 14:24:00,2356.0,-5.0
2015-05-28 14:35:00,2357.0,-7.0
2015-05-28 14:59:00,2364.0,-7.0
2015-05-29 10:34:00,2362.0,-9.0
2015-05-29 11:25:00,2362.0,-7.0
2015-05-29 11:28:00,2360.0,-5.0
2015-05-29 13:50:00,2364.0,-3.0
2015-05-29 13:51:00,2364.0,-1.0
2015-05-29 13:55:00,2364.0,1.0
2015-05-29 14:54:00,2369.0,3.0
2015-05-29 14:59:00,2370.0,3.0
2015-06-01 09:51:00,2371.0,5.0
2015-06-01 10:04:00,2370.0,9.0
2015-06-01 10:09:00,2367.0,11.0
2015-06-01 10:14:00,2365.0,9.0
2015-06-01 10:54:00,2365.0,11.0
2015-06-01 14:59:00,2383.0,11.0
2015-06-02 10:09:00,2381.0,13.0
2015-06-02 14:59:00,2386.0,13.0
2015-06-03 09:59:00,2372.0,11.0
2015-06-03 10:09:00,2373.0,7.0
2015-06-03 10:13:00,2373.0,5.0
2015-06-03 10:37:00,2374.0,3.0
2015-06-03 10:44:00,2373.0,1.0
2015-06-03 10:47:00,2373.0,-1.0
2015-06-03 10:51:00,2372.0,-3.0
2015-06-03 10:55:00,2372.0,-5.0
2015-06-03 13:54:00,2372.0,-7.0
2015-06-03 14:59:00,2360.0,-11.0
2015-06-04 11:19:00,2361.0,-13.0
2015-06-04 13:34:00,2364.0,-15.0
2015-06-04 13:47:00,2365.0,-13.0
2015-06-04 14:15:00,2364.0,-11.0
2015-06-04 14:17:00,2365.0,-9.0
2015-06-04 14:21:00,2361.0,-7.0
2015-06-04 14:35:00,2364.0,-5.0
2015-06-04 14:59:00,2367.0,-3.0
2015-06-05 09:24:00,2355.0,-5.0
2015-06-05 10:05:00,2354.0,-7.0
2015-06-05 10:09:00,2354.0,-9.0
2015-06-05 10:39:00,2352.0,-11.0
2015-06-05 10:47:00,2350.0,-15.0
2015-06-05 10:51:00,2350.0,-17.0
2015-06-05 14:59:00,2352.0,-17.0
2015-06-08 14:59:00,2344.0,-17.0
2015-06-09 09:05:00,2352.0,-15.0
2015-06-09 10:03:00,2361.0,-13.0
2015-06-09 10:07:00,2361.0,-11.0
2015-06-09 10:09:00,2362.0,-7.0
2015-06-09 10:41:00,2357.0,-5.0
2015-06-09 10:47:00,2357.0,-1.0
2015-06-09 10:59:00,2361.0,3.0
2015-06-09 11:01:00,2359.0,5.0
2015-06-09 13:34:00,2354.0,3.0
2015-06-09 14:41:00,2354.0,1.0
2015-06-09 14:59:00,2346.0,1.0
2015-06-10 09:05:00,2353.0,-1.0
2015-06-10 09:33:00,2350.0,-3.0
2015-06-10 09:59:00,2351.0,-7.0
2015-06-10 10:43:00,2351.0,-9.0
2015-06-10 13:49:00,2353.0,-5.0
2015-06-10 14:44:00,2345.0,-7.0
2015-06-10 14:59:00,2347.0,-7.0
2015-06-11 10:14:00,2351.0,-5.0
2015-06-11 13:49:00,2361.0,-3.0
2015-06-11 13:59:00,2364.0,-1.0
2015-06-11 14:23:00,2364.0,1.0
2015-06-11 14:32:00,2363.0,3.0
2015-06-11 14:34:00,2363.0,7.0
2015-06-11 14:43:00,2365.0,9.0
2015-06-11 14:53:00,2361.0,11.0
2015-06-11 14:59:00,2364.0,11.0
2015-06-12 09:49:00,2327.0,9.0
2015-06-12 10:03:00,2331.0,7.0
2015-06-12 10:07:00,2332.0,5.0
2015-06-12 10:09:00,2333.0,-5.0
2015-06-12 10:47:00,2327.0,-11.0
2015-06-12 10:51:00,2326.0,-13.0
2015-06-12 13:34:00,2324.0,-15.0
2015-06-12 14:44:00,2325.0,-17.0
2015-06-12 14:59:00,2309.0,-17.0
2015-06-15 14:59:00,2291.0,-17.0
2015-06-16 14:59:00,2256.0,-17.0
2015-06-17 14:59:00,2234.0,-17.0
2015-06-18 10:09:00,2254.0,-15.0
2015-06-18 10:14:00,2255.0,-13.0
2015-06-18 10:33:00,2253.0,-11.0
2015-06-18 10:34:00,2253.0,-9.0
2015-06-18 10:40:00,2252.0,-7.0
2015-06-18 10:49:00,2254.0,-3.0
2015-06-18 10:50:00,2255.0,-1.0
2015-06-18 10:53:00,2257.0,3.0
2015-06-18 14:59:00,2256.0,3.0
2015-06-19 13:34:00,2261.0,5.0
2015-06-19 14:59:00,2257.0,5.0
2015-06-23 09:08:00,2251.0,3.0
2015-06-23 09:51:00,2242.0,1.0
2015-06-23 09:59:00,2243.0,-1.0
2015-06-23 10:01:00,2245.0,-3.0
2015-06-23 10:03:00,2245.0,-5.0
2015-06-23 10:04:00,2245.0,-9.0
2015-06-23 10:09:00,2246.0,-11.0
2015-06-23 10:11:00,2249.0,-13.0
2015-06-23 10:41:00,2247.0,-15.0
2015-06-23 10:44:00,2250.0,-13.0
2015-06-23 11:04:00,2243.0,-15.0
2015-06-23 11:29:00,2243.0,-13.0
2015-06-23 13:34:00,2245.0,-15.0
2015-06-23 13:39:00,2242.0,-17.0
2015-06-23 13:49:00,2243.0,-15.0
2015-06-23 14:59:00,2251.0,-15.0
2015-06-24 10:09:00,2244.0,-17.0
2015-06-24 13:34:00,2254.0,-15.0
2015-06-24 14:17:00,2255.0,-13.0
2015-06-24 14:37:00,2255.0,-11.0
2015-06-24 14:39:00,2255.0,-7.0
2015-06-24 14:41:00,2255.0,-5.0
2015-06-24 14:45:00,2255.0,-3.0
2015-06-24 14:51:00,2255.0,-1.0
2015-06-24 14:59:00,2254.0,-1.0
2015-06-25 10:09:00,2238.0,-3.0
2015-06-25 10:14:00,2241.0,-9.0
2015-06-25 10:47:00,2241.0,-13.0
2015-06-25 10:51:00,2240.0,-15.0
2015-06-25 11:29:00,2244.0,-17.0
2015-06-25 14:59:00,2232.0,-17.0
2015-06-26 14:59:00,2230.0,-17.0
2015-06-29 14:59:00,2201.0,-17.0
2015-06-30 14:47:00,2159.0,-15.0
2015-06-30 14:49:00,2156.0,-13.0
2015-06-30 14:53:00,2157.0,-11.0
2015-06-30 14:59:00,2158.0,-11.0
2015-07-01 14:59:00,2151.0,-11.0
2015-07-02 09:59:00,2144.0,-13.0
2015-07-02 10:31:00,2144.0,-15.0
2015-07-02 10:35:00,2143.0,-17.0
2015-07-02 13:34:00,2165.0,-15.0
2015-07-02 14:51:00,2161.0,-13.0
2015-07-02 14:59:00,2158.0,-13.0
2015-07-03 10:39:00,2154.0,-11.0
2015-07-03 14:34:00,2160.0,-13.0
2015-07-03 14:44:00,2154.0,-15.0
2015-07-03 14:59:00,2153.0,-15.0
2015-07-06 10:47:00,2060.0,-17.0
2015-07-06 14:59:00,2057.0,-17.0
2015-07-07 14:59:00,1972.0,-17.0
2015-07-08 14:59:00,1911.0,-17.0
2015-07-09 09:04:00,1983.0,-16.0
2015-07-09 10:03:00,1994.0,-14.0
2015-07-09 10:07:00,1999.0,-12.0
2015-07-09 10:09:00,2004.0,-8.0
2015-07-09 10:47:00,1995.0,-2.0
2015-07-09 10:49:00,1996.0,0.0
2015-07-09 10:51:00,1999.0,2.0
2015-07-09 11:14:00,1997.0,6.0
2015-07-09 13:34:00,2030.0,7.0
2015-07-09 14:59:00,2026.0,7.0
2015-07-10 10:04:00,2056.0,9.0
2015-07-10 10:09:00,2061.0,11.0
2015-07-10 14:59:00,2036.0,11.0
2015-07-13 09:29:00,2044.0,9.0
2015-07-13 10:09:00,2050.0,11.0
2015-07-13 13:49:00,2030.0,10.0
2015-07-13 14:29:00,2022.0,9.0
2015-07-13 14:47:00,2024.0,5.0
2015-07-13 14:49:00,2029.0,3.0
2015-07-13 14:55:00,2031.0,-1.0
2015-07-13 14:58:00,2032.0,-3.0
2015-07-13 14:59:00,2033.0,-3.0
2015-07-14 11:29:00,2048.0,-1.0
2015-07-14 13:34:00,2043.0,-3.0
2015-07-14 14:24:00,2041.0,-5.0
2015-07-14 14:29:00,2044.0,-7.0
2015-07-14 14:49:00,2041.0,-9.0
2015-07-14 14:59:00,2035.0,-9.0
2015-07-15 10:39:00,2024.0,-11.0
2015-07-15 10:44:00,2025.0,-13.0
2015-07-15 11:17:00,2026.0,-15.0
2015-07-15 14:59:00,2017.0,-15.0
2015-07-16 11:13:00,2012.0,-13.0
2015-07-16 11:29:00,2033.0,-15.0
2015-07-16 13:34:00,2035.0,-11.0
2015-07-16 14:01:00,2037.0,-9.0
2015-07-16 14:09:00,2038.0,-7.0
2015-07-16 14:11:00,2036.0,-5.0
2015-07-16 14:24:00,2031.0,-1.0
2015-07-16 14:29:00,2030.0,1.0
2015-07-16 14:33:00,2025.0,3.0
2015-07-16 14:37:00,2023.0,5.0
2015-07-16 14:44:00,2020.0,3.0
2015-07-16 14:49:00,2025.0,5.0
2015-07-16 14:59:00,2028.0,7.0
2015-07-17 11:29:00,2017.0,5.0
2015-07-17 13:34:00,2013.0,3.0
2015-07-17 13:39:00,2019.0,5.0
2015-07-17 14:59:00,2032.0,5.0
2015-07-20 10:08:00,2068.0,7.0
2015-07-20 10:34:00,2071.0,9.0
2015-07-20 11:29:00,2064.0,11.0
2015-07-20 13:44:00,2076.0,13.0
2015-07-20 14:59:00,2096.0,13.0
2015-07-21 11:19:00,2080.0,11.0
2015-07-21 13:35:00,2082.0,7.0
2015-07-21 13:41:00,2077.0,5.0
2015-07-21 13:44:00,2079.0,7.0
2015-07-21 13:49:00,2079.0,5.0
2015-07-21 14:02:00,2078.0,3.0
2015-07-21 14:07:00,2072.0,-1.0
2015-07-21 14:59:00,2069.0,-1.0
2015-07-22 09:17:00,2068.0,-3.0
2015-07-22 10:04:00,2059.0,-5.0
2015-07-22 11:29:00,2047.0,-6.0
2015-07-22 13:34:00,2038.0,-7.0
2015-07-22 13:39:00,2033.0,-9.0
2015-07-22 13:49:00,2023.0,-11.0
2015-07-22 13:54:00,2012.0,-13.0
2015-07-22 13:59:00,2019.0,-11.0
2015-07-22 14:59:00,2021.0,-11.0
2015-07-23 09:29:00,2008.0,-13.0
2015-07-23 10:09:00,2017.0,-15.0
2015-07-23 10:39:00,2018.0,-17.0
2015-07-23 11:25:00,2041.0,-15.0
2015-07-23 13:57:00,2035.0,-13.0
2015-07-23 14:21:00,2034.0,-11.0
2015-07-23 14:24:00,2038.0,-9.0
2015-07-23 14:25:00,2039.0,-7.0
2015-07-23 14:28:00,2039.0,-5.0
2015-07-23 14:29:00,2037.0,-3.0
2015-07-23 14:37:00,2040.0,-1.0
2015-07-23 14:41:00,2038.0,1.0
2015-07-23 14:51:00,2037.0,3.0
2015-07-23 14:59:00,2037.0,3.0
2015-07-24 13:34:00,2039.0,5.0
2015-07-24 13:49:00,2034.0,3.0
2015-07-24 14:59:00,2028.0,3.0
2015-07-27 09:49:00,2058.0,5.0
2015-07-27 10:59:00,2063.0,7.0
2015-07-27 11:19:00,2069.0,9.0
2015-07-27 13:34:00,2064.0,11.0
2015-07-27 13:39:00,2067.0,13.0
2015-07-27 14:59:00,2060.0,13.0
2015-07-28 13:59:00,2063.0,15.0
2015-07-28 14:59:00,2060.0,15.0
2015-07-29 09:59:00,2098.0,17.0
2015-07-29 14:59:00,2104.0,17.0
2015-07-30 13:43:00,2089.0,13.0
2015-07-30 13:59:00,2089.0,11.0
2015-07-30 14:03:00,2090.0,7.0
2015-07-30 14:05:00,2089.0,5.0
2015-07-30 14:09:00,2086.0,3.0
2015-07-30 14:37:00,2083.0,1.0
2015-07-30 14:59:00,2083.0,1.0
2015-07-31 10:03:00,2100.0,3.0
2015-07-31 10:09:00,2097.0,7.0
2015-07-31 10:44:00,2107.0,9.0
2015-07-31 10:47:00,2105.0,13.0
2015-07-31 10:51:00,2105.0,17.0
2015-07-31 14:19:00,2092.0,15.0
2015-07-31 14:39:00,2101.0,17.0
2015-07-31 14:59:00,2101.0,17.0
2015-08-03 13:34:00,2105.0,15.0
2015-08-03 13:41:00,2099.0,13.0
2015-08-03 13:54:00,2099.0,11.0
2015-08-03 14:09:00,2096.0,9.0
2015-08-03 14:17:00,2097.0,7.0
2015-08-03 14:19:00,2096.0,5.0
2015-08-03 14:43:00,2095.0,3.0
2015-08-03 14:54:00,2091.0,1.0
2015-08-03 14:55:00,2089.0,-1.0
2015-08-03 14:59:00,2088.0,-1.0
2015-08-04 10:14:00,2092.0,-3.0
2015-08-04 10:31:00,2093.0,-5.0
2015-08-04 11:24:00,2094.0,-3.0
2015-08-04 14:40:00,2099.0,-1.0
2015-08-04 14:44:00,2103.0,1.0
2015-08-04 14:59:00,2105.0,1.0
2015-08-05 09:02:00,2099.0,3.0
2015-08-05 10:09:00,2095.0,1.0
2015-08-05 10:34:00,2096.0,3.0
2015-08-05 11:24:00,2095.0,1.0
2015-08-05 13:44:00,2097.0,-1.0
2015-08-05 14:19:00,2103.0,1.0
2015-08-05 14:39:00,2098.0,-1.0
2015-08-05 14:59:00,2105.0,-1.0
2015-08-06 09:44:00,2084.0,-3.0
2015-08-06 10:09:00,2088.0,-7.0
2015-08-06 10:30:00,2088.0,-9.0
2015-08-06 10:47:00,2086.0,-11.0
2015-08-06 10:49:00,2087.0,-13.0
2015-08-06 11:19:00,2091.0,-11.0
2015-08-06 13:44:00,2091.0,-13.0
2015-08-06 13:59:00,2088.0,-15.0
2015-08-06 14:09:00,2088.0,-17.0
2015-08-06 14:59:00,2086.0,-17.0
2015-08-07 14:59:00,2072.0,-17.0
2015-08-10 14:59:00,2054.0,-17.0
2015-08-11 10:14:00,2067.0,-15.0
2015-08-11 10:32:00,2067.0,-13.0
2015-08-11 10:37:00,2067.0,-11.0
2015-08-11 13:34:00,2068.0,-9.0
2015-08-11 14:54:00,2059.0,-11.0
2015-08-11 14:59:00,2056.0,-11.0
2015-08-12 09:08:00,2063.0,-13.0
2015-08-12 11:03:00,2072.0,-11.0
2015-08-12 11:05:00,2071.0,-9.0
2015-08-12 11:23:00,2070.0,-7.0
2015-08-12 13:34:00,2069.0,-5.0
2015-08-12 13:59:00,2072.0,-3.0
2015-08-12 14:59:00,2076.0,-3.0
2015-08-13 09:49:00,2087.0,-1.0
2015-08-13 10:04:00,2093.0,3.0
2015-08-13 10:07:00,2099.0,5.0
2015-08-13 10:09:00,2098.0,7.0
2015-08-13 13:39:00,2094.0,9.0
2015-08-13 13:47:00,2095.0,11.0
2015-08-13 14:59:00,2098.0,11.0
2015-08-14 11:15:00,2088.0,5.0
2015-08-14 11:25:00,2090.0,3.0
2015-08-14 11:29:00,2090.0,3.0
2015-08-14 14:54:00,2088.0,5.0
2015-08-14 14:59:00,2091.0,5.0
2015-08-17 09:49:00,2074.0,3.0
2015-08-17 10:07:00,2067.0,1.0
2015-08-17 10:09:00,2069.0,-5.0
2015-08-17 10:47:00,2071.0,-7.0
2015-08-17 10:54:00,2069.0,-9.0
2015-08-17 11:19:00,2070.0,-7.0
2015-08-17 13:34:00,2074.0,-9.0
2015-08-17 13:39:00,2073.0,-11.0
2015-08-17 14:54:00,2068.0,-13.0
2015-08-17 14:59:00,2066.0,-13.0
2015-08-18 10:09:00,2060.0,-15.0
2015-08-18 14:14:00,2066.0,-17.0
2015-08-18 14:59:00,2056.0,-17.0
2015-08-19 14:59:00,2050.0,-17.0
2015-08-20 14:59:00,2032.0,-17.0
2015-08-21 14:59:00,2025.0,-17.0
2015-08-24 14:59:00,1938.0,-17.0
2015-08-25 10:41:00,1965.0,-15.0
2015-08-25 11:03:00,1961.0,-13.0
2015-08-25 11:07:00,1960.0,-9.0
2015-08-25 11:09:00,1959.0,-7.0
2015-08-25 11:11:00,1957.0,-5.0
2015-08-25 11:15:00,1957.0,-3.0
2015-08-25 14:42:00,1938.0,-5.0
2015-08-25 14:47:00,1939.0,-7.0
2015-08-25 14:51:00,1944.0,-9.0
2015-08-25 14:55:00,1940.0,-11.0
2015-08-25 14:59:00,1938.0,-11.0
2015-08-26 10:09:00,1955.0,-9.0
2015-08-26 14:59:00,1942.0,-9.0
2015-08-27 10:09:00,1972.0,-7.0
2015-08-27 10:14:00,1973.0,-5.0
2015-08-27 10:39:00,1970.0,-3.0
2015-08-27 10:47:00,1967.0,-1.0
2015-08-27 10:53:00,1965.0,3.0
2015-08-27 11:24:00,1967.0,5.0
2015-08-27 13:34:00,1966.0,7.0
2015-08-27 14:59:00,1971.0,7.0
2015-08-28 10:03:00,1987.0,9.0
2015-08-28 11:29:00,1972.0,11.0
2015-08-28 13:47:00,1975.0,9.0
2015-08-28 14:11:00,1979.0,7.0
2015-08-28 14:59:00,1978.0,7.0
2015-08-31 10:09:00,1966.0,5.0
2015-08-31 10:43:00,1963.0,3.0
2015-08-31 10:47:00,1962.0,1.0
2015-08-31 10:53:00,1961.0,-1.0
2015-08-31 13:34:00,1962.0,-3.0
2015-08-31 14:59:00,1954.0,-3.0
2015-09-01 09:59:00,1956.0,-7.0
2015-09-01 10:03:00,1958.0,-9.0
2015-09-01 10:14:00,1962.0,-11.0
2015-09-01 10:39:00,1970.0,-9.0
2015-09-01 10:54:00,1960.0,-11.0
2015-09-01 14:59:00,1964.0,-11.0
2015-09-02 10:09:00,1955.0,-13.0
2015-09-02 13:49:00,1956.0,-15.0
2015-09-02 14:59:00,1956.0,-17.0
2015-09-07 13:34:00,1924.0,-15.0
2015-09-07 14:59:00,1922.0,-15.0
2015-09-08 13:59:00,1928.0,-13.0
2015-09-08 14:04:00,1927.0,-9.0
2015-09-08 14:11:00,1929.0,-7.0
2015-09-08 14:29:00,1939.0,-5.0
2015-09-08 14:59:00,1950.0,-5.0
2015-09-09 09:26:00,1963.0,-3.0
2015-09-09 09:27:00,1966.0,-1.0
2015-09-09 09:37:00,1968.0,1.0
2015-09-09 09:49:00,1974.0,3.0
2015-09-09 10:09:00,1968.0,7.0
2015-09-09 14:14:00,1950.0,5.0
2015-09-09 14:19:00,1951.0,3.0
2015-09-09 14:39:00,1957.0,5.0
2015-09-09 14:41:00,1957.0,3.0
2015-09-09 14:47:00,1952.0,1.0
2015-09-09 14:49:00,1953.0,-3.0
2015-09-09 14:53:00,1950.0,-5.0
2015-09-09 14:59:00,1951.0,-9.0
2015-09-10 09:59:00,1951.0,-11.0
2015-09-10 10:14:00,1952.0,-9.0
2015-09-10 10:59:00,1954.0,-7.0
2015-09-10 11:13:00,1955.0,-5.0
2015-09-10 11:29:00,1955.0,-3.0
2015-09-10 13:44:00,1959.0,-1.0
2015-09-10 13:57:00,1964.0,1.0
2015-09-10 14:01:00,1965.0,3.0
2015-09-10 14:02:00,1966.0,5.0
2015-09-10 14:43:00,1958.0,7.0
2015-09-10 14:44:00,1958.0,9.0
2015-09-10 14:47:00,1960.0,11.0
2015-09-10 14:59:00,1959.0,11.0
2015-09-11 09:24:00,1960.0,13.0
2015-09-11 11:19:00,1954.0,11.0
2015-09-11 11:29:00,1957.0,13.0
2015-09-11 13:34:00,1956.0,11.0
2015-09-11 13:49:00,1957.0,9.0
2015-09-11 14:14:00,1956.0,7.0
2015-09-11 14:17:00,1955.0,5.0
2015-09-11 14:19:00,1955.0,1.0
2015-09-11 14:21:00,1956.0,-1.0
2015-09-11 14:34:00,1953.0,-3.0
2015-09-11 14:49:00,1950.0,-5.0
2015-09-11 14:59:00,1948.0,-5.0
2015-09-14 09:31:00,1943.0,-7.0
2015-09-14 09:55:00,1941.0,-9.0
2015-09-14 10:44:00,1941.0,-11.0
2015-09-14 13:39:00,1933.0,-13.0
2015-09-14 14:59:00,1934.0,-15.0
2015-09-15 14:59:00,1915.0,-15.0
2015-09-16 10:09:00,1934.0,-13.0
2015-09-16 10:47:00,1933.0,-11.0
2015-09-16 14:19:00,1933.0,-9.0
2015-09-16 14:59:00,1938.0,-9.0
2015-09-17 09:41:00,1934.0,-7.0
2015-09-17 14:05:00,1948.0,-3.0
2015-09-17 14:09:00,1948.0,-1.0
2015-09-17 14:24:00,1947.0,5.0
2015-09-17 14:49:00,1939.0,3.0
2015-09-17 14:54:00,1932.0,-1.0
2015-09-17 14:59:00,1931.0,-1.0
2015-09-18 10:00:00,1934.0,-3.0
2015-09-18 10:32:00,1932.0,-5.0
2015-09-18 10:33:00,1932.0,-7.0
2015-09-18 10:37:00,1933.0,-9.0
2015-09-18 10:41:00,1933.0,-11.0
2015-09-18 14:39:00,1927.0,-15.0
2015-09-18 14:44:00,1928.0,-13.0
2015-09-18 14:59:00,1927.0,-13.0
2015-09-21 10:09:00,1918.0,-15.0
2015-09-21 10:39:00,1915.0,-17.0
2015-09-21 14:59:00,1909.0,-17.0
2015-09-22 14:59:00,1896.0,-17.0
2015-09-23 14:59:00,1906.0,-17.0
2015-09-24 14:59:00,1896.0,-17.0
2015-09-25 10:03:00,1906.0,-15.0
2015-09-25 10:07:00,1906.0,-13.0
2015-09-25 10:09:00,1907.0,-9.0
2015-09-25 10:14:00,1907.0,-7.0
2015-09-25 10:51:00,1904.0,-5.0
2015-09-25 14:11:00,1898.0,-7.0
2015-09-25 14:33:00,1896.0,-9.0
2015-09-25 14:59:00,1893.0,-9.0
2015-09-28 09:33:00,1883.0,-11.0
2015-09-28 09:57:00,1881.0,-13.0
2015-09-28 10:09:00,1877.0,-15.0
2015-09-28 10:34:00,1877.0,-17.0
2015-09-28 14:59:00,1862.0,-17.0
2015-09-29 14:59:00,1836.0,-17.0
2015-09-30 14:59:00,1826.0,-17.0
2015-10-08 10:47:00,1847.0,-15.0
2015-10-08 11:23:00,1841.0,-13.0
2015-10-08 13:34:00,1840.0,-11.0
2015-10-08 13:44:00,1837.0,-11.0
2015-10-08 14:59:00,1833.0,-11.0
2015-10-09 10:12:00,1842.0,-9.0
2015-10-09 10:44:00,1843.0,-7.0
2015-10-09 10:49:00,1842.0,-5.0
2015-10-09 10:53:00,1844.0,-3.0
2015-10-09 11:29:00,1852.0,-1.0
2015-10-09 13:34:00,1859.0,1.0
2015-10-09 13:35:00,1859.0,3.0
2015-10-09 13:39:00,1862.0,7.0
2015-10-09 14:59:00,1860.0,7.0
2015-10-12 09:44:00,1867.0,9.0
2015-10-12 10:04:00,1870.0,11.0
2015-10-12 10:44:00,1869.0,13.0
2015-10-12 10:54:00,1865.0,11.0
2015-10-12 14:41:00,1856.0,9.0
2015-10-12 14:44:00,1858.0,7.0
2015-10-12 14:45:00,1856.0,5.0
2015-10-12 14:59:00,1855.0,5.0
2015-10-13 09:29:00,1834.0,3.0
2015-10-13 09:57:00,1832.0,1.0
2015-10-13 10:09:00,1834.0,-7.0
2015-10-13 10:37:00,1831.0,-9.0
2015-10-13 10:59:00,1831.0,-11.0
2015-10-13 11:04:00,1833.0,-9.0
2015-10-13 11:24:00,1839.0,-11.0
2015-10-13 13:34:00,1841.0,-13.0
2015-10-13 13:44:00,1843.0,-11.0
2015-10-13 13:59:00,1841.0,-9.0
2015-10-13 14:14:00,1839.0,-11.0
2015-10-13 14:30:00,1845.0,-9.0
2015-10-13 14:39:00,1842.0,-7.0
2015-10-13 14:47:00,1841.0,-5.0
2015-10-13 14:56:00,1847.0,-3.0
2015-10-13 14:57:00,1844.0,-1.0
2015-10-13 14:59:00,1846.0,-1.0
2015-10-14 09:31:00,1847.0,1.0
2015-10-14 11:14:00,1838.0,-1.0
2015-10-14 13:39:00,1838.0,-3.0
2015-10-14 14:29:00,1835.0,-5.0
2015-10-14 14:35:00,1836.0,-7.0
2015-10-14 14:59:00,1837.0,-7.0
2015-10-15 11:09:00,1846.0,-3.0
2015-10-15 11:13:00,1842.0,-1.0
2015-10-15 13:39:00,1844.0,1.0
2015-10-15 14:24:00,1848.0,5.0
2015-10-15 14:29:00,1845.0,7.0
2015-10-15 14:39:00,1844.0,3.0
2015-10-15 14:59:00,1841.0,3.0
2015-10-16 10:04:00,1835.0,1.0
2015-10-16 10:09:00,1834.0,-1.0
2015-10-16 10:31:00,1834.0,-3.0
2015-10-16 10:39:00,1833.0,-5.0
2015-10-16 10:43:00,1832.0,-7.0
2015-10-16 10:44:00,1831.0,-9.0
2015-10-16 10:47:00,1836.0,-11.0
2015-10-16 10:54:00,1839.0,-9.0
2015-10-16 14:09:00,1839.0,-11.0
2015-10-16 14:24:00,1836.0,-13.0
2015-10-16 14:59:00,1836.0,-13.0
2015-10-19 10:05:00,1840.0,-11.0
2015-10-19 10:09:00,1841.0,-9.0
2015-10-19 13:34:00,1824.0,-11.0
2015-10-19 14:31:00,1818.0,-13.0
2015-10-19 14:37:00,1819.0,-15.0
2015-10-19 14:59:00,1815.0,-15.0
2015-10-20 11:09:00,1815.0,-17.0
2015-10-20 14:59:00,1809.0,-17.0
2015-10-21 14:01:00,1810.0,-15.0
2015-10-21 14:05:00,1809.0,-13.0
2015-10-21 14:31:00,1811.0,-11.0
2015-10-21 14:49:00,1813.0,-7.0
2015-10-21 14:59:00,1808.0,-5.0
2015-10-22 09:37:00,1812.0,-3.0
2015-10-22 14:53:00,1805.0,-5.0
2015-10-22 14:59:00,1806.0,-9.0
2015-10-23 09:59:00,1797.0,-13.0
2015-10-23 10:03:00,1797.0,-15.0
2015-10-23 10:07:00,1799.0,-17.0
2015-10-23 14:59:00,1802.0,-17.0
2015-10-26 09:57:00,1798.0,-15.0
2015-10-26 10:35:00,1798.0,-13.0
2015-10-26 11:19:00,1798.0,-11.0
2015-10-26 13:39:00,1797.0,-13.0
2015-10-26 14:59:00,1797.0,-13.0
2015-10-27 10:47:00,1811.0,-11.0
2015-10-27 11:23:00,1803.0,-9.0
2015-10-27 11:24:00,1804.0,-5.0
2015-10-27 11:29:00,1804.0,-3.0
2015-10-27 13:34:00,1804.0,-1.0
2015-10-27 13:41:00,1806.0,1.0
2015-10-27 14:11:00,1806.0,3.0
2015-10-27 14:19:00,1807.0,5.0
2015-10-27 14:39:00,1806.0,3.0
2015-10-27 14:59:00,1803.0,5.0
2015-10-28 10:03:00,1797.0,3.0
2015-10-28 10:39:00,1793.0,-1.0
2015-10-28 10:44:00,1794.0,-3.0
2015-10-28 10:45:00,1795.0,-5.0
2015-10-28 10:47:00,1796.0,-7.0
2015-10-28 10:49:00,1795.0,-9.0
2015-10-28 11:09:00,1795.0,-11.0
2015-10-28 13:34:00,1792.0,-13.0
2015-10-28 14:14:00,1791.0,-15.0
2015-10-28 14:49:00,1793.0,-13.0
2015-10-28 14:59:00,1794.0,-13.0
2015-10-29 10:03:00,1798.0,-11.0
2015-10-29 10:07:00,1798.0,-9.0
2015-10-29 10:41:00,1798.0,-7.0
2015-10-29 10:47:00,1797.0,-5.0
2015-10-29 10:49:00,1797.0,-3.0
2015-10-29 10:50:00,1797.0,-1.0
2015-10-29 10:59:00,1797.0,-3.0
2015-10-29 11:18:00,1797.0,-1.0
2015-10-29 11:19:00,1798.0,1.0
2015-10-29 11:29:00,1798.0,3.0
2015-10-29 13:54:00,1798.0,1.0
2015-10-29 14:54:00,1797.0,1.0
2015-10-29 14:59:00,1797.0,1.0
2015-10-30 10:09:00,1794.0,-1.0
2015-10-30 10:39:00,1793.0,-3.0
2015-10-30 10:47:00,1793.0,-9.0
2015-10-30 10:50:00,1793.0,-11.0
2015-10-30 10:51:00,1793.0,-15.0
2015-10-30 14:59:00,1788.0,-15.0
2015-11-02 11:05:00,1794.0,-13.0
2015-11-02 13:59:00,1794.0,-11.0
2015-11-02 14:39:00,1793.0,-13.0
2015-11-02 14:59:00,1792.0,-13.0
2015-11-03 09:50:00,1783.0,-15.0
2015-11-03 10:09:00,1782.0,-17.0
2015-11-03 14:59:00,1778.0,-17.0
2015-11-04 14:59:00,1780.0,-17.0
2015-11-05 09:59:00,1781.0,-13.0
2015-11-05 13:57:00,1775.0,-15.0
2015-11-05 14:05:00,1775.0,-17.0
2015-11-05 14:59:00,1777.0,-17.0
2015-11-06 10:03:00,1780.0,-15.0
2015-11-06 10:09:00,1782.0,-9.0
2015-11-06 10:41:00,1781.0,-7.0
2015-11-06 10:45:00,1782.0,-5.0
2015-11-06 10:47:00,1781.0,-1.0
2015-11-06 10:54:00,1783.0,1.0
2015-11-06 11:19:00,1794.0,3.0
2015-11-06 11:29:00,1791.0,7.0
2015-11-06 13:34:00,1791.0,9.0
2015-11-06 13:39:00,1789.0,11.0
2015-11-06 13:54:00,1789.0,9.0
2015-11-06 14:59:00,1788.0,9.0
2015-11-09 09:34:00,1793.0,11.0
2015-11-09 09:49:00,1793.0,13.0
2015-11-09 11:29:00,1794.0,15.0
2015-11-09 14:59:00,1796.0,15.0
2015-11-10 10:09:00,1793.0,13.0
2015-11-10 10:14:00,1792.0,15.0
2015-11-10 10:34:00,1792.0,11.0
2015-11-10 14:14:00,1786.0,7.0
2015-11-10 14:37:00,1787.0,5.0
2015-11-10 14:41:00,1786.0,3.0
2015-11-10 14:45:00,1788.0,1.0
2015-11-10 14:54:00,1789.0,3.0
2015-11-10 14:59:00,1790.0,1.0
2015-11-11 09:49:00,1778.0,-3.0
2015-11-11 10:09:00,1775.0,-5.0
2015-11-11 10:45:00,1776.0,-7.0
2015-11-11 10:47:00,1776.0,-11.0
2015-11-11 13:34:00,1773.0,-13.0
2015-11-11 14:59:00,1771.0,-13.0
2015-11-12 13:39:00,1762.0,-15.0
2015-11-12 14:59:00,1763.0,-17.0
2015-11-13 14:59:00,1760.0,-17.0
2015-11-16 14:59:00,1757.0,-17.0
2015-11-17 14:59:00,1754.0,-17.0
2015-11-18 14:59:00,1736.0,-17.0
2015-11-19 14:59:00,1707.0,-17.0
2015-11-20 14:59:00,1697.0,-17.0
2015-11-23 14:59:00,1659.0,-17.0
2015-11-24 10:09:00,1665.0,-13.0
2015-11-24 14:54:00,1670.0,-9.0
2015-11-24 14:59:00,1669.0,-7.0
2015-11-25 09:49:00,1673.0,-5.0
2015-11-25 09:53:00,1673.0,-3.0
2015-11-25 13:31:00,1667.0,-5.0
2015-11-25 13:34:00,1670.0,-3.0
2015-11-25 14:59:00,1674.0,-3.0
2015-11-26 10:13:00,1689.0,-1.0
2015-11-26 10:31:00,1691.0,1.0
2015-11-26 10:34:00,1689.0,3.0
2015-11-26 10:35:00,1690.0,5.0
2015-11-26 10:57:00,1683.0,7.0
2015-11-26 13:54:00,1692.0,9.0
2015-11-26 14:09:00,1686.0,7.0
2015-11-26 14:24:00,1692.0,9.0
2015-11-26 14:29:00,1688.0,7.0
2015-11-26 14:59:00,1677.0,7.0
2015-11-27 09:39:00,1672.0,5.0
2015-11-27 09:41:00,1671.0,3.0
2015-11-27 09:47:00,1669.0,1.0
2015-11-27 09:49:00,1668.0,-1.0
2015-11-27 09:53:00,1668.0,-3.0
2015-11-27 09:55:00,1666.0,-5.0
2015-11-27 09:59:00,1662.0,-9.0
2015-11-27 10:09:00,1663.0,-11.0
2015-11-27 10:31:00,1666.0,-13.0
2015-11-27 10:41:00,1660.0,-15.0
2015-11-27 11:29:00,1659.0,-17.0
2015-11-27 14:59:00,1656.0,-17.0
2015-11-30 14:59:00,1624.0,-17.0
2015-12-01 10:59:00,1627.0,-15.0
2015-12-01 14:03:00,1636.0,-13.0
2015-12-01 14:59:00,1629.0,-13.0
2015-12-02 09:59:00,1665.0,-12.0
2015-12-02 10:09:00,1661.0,-11.0
2015-12-02 10:39:00,1665.0,-10.0
2015-12-02 10:44:00,1660.0,-11.0
2015-12-02 10:47:00,1658.0,-9.0
2015-12-02 10:51:00,1656.0,-7.0
2015-12-02 13:34:00,1649.0,-5.0
2015-12-02 14:59:00,1655.0,-5.0
2015-12-03 10:09:00,1642.0,-7.0
2015-12-03 10:14:00,1644.0,-5.0
2015-12-03 10:34:00,1643.0,-3.0
2015-12-03 10:47:00,1643.0,-7.0
2015-12-03 10:51:00,1641.0,-9.0
2015-12-03 13:34:00,1635.0,-11.0
2015-12-03 14:59:00,1631.0,-11.0
2015-12-04 11:29:00,1644.0,-9.0
2015-12-04 13:31:00,1642.0,-7.0
2015-12-04 13:34:00,1643.0,-5.0
2015-12-04 13:39:00,1648.0,-3.0
2015-12-04 13:41:00,1646.0,-1.0
2015-12-04 13:44:00,1644.0,-3.0
2015-12-04 13:49:00,1645.0,-1.0
2015-12-04 13:50:00,1646.0,1.0
2015-12-04 13:55:00,1644.0,3.0
2015-12-04 13:59:00,1648.0,5.0
2015-12-04 14:01:00,1646.0,7.0
2015-12-04 14:04:00,1646.0,7.0
2015-12-04 14:59:00,1642.0,7.0
2015-12-07 09:49:00,1656.0,9.0
2015-12-07 10:34:00,1655.0,11.0
2015-12-07 10:39:00,1656.0,9.0
2015-12-07 13:34:00,1658.0,11.0
2015-12-07 13:44:00,1663.0,15.0
2015-12-07 14:59:00,1662.0,15.0
2015-12-08 09:49:00,1642.0,13.0
2015-12-08 10:03:00,1642.0,11.0
2015-12-08 10:07:00,1641.0,9.0
2015-12-08 10:09:00,1642.0,3.0
2015-12-08 10:44:00,1647.0,5.0
2015-12-08 13:39:00,1653.0,7.0
2015-12-08 14:19:00,1647.0,5.0
2015-12-08 14:54:00,1644.0,3.0
2015-12-08 14:59:00,1649.0,5.0
2015-12-09 09:49:00,1656.0,7.0
2015-12-09 10:03:00,1655.0,9.0
2015-12-09 10:07:00,1653.0,11.0
2015-12-09 13:49:00,1650.0,9.0
2015-12-09 13:56:00,1650.0,7.0
2015-12-09 14:53:00,1650.0,5.0
2015-12-09 14:59:00,1651.0,5.0
2015-12-10 10:09:00,1647.0,3.0
2015-12-10 10:31:00,1646.0,1.0
2015-12-10 13:39:00,1642.0,-1.0
2015-12-10 13:59:00,1642.0,-3.0
2015-12-10 14:59:00,1642.0,-3.0
2015-12-11 10:34:00,1645.0,-1.0
2015-12-11 10:44:00,1646.0,1.0
2015-12-11 13:32:00,1651.0,3.0
2015-12-11 13:54:00,1649.0,3.0
2015-12-11 14:07:00,1649.0,5.0
2015-12-11 14:24:00,1650.0,7.0
2015-12-11 14:37:00,1650.0,9.0
2015-12-11 14:39:00,1652.0,9.0
2015-12-11 14:49:00,1653.0,11.0
2015-12-11 14:59:00,1652.0,11.0
2015-12-14 10:04:00,1644.0,9.0
2015-12-14 10:14:00,1645.0,7.0
2015-12-14 10:54:00,1654.0,9.0
2015-12-14 11:14:00,1659.0,11.0
2015-12-14 13:34:00,1659.0,13.0
2015-12-14 13:53:00,1659.0,15.0
2015-12-14 14:59:00,1660.0,15.0
2015-12-15 09:24:00,1678.0,17.0
2015-12-15 13:34:00,1660.0,15.0
2015-12-15 14:18:00,1658.0,13.0
2015-12-15 14:23:00,1658.0,11.0
2015-12-15 14:31:00,1660.0,9.0
2015-12-15 14:35:00,1660.0,7.0
2015-12-15 14:37:00,1659.0,5.0
2015-12-15 14:39:00,1658.0,3.0
2015-12-15 14:53:00,1658.0,1.0
2015-12-15 14:59:00,1656.0,1.0
2015-12-16 11:01:00,1666.0,3.0
2015-12-16 11:05:00,1665.0,5.0
2015-12-16 11:07:00,1665.0,7.0
2015-12-16 11:08:00,1665.0,9.0
2015-12-16 11:19:00,1665.0,11.0
2015-12-16 13:34:00,1665.0,13.0
2015-12-16 13:35:00,1666.0,15.0
2015-12-16 14:02:00,1666.0,17.0
2015-12-16 14:59:00,1671.0,17.0
2015-12-17 14:59:00,1679.0,17.0
2015-12-18 14:59:00,1713.0,17.0
2015-12-21 14:59:00,1752.0,17.0
2015-12-22 10:03:00,1733.0,15.0
2015-12-22 10:09:00,1734.0,11.0
2015-12-22 10:47:00,1731.0,5.0
2015-12-22 10:51:00,1729.0,3.0
2015-12-22 10:59:00,1728.0,-1.0
2015-12-22 11:25:00,1730.0,-3.0
2015-12-22 14:59:00,1737.0,-3.0
2015-12-23 13:34:00,1724.0,-5.0
2015-12-23 14:59:00,1723.0,-5.0
2015-12-24 09:02:00,1733.0,-3.0
2015-12-24 09:37:00,1737.0,-1.0
2015-12-24 10:03:00,1736.0,1.0
2015-12-24 10:07:00,1736.0,3.0
2015-12-24 10:09:00,1736.0,3.0
2015-12-24 10:39:00,1729.0,1.0
2015-12-24 13:34:00,1743.0,3.0
2015-12-24 14:54:00,1731.0,1.0
2015-12-24 14:59:00,1731.0,1.0
2015-12-25 11:09:00,1736.0,3.0
2015-12-25 13:34:00,1736.0,5.0
2015-12-25 14:09:00,1739.0,7.0
2015-12-25 14:19:00,1740.0,9.0
2015-12-25 14:44:00,1740.0,11.0
2015-12-25 14:47:00,1740.0,13.0
2015-12-25 14:59:00,1742.0,13.0
2015-12-28 10:09:00,1730.0,11.0
2015-12-28 10:14:00,1730.0,9.0
2015-12-28 10:30:00,1730.0,7.0
2015-12-28 14:41:00,1743.0,9.0
2015-12-28 14:49:00,1745.0,13.0
2015-12-28 14:50:00,1744.0,15.0
2015-12-28 14:59:00,1745.0,15.0
2015-12-29 10:47:00,1769.0,17.0
2015-12-29 14:59:00,1784.0,17.0
2015-12-30 14:59:00,1783.0,17.0
2015-12-31 14:59:00,1786.0,15.0
2016-01-04 13:34:00,1792.0,13.0
2016-01-04 14:05:00,1793.0,11.0
2016-01-04 14:07:00,1792.0,9.0
2016-01-04 14:11:00,1787.0,7.0
2016-01-04 14:24:00,1780.0,3.0
2016-01-04 14:59:00,1779.0,3.0
2016-01-05 09:29:00,1767.0,1.0
2016-01-05 13:44:00,1785.0,-1.0
2016-01-05 13:49:00,1784.0,1.0
2016-01-05 14:59:00,1790.0,1.0
2016-01-06 10:07:00,1774.0,-1.0
2016-01-06 10:09:00,1773.0,-3.0
2016-01-06 10:10:00,1772.0,-5.0
2016-01-06 10:47:00,1775.0,-7.0
2016-01-06 10:51:00,1773.0,-9.0
2016-01-06 14:59:00,1777.0,-9.0
2016-01-07 14:59:00,1775.0,-9.0
2016-01-08 09:49:00,1764.0,-11.0
2016-01-08 10:14:00,1767.0,-13.0
2016-01-08 13:44:00,1767.0,-15.0
2016-01-08 14:59:00,1761.0,-15.0
2016-01-11 11:24:00,1768.0,-13.0
2016-01-11 14:14:00,1770.0,-11.0
2016-01-11 14:19:00,1769.0,-13.0
2016-01-11 14:59:00,1759.0,-13.0
2016-01-12 09:44:00,1752.0,-15.0
2016-01-12 09:59:00,1756.0,-17.0
2016-01-12 14:59:00,1741.0,-17.0
2016-01-13 14:59:00,1741.0,-17.0
2016-01-14 11:17:00,1748.0,-15.0
2016-01-14 11:19:00,1747.0,-11.0
2016-01-14 11:21:00,1748.0,-7.0
2016-01-14 11:24:00,1747.0,-5.0
2016-01-14 13:34:00,1751.0,-3.0
2016-01-14 13:44:00,1749.0,-1.0
2016-01-14 13:45:00,1749.0,1.0
2016-01-14 13:47:00,1749.0,3.0
2016-01-14 13:49:00,1748.0,5.0
2016-01-14 14:59:00,1759.0,5.0
2016-01-15 09:49:00,1781.0,7.0
2016-01-15 10:09:00,1779.0,9.0
2016-01-15 11:29:00,1782.0,11.0
2016-01-15 13:39:00,1782.0,13.0
2016-01-15 14:44:00,1778.0,15.0
2016-01-15 14:59:00,1778.0,15.0
2016-01-18 09:44:00,1818.0,17.0
2016-01-18 14:59:00,1827.0,17.0
2016-01-19 14:59:00,1840.0,17.0
2016-01-20 10:14:00,1824.0,15.0
2016-01-20 10:31:00,1824.0,13.0
2016-01-20 10:53:00,1824.0,9.0
2016-01-20 10:57:00,1823.0,7.0
2016-01-20 13:34:00,1815.0,5.0
2016-01-20 13:44:00,1818.0,7.0
2016-01-20 13:49:00,1817.0,5.0
2016-01-20 13:54:00,1818.0,7.0
2016-01-20 14:09:00,1820.0,5.0
2016-01-20 14:13:00,1820.0,3.0
2016-01-20 14:54:00,1817.0,1.0
2016-01-20 14:57:00,1817.0,-1.0
2016-01-20 14:59:00,1818.0,1.0
2016-01-21 10:59:00,1818.0,-1.0
2016-01-21 13:34:00,1811.0,-3.0
2016-01-21 14:34:00,1811.0,-7.0
2016-01-21 14:59:00,1808.0,-7.0
2016-01-22 10:09:00,1837.0,-3.0
2016-01-22 10:47:00,1836.0,-1.0
2016-01-22 10:51:00,1834.0,1.0
2016-01-22 13:34:00,1832.0,3.0
2016-01-22 14:39:00,1827.0,-1.0
2016-01-22 14:59:00,1823.0,-1.0
2016-01-25 10:07:00,1842.0,1.0
2016-01-25 10:09:00,1843.0,7.0
2016-01-25 10:11:00,1848.0,9.0
2016-01-25 10:39:00,1844.0,11.0
2016-01-25 10:47:00,1849.0,13.0
2016-01-25 10:51:00,1848.0,15.0
2016-01-25 13:34:00,1847.0,17.0
2016-01-25 14:59:00,1839.0,17.0
2016-01-26 14:59:00,1844.0,17.0
2016-01-27 14:59:00,1861.0,17.0
2016-01-28 10:03:00,1843.0,15.0
2016-01-28 10:07:00,1843.0,13.0
2016-01-28 10:09:00,1845.0,5.0
2016-01-28 10:47:00,1842.0,-1.0
2016-01-28 10:49:00,1843.0,-3.0
2016-01-28 10:51:00,1844.0,-5.0
2016-01-28 10:54:00,1845.0,-3.0
2016-01-28 11:09:00,1841.0,-5.0
2016-01-28 13:34:00,1839.0,-7.0
2016-01-28 13:49:00,1835.0,-9.0
2016-01-28 13:59:00,1830.0,-11.0
2016-01-28 14:04:00,1830.0,-13.0
2016-01-28 14:59:00,1815.0,-13.0
2016-01-29 09:44:00,1818.0,-15.0
2016-01-29 11:29:00,1810.0,-17.0
2016-01-29 14:59:00,1814.0,-17.0
2016-02-01 09:49:00,1837.0,-15.0
2016-02-01 10:03:00,1835.0,-13.0
2016-02-01 10:07:00,1833.0,-11.0
2016-02-01 10:09:00,1833.0,-9.0
2016-02-01 10:14:00,1831.0,-11.0
2016-02-01 10:47:00,1831.0,-9.0
2016-02-01 10:50:00,1832.0,-7.0
2016-02-01 10:51:00,1832.0,-5.0
2016-02-01 14:36:00,1820.0,-7.0
2016-02-01 14:45:00,1821.0,-9.0
2016-02-01 14:55:00,1821.0,-13.0
2016-02-01 14:56:00,1820.0,-15.0
2016-02-01 14:59:00,1819.0,-15.0
2016-02-02 10:07:00,1807.0,-17.0
2016-02-02 14:59:00,1815.0,-17.0
2016-02-03 10:33:00,1814.0,-15.0
2016-02-03 10:49:00,1817.0,-13.0
2016-02-03 11:29:00,1822.0,-11.0
2016-02-03 13:34:00,1823.0,-9.0
2016-02-03 13:49:00,1820.0,-5.0
2016-02-03 13:53:00,1820.0,-1.0
2016-02-03 13:54:00,1821.0,3.0
2016-02-03 14:12:00,1825.0,5.0
2016-02-03 14:59:00,1825.0,5.0
2016-02-04 09:49:00,1843.0,7.0
2016-02-04 10:09:00,1847.0,9.0
2016-02-04 10:14:00,1846.0,11.0
2016-02-04 11:29:00,1847.0,13.0
2016-02-04 14:49:00,1850.0,15.0
2016-02-04 14:59:00,1850.0,15.0
2016-02-05 10:03:00,1835.0,13.0
2016-02-05 10:07:00,1835.0,11.0
2016-02-05 10:09:00,1836.0,3.0
2016-02-05 10:47:00,1836.0,-3.0
2016-02-05 10:51:00,1836.0,-5.0
2016-02-05 13:34:00,1831.0,-7.0
2016-02-05 14:04:00,1829.0,-9.0
2016-02-05 14:14:00,1832.0,-7.0
2016-02-05 14:24:00,1833.0,-5.0
2016-02-05 14:59:00,1842.0,-5.0
2016-02-15 09:43:00,1847.0,-3.0
2016-02-15 09:57:00,1848.0,-1.0
2016-02-15 10:04:00,1850.0,3.0
2016-02-15 10:05:00,1849.0,5.0
2016-02-15 10:08:00,1849.0,7.0
2016-02-15 10:09:00,1849.0,9.0
2016-02-15 10:13:00,1850.0,11.0
2016-02-15 10:37:00,1854.0,13.0
2016-02-15 11:14:00,1856.0,15.0
2016-02-15 14:42:00,1870.0,17.0
2016-02-15 14:59:00,1871.0,17.0
2016-02-16 14:44:00,1863.0,13.0
2016-02-16 14:49:00,1864.0,11.0
2016-02-16 14:53:00,1863.0,5.0
2016-02-16 14:54:00,1864.0,3.0
2016-02-16 14:57:00,1865.0,1.0
2016-02-16 14:59:00,1864.0,1.0
2016-02-17 14:53:00,1859.0,-1.0
2016-02-17 14:59:00,1860.0,-1.0
2016-02-18 11:29:00,1861.0,-3.0
2016-02-18 13:44:00,1858.0,-5.0
2016-02-18 14:39:00,1864.0,-7.0
2016-02-18 14:59:00,1868.0,-7.0
2016-02-19 09:37:00,1866.0,-5.0
2016-02-19 09:41:00,1867.0,-3.0
2016-02-19 09:43:00,1867.0,-1.0
2016-02-19 09:47:00,1866.0,1.0
2016-02-19 10:01:00,1868.0,3.0
2016-02-19 10:04:00,1868.0,7.0
2016-02-19 10:34:00,1870.0,9.0
2016-02-19 10:41:00,1870.0,11.0
2016-02-19 13:34:00,1884.0,13.0
2016-02-19 13:55:00,1886.0,15.0
2016-02-19 14:59:00,1889.0,15.0
2016-02-22 14:39:00,1936.0,17.0
2016-02-22 14:59:00,1948.0,17.0
2016-02-23 11:05:00,1921.0,15.0
2016-02-23 11:07:00,1921.0,13.0
2016-02-23 11:13:00,1920.0,11.0
2016-02-23 11:19:00,1920.0,9.0
2016-02-23 11:23:00,1918.0,7.0
2016-02-23 13:51:00,1920.0,5.0
2016-02-23 14:14:00,1916.0,1.0
2016-02-23 14:15:00,1916.0,-1.0
2016-02-23 14:59:00,1920.0,-1.0
2016-02-24 13:34:00,1916.0,-3.0
2016-02-24 14:59:00,1919.0,-3.0
2016-02-25 10:03:00,1936.0,-1.0
2016-02-25 10:07:00,1937.0,1.0
2016-02-25 10:09:00,1937.0,3.0
2016-02-25 10:14:00,1939.0,7.0
2016-02-25 10:33:00,1938.0,9.0
2016-02-25 10:44:00,1932.0,7.0
2016-02-25 11:24:00,1931.0,9.0
2016-02-25 13:44:00,1928.0,11.0
2016-02-25 13:49:00,1928.0,9.0
2016-02-25 13:53:00,1929.0,7.0
2016-02-25 14:04:00,1924.0,5.0
2016-02-25 14:19:00,1918.0,3.0
2016-02-25 14:29:00,1914.0,-1.0
2016-02-25 14:59:00,1916.0,-3.0
2016-02-26 09:29:00,1903.0,-5.0
2016-02-26 10:09:00,1900.0,-7.0
2016-02-26 11:29:00,1899.0,-9.0
2016-02-26 13:53:00,1905.0,-7.0
2016-02-26 14:43:00,1914.0,-5.0
2016-02-26 14:59:00,1909.0,-5.0
2016-02-29 09:14:00,1918.0,-3.0
2016-02-29 09:17:00,1915.0,-1.0
2016-02-29 09:25:00,1914.0,1.0
2016-02-29 09:37:00,1914.0,3.0
2016-02-29 10:09:00,1921.0,5.0
2016-02-29 10:34:00,1934.0,9.0
2016-02-29 10:59:00,1933.0,11.0
2016-02-29 11:29:00,1928.0,13.0
2016-02-29 13:34:00,1933.0,15.0
2016-02-29 14:59:00,1952.0,15.0
2016-03-01 13:49:00,1977.0,17.0
2016-03-01 14:59:00,1977.0,17.0
2016-03-02 14:59:00,1986.0,17.0
2016-03-03 10:11:00,1979.0,15.0
2016-03-03 10:31:00,1979.0,13.0
2016-03-03 10:55:00,1976.0,11.0
2016-03-03 10:59:00,1976.0,7.0
2016-03-03 11:20:00,1972.0,5.0
2016-03-03 11:25:00,1971.0,3.0
2016-03-03 13:34:00,1971.0,-1.0
2016-03-03 14:59:00,1967.0,-1.0
2016-03-04 10:39:00,1966.0,-3.0
2016-03-04 11:04:00,1975.0,-1.0
2016-03-04 13:34:00,1981.0,1.0
2016-03-04 14:51:00,1981.0,3.0
2016-03-04 14:53:00,1981.0,5.0
2016-03-04 14:57:00,1985.0,7.0
2016-03-04 14:59:00,1990.0,7.0
2016-03-07 09:47:00,2072.0,9.0
2016-03-07 10:04:00,2072.0,13.0
2016-03-07 10:05:00,2072.0,15.0
2016-03-07 10:31:00,2072.0,17.0
2016-03-07 14:59:00,2072.0,17.0
2016-03-08 10:09:00,2096.0,16.0
2016-03-08 10:14:00,2142.0,17.0
2016-03-08 10:34:00,2125.0,16.0
2016-03-08 11:27:00,2126.0,14.0
2016-03-08 13:34:00,2186.0,15.0
2016-03-08 14:59:00,2192.0,15.0
2016-03-09 09:04:00,2061.0,14.0
2016-03-09 10:09:00,2055.0,12.0
2016-03-09 10:39:00,2049.0,8.0
2016-03-09 10:47:00,2052.0,6.0
2016-03-09 10:50:00,2050.0,4.0
2016-03-09 10:51:00,2047.0,2.0
2016-03-09 13:34:00,2057.0,1.0
2016-03-09 14:59:00,2080.0,1.0
2016-03-10 09:04:00,2138.0,2.0
2016-03-10 09:24:00,2108.0,1.0
2016-03-10 09:29:00,2118.0,2.0
2016-03-10 09:37:00,2118.0,4.0
2016-03-10 09:49:00,2092.0,3.0
2016-03-10 11:09:00,2118.0,4.0
2016-03-10 11:11:00,2118.0,6.0
2016-03-10 13:34:00,2109.0,5.0
2016-03-10 13:39:00,2110.0,6.0
2016-03-10 13:49:00,2101.0,5.0
2016-03-10 14:29:00,2115.0,6.0
2016-03-10 14:34:00,2109.0,5.0
2016-03-10 14:39:00,2112.0,6.0
2016-03-10 14:44:00,2104.0,5.0
2016-03-10 14:59:00,2106.0,5.0
2016-03-11 10:41:00,2089.0,1.0
2016-03-11 10:59:00,2090.0,-1.0
2016-03-11 13:34:00,2078.0,-3.0
2016-03-11 14:14:00,2050.0,-5.0
2016-03-11 14:37:00,2049.0,-7.0
2016-03-11 14:41:00,2059.0,-9.0
2016-03-11 14:59:00,2049.0,-9.0
2016-03-14 09:54:00,2053.0,-11.0
2016-03-14 10:39:00,2065.0,-9.0
2016-03-14 13:54:00,2048.0,-13.0
2016-03-14 14:59:00,2005.0,-13.0
2016-03-15 10:31:00,2000.0,-15.0
2016-03-15 13:34:00,1997.0,-17.0
2016-03-15 14:59:00,1988.0,-17.0
2016-03-16 10:03:00,2024.0,-15.0
2016-03-16 10:07:00,2020.0,-13.0
2016-03-16 10:09:00,2014.0,-9.0
2016-03-16 10:51:00,2010.0,-7.0
2016-03-16 10:56:00,2012.0,-5.0
2016-03-16 14:59:00,2026.0,-5.0
2016-03-17 09:04:00,2075.0,-4.0
2016-03-17 09:25:00,2064.0,-2.0
2016-03-17 10:04:00,2071.0,4.0
2016-03-17 10:09:00,2065.0,6.0
2016-03-17 10:39:00,2062.0,8.0
2016-03-17 11:04:00,2063.0,6.0
2016-03-17 11:29:00,2090.0,8.0
2016-03-17 13:34:00,2089.0,9.0
2016-03-17 13:39:00,2085.0,11.0
2016-03-17 13:44:00,2081.0,13.0
2016-03-17 14:04:00,2086.0,15.0
2016-03-17 14:59:00,2095.0,15.0
2016-03-18 14:59:00,2128.0,15.0
2016-03-21 11:29:00,2192.0,17.0
2016-03-21 14:59:00,2156.0,16.0
2016-03-22 09:04:00,2185.0,17.0
2016-03-22 14:14:00,2166.0,15.0
2016-03-22 14:19:00,2170.0,17.0
2016-03-22 14:49:00,2165.0,15.0
2016-03-22 14:54:00,2167.0,17.0
2016-03-22 14:59:00,2170.0,17.0
2016-03-23 14:39:00,2221.0,15.0
2016-03-23 14:54:00,2211.0,13.0
2016-03-23 14:59:00,2210.0,11.0
2016-03-24 09:08:00,2210.0,9.0
2016-03-24 09:19:00,2156.0,8.0
2016-03-24 09:37:00,2158.0,6.0
2016-03-24 13:34:00,2185.0,5.0
2016-03-24 13:44:00,2175.0,3.0
2016-03-24 14:49:00,2139.0,1.0
2016-03-24 14:54:00,2138.0,-1.0
2016-03-24 14:59:00,2145.0,-1.0
2016-03-25 10:12:00,2173.0,1.0
2016-03-25 10:44:00,2174.0,3.0
2016-03-25 10:47:00,2175.0,5.0
2016-03-25 10:49:00,2174.0,7.0
2016-03-25 13:49:00,2180.0,9.0
2016-03-25 14:29:00,2193.0,10.0
2016-03-25 14:34:00,2183.0,9.0
2016-03-25 14:39:00,2193.0,10.0
2016-03-25 14:44:00,2201.0,11.0
2016-03-25 14:59:00,2213.0,13.0
2016-03-28 09:31:00,2219.0,15.0
2016-03-28 10:09:00,2211.0,13.0
2016-03-28 14:34:00,2186.0,11.0
2016-03-28 14:59:00,2163.0,11.0
2016-03-29 09:29:00,2175.0,9.0
2016-03-29 09:42:00,2173.0,7.0
2016-03-29 09:43:00,2174.0,5.0
2016-03-29 09:47:00,2172.0,1.0
2016-03-29 09:55:00,2164.0,-1.0
2016-03-29 09:59:00,2162.0,-5.0
2016-03-29 10:09:00,2173.0,-3.0
2016-03-29 10:35:00,2173.0,-5.0
2016-03-29 11:24:00,2158.0,-7.0
2016-03-29 11:29:00,2164.0,-9.0
2016-03-29 13:39:00,2171.0,-7.0
2016-03-29 13:49:00,2171.0,-9.0
2016-03-29 14:24:00,2170.0,-11.0
2016-03-29 14:29:00,2184.0,-9.0
2016-03-29 14:49:00,2169.0,-11.0
2016-03-29 14:59:00,2183.0,-9.0
2016-03-30 09:44:00,2135.0,-11.0
2016-03-30 09:49:00,2129.0,-13.0
2016-03-30 10:09:00,2137.0,-15.0
2016-03-30 10:14:00,2138.0,-17.0
2016-03-30 14:59:00,2134.0,-17.0
2016-03-31 14:35:00,2140.0,-15.0
2016-03-31 14:54:00,2146.0,-13.0
2016-03-31 14:59:00,2150.0,-11.0
2016-04-01 09:02:00,2178.0,-9.0
2016-04-01 09:04:00,2181.0,-8.0
2016-04-01 09:29:00,2171.0,-9.0
2016-04-01 09:34:00,2172.0,-8.0
2016-04-01 09:37:00,2177.0,-6.0
2016-04-01 09:49:00,2178.0,-4.0
2016-04-01 09:55:00,2178.0,-2.0
2016-04-01 10:04:00,2182.0,0.0
2016-04-01 10:09:00,2181.0,6.0
2016-04-01 10:31:00,2185.0,8.0
2016-04-01 10:39:00,2171.0,7.0
2016-04-01 10:44:00,2171.0,5.0
2016-04-01 10:49:00,2173.0,6.0
2016-04-01 10:59:00,2179.0,8.0
2016-04-01 13:34:00,2174.0,9.0
2016-04-01 13:39:00,2175.0,11.0
2016-04-01 14:49:00,2196.0,13.0
2016-04-01 14:59:00,2203.0,13.0
2016-04-05 09:49:00,2174.0,11.0
2016-04-05 10:39:00,2179.0,13.0
2016-04-05 14:59:00,2205.0,13.0
2016-04-06 10:33:00,2189.0,11.0
2016-04-06 11:29:00,2191.0,13.0
2016-04-06 13:34:00,2177.0,11.0
2016-04-06 14:59:00,2193.0,13.0
2016-04-07 14:59:00,2201.0,13.0
2016-04-08 14:34:00,2203.0,11.0
2016-04-08 14:49:00,2204.0,13.0
2016-04-08 14:59:00,2207.0,13.0
2016-04-11 10:09:00,2285.0,15.0
2016-04-11 14:59:00,2299.0,15.0
2016-04-12 14:14:00,2319.0,17.0
2016-04-12 14:59:00,2344.0,17.0
2016-04-13 11:09:00,2342.0,16.0
2016-04-13 11:14:00,2347.0,17.0
2016-04-13 14:59:00,2352.0,17.0
2016-04-14 10:05:00,2362.0,15.0
2016-04-14 10:33:00,2360.0,13.0
2016-04-14 10:37:00,2363.0,11.0
2016-04-14 13:34:00,2336.0,9.0
2016-04-14 14:14:00,2323.0,7.0
2016-04-14 14:24:00,2318.0,3.0
2016-04-14 14:25:00,2319.0,1.0
2016-04-14 14:29:00,2323.0,-1.0
2016-04-14 14:44:00,2318.0,-3.0
2016-04-14 14:55:00,2321.0,-5.0
2016-04-14 14:59:00,2322.0,-5.0
2016-04-15 13:41:00,2309.0,-7.0
2016-04-15 14:19:00,2316.0,-9.0
2016-04-15 14:59:00,2297.0,-9.0
2016-04-18 09:09:00,2357.0,-8.0
2016-04-18 09:14:00,2354.0,-9.0
2016-04-18 09:19:00,2359.0,-8.0
2016-04-18 10:03:00,2366.0,-6.0
2016-04-18 10:07:00,2367.0,-4.0
2016-04-18 10:09:00,2370.0,4.0
2016-04-18 10:10:00,2374.0,6.0
2016-04-18 10:47:00,2364.0,12.0
2016-04-18 10:51:00,2365.0,14.0
2016-04-18 11:14:00,2374.0,12.0
2016-04-18 13:34:00,2384.0,15.0
2016-04-18 14:09:00,2392.0,17.0
2016-04-18 14:59:00,2387.0,17.0
2016-04-19 14:59:00,2492.0,17.0
2016-04-20 14:59:00,2590.0,17.0
2016-04-21 14:59:00,2747.0,17.0
2016-04-22 09:04:00,2648.0,16.0
2016-04-22 09:59:00,2712.0,17.0
2016-04-22 10:04:00,2697.0,16.0
2016-04-22 13:34:00,2625.0,15.0
2016-04-22 13:50:00,2619.0,13.0
2016-04-22 14:09:00,2628.0,11.0
2016-04-22 14:27:00,2612.0,9.0
2016-04-22 14:31:00,2629.0,5.0
2016-04-22 14:34:00,2606.0,1.0
2016-04-22 14:35:00,2608.0,-1.0
2016-04-22 14:39:00,2610.0,-3.0
2016-04-22 14:59:00,2615.0,-3.0
2016-04-25 14:59:00,2636.0,-3.0
2016-04-26 10:09:00,2632.0,-5.0
2016-04-26 13:34:00,2578.0,-7.0
2016-04-26 14:31:00,2527.0,-9.0
2016-04-26 14:59:00,2548.0,-9.0
2016-04-27 09:54:00,2547.0,-11.0
2016-04-27 10:39:00,2523.0,-13.0
2016-04-27 11:29:00,2466.0,-15.0
2016-04-27 13:35:00,2448.0,-17.0
2016-04-27 14:59:00,2493.0,-17.0
2016-04-28 09:54:00,2517.0,-16.0
2016-04-28 10:01:00,2515.0,-14.0
2016-04-28 10:07:00,2511.0,-12.0
2016-04-28 10:56:00,2520.0,-10.0
2016-04-28 11:04:00,2521.0,-8.0
2016-04-28 11:07:00,2524.0,-6.0
2016-04-28 11:11:00,2522.0,-4.0
2016-04-28 13:37:00,2531.0,-2.0
2016-04-28 13:54:00,2523.0,0.0
2016-04-28 14:09:00,2510.0,-1.0
2016-04-28 14:14:00,2520.0,0.0
2016-04-28 14:59:00,2530.0,0.0
2016-04-29 13:34:00,2553.0,1.0
2016-04-29 14:34:00,2574.0,3.0
2016-04-29 14:44:00,2563.0,1.0
2016-04-29 14:59:00,2571.0,1.0
2016-05-03 09:04:00,2485.0,0.0
2016-05-03 10:03:00,2463.0,-2.0
2016-05-03 10:07:00,2466.0,-4.0
2016-05-03 10:09:00,2466.0,-8.0
2016-05-03 10:47:00,2462.0,-14.0
2016-05-03 10:51:00,2462.0,-16.0
2016-05-03 13:34:00,2435.0,-17.0
2016-05-03 14:59:00,2442.0,-17.0
2016-05-04 14:59:00,2371.0,-17.0
2016-05-05 14:59:00,2298.0,-17.0
2016-05-06 14:57:00,2320.0,-15.0
2016-05-06 14:59:00,2326.0,-13.0
2016-05-09 10:47:00,2172.0,-15.0
2016-05-09 10:49:00,2172.0,-17.0
2016-05-09 14:59:00,2165.0,-17.0
2016-05-10 13:34:00,2151.0,-16.0
2016-05-10 14:04:00,2136.0,-17.0
2016-05-10 14:19:00,2141.0,-16.0
2016-05-10 14:38:00,2139.0,-14.0
2016-05-10 14:39:00,2136.0,-15.0
2016-05-10 14:44:00,2141.0,-14.0
2016-05-10 14:49:00,2133.0,-15.0
2016-05-10 14:54:00,2141.0,-14.0
2016-05-10 14:56:00,2145.0,-12.0
2016-05-10 14:59:00,2138.0,-10.0
2016-05-11 09:34:00,2129.0,-11.0
2016-05-11 11:17:00,2128.0,-15.0
2016-05-11 11:29:00,2141.0,-14.0
2016-05-11 14:56:00,2142.0,-12.0
2016-05-11 14:59:00,2139.0,-12.0
2016-05-12 09:09:00,2136.0,-13.0
2016-05-12 09:14:00,2139.0,-12.0
2016-05-12 09:29:00,2134.0,-13.0
2016-05-12 09:54:00,2139.0,-12.0
2016-05-12 10:13:00,2139.0,-14.0
2016-05-12 10:34:00,2135.0,-15.0
2016-05-12 10:44:00,2133.0,-17.0
2016-05-12 14:59:00,2069.0,-17.0
2016-05-13 14:59:00,2024.0,-17.0
2016-05-16 09:33:00,2045.0,-15.0
2016-05-16 09:37:00,2049.0,-13.0
2016-05-16 09:39:00,2052.0,-12.0
2016-05-16 09:43:00,2053.0,-10.0
2016-05-16 09:55:00,2049.0,-8.0
2016-05-16 10:09:00,2055.0,-4.0
2016-05-16 10:11:00,2054.0,-2.0
2016-05-16 10:31:00,2063.0,0.0
2016-05-16 10:59:00,2061.0,4.0
2016-05-16 13:39:00,2044.0,3.0
2016-05-16 14:19:00,2049.0,4.0
2016-05-16 14:59:00,2046.0,3.0
2016-05-17 09:04:00,2051.0,4.0
2016-05-17 09:14:00,2046.0,3.0
2016-05-17 09:29:00,2049.0,4.0
2016-05-17 09:39:00,2046.0,3.0
2016-05-17 09:44:00,2049.0,4.0
2016-05-17 09:49:00,2038.0,3.0
2016-05-17 10:34:00,2049.0,4.0
2016-05-17 10:44:00,2045.0,1.0
2016-05-17 10:54:00,2048.0,2.0
2016-05-17 10:59:00,2045.0,1.0
2016-05-17 11:19:00,2048.0,2.0
2016-05-17 13:34:00,2059.0,3.0
2016-05-17 14:19:00,2075.0,5.0
2016-05-17 14:56:00,2096.0,7.0
2016-05-17 14:59:00,2105.0,7.0
2016-05-18 10:09:00,2107.0,9.0
2016-05-18 11:29:00,2067.0,8.0
2016-05-18 13:34:00,2078.0,7.0
2016-05-18 14:25:00,2048.0,5.0
2016-05-18 14:34:00,2046.0,3.0
2016-05-18 14:35:00,2048.0,1.0
2016-05-18 14:37:00,2045.0,-1.0
2016-05-18 14:47:00,2032.0,-3.0
2016-05-18 14:50:00,2035.0,-5.0
2016-05-18 14:53:00,2044.0,-7.0
2016-05-18 14:57:00,2046.0,-9.0
2016-05-18 14:59:00,2047.0,-9.0
2016-05-19 10:39:00,2051.0,-11.0
2016-05-19 11:25:00,2034.0,-13.0
2016-05-19 14:59:00,2036.0,-13.0
2016-05-20 10:49:00,2053.0,-11.0
2016-05-20 11:29:00,2054.0,-13.0
2016-05-20 14:08:00,2059.0,-11.0
2016-05-20 14:24:00,2064.0,-13.0
2016-05-20 14:44:00,2061.0,-11.0
2016-05-20 14:59:00,2055.0,-11.0
2016-05-23 10:09:00,1953.0,-13.0
2016-05-23 10:47:00,1952.0,-15.0
2016-05-23 14:34:00,1923.0,-17.0
2016-05-23 14:59:00,1942.0,-17.0
2016-05-24 14:59:00,1950.0,-15.0
2016-05-25 09:25:00,1949.0,-13.0
2016-05-25 09:37:00,1949.0,-11.0
2016-05-25 11:26:00,1939.0,-13.0
2016-05-25 14:59:00,1912.0,-13.0
2016-05-26 10:09:00,1944.0,-11.0
2016-05-26 10:11:00,1942.0,-9.0
2016-05-26 10:31:00,1941.0,-7.0
2016-05-26 10:34:00,1941.0,-5.0
2016-05-26 10:35:00,1938.0,-3.0
2016-05-26 13:34:00,1939.0,-1.0
2016-05-26 13:49:00,1931.0,-3.0
2016-05-26 14:34:00,1936.0,-1.0
2016-05-26 14:59:00,1946.0,-1.0
2016-05-27 10:54:00,1934.0,1.0
2016-05-27 13:44:00,1990.0,3.0
2016-05-27 13:59:00,1985.0,5.0
2016-05-27 14:02:00,1993.0,7.0
2016-05-27 14:09:00,2022.0,9.0
2016-05-27 14:24:00,2024.0,11.0
2016-05-27 14:49:00,2031.0,13.0
2016-05-27 14:59:00,2024.0,13.0
2016-05-30 09:04:00,1944.0,12.0
2016-05-30 09:49:00,1965.0,10.0
2016-05-30 10:10:00,1968.0,8.0
2016-05-30 10:14:00,1967.0,10.0
2016-05-30 11:04:00,1994.0,11.0
2016-05-30 11:09:00,1999.0,13.0
2016-05-30 11:24:00,1981.0,10.0
2016-05-30 13:44:00,1983.0,11.0
2016-05-30 14:04:00,1989.0,13.0
2016-05-30 14:19:00,1981.0,12.0
2016-05-30 14:24:00,1993.0,13.0
2016-05-30 14:44:00,1978.0,12.0
2016-05-30 14:49:00,1984.0,13.0
2016-05-30 14:59:00,1984.0,13.0
2016-05-31 09:24:00,1990.0,15.0
2016-05-31 10:59:00,1982.0,14.0
2016-05-31 11:09:00,1986.0,15.0
2016-05-31 14:49:00,1982.0,14.0
2016-05-31 14:59:00,1973.0,14.0
2016-06-01 09:49:00,1951.0,10.0
2016-06-01 09:57:00,1953.0,8.0
2016-06-01 09:59:00,1955.0,4.0
2016-06-01 10:31:00,1956.0,2.0
2016-06-01 10:32:00,1954.0,0.0
2016-06-01 10:33:00,1954.0,-2.0
2016-06-01 10:35:00,1953.0,-4.0
2016-06-01 13:34:00,1951.0,-5.0
2016-06-01 13:39:00,1951.0,-7.0
2016-06-01 14:14:00,1949.0,-9.0
2016-06-01 14:59:00,1951.0,-9.0
2016-06-02 09:49:00,1967.0,-7.0
2016-06-02 10:07:00,1963.0,-5.0
2016-06-02 10:09:00,1963.0,-3.0
2016-06-02 10:34:00,1961.0,-1.0
2016-06-02 10:35:00,1963.0,1.0
2016-06-02 10:40:00,1961.0,3.0
2016-06-02 10:44:00,1961.0,1.0
2016-06-02 10:50:00,1963.0,3.0
2016-06-02 10:53:00,1963.0,7.0
2016-06-02 11:29:00,1961.0,5.0
2016-06-02 14:04:00,1953.0,3.0
2016-06-02 14:44:00,1948.0,1.0
2016-06-02 14:59:00,1951.0,1.0
2016-06-03 09:14:00,1988.0,2.0
2016-06-03 09:19:00,1983.0,1.0
2016-06-03 09:29:00,1987.0,2.0
2016-06-03 09:34:00,1983.0,1.0
2016-06-03 09:49:00,1984.0,3.0
2016-06-03 09:59:00,1995.0,4.0
2016-06-03 10:09:00,1995.0,8.0
2016-06-03 10:47:00,1991.0,10.0
2016-06-03 10:49:00,1988.0,8.0
2016-06-03 11:19:00,1986.0,7.0
2016-06-03 13:34:00,1982.0,9.0
2016-06-03 14:59:00,1985.0,9.0
2016-06-06 09:24:00,2000.0,11.0
2016-06-06 10:14:00,2001.0,13.0
2016-06-06 14:59:00,2054.0,13.0
2016-06-07 11:29:00,2071.0,15.0
2016-06-07 14:59:00,2070.0,15.0
2016-06-08 10:34:00,2086.0,17.0
2016-06-08 14:59:00,2089.0,17.0
2016-06-13 14:59:00,2156.0,17.0
2016-06-14 10:09:00,2129.0,15.0
2016-06-14 10:31:00,2124.0,13.0
2016-06-14 10:34:00,2118.0,10.0
2016-06-14 10:41:00,2110.0,8.0
2016-06-14 10:50:00,2101.0,6.0
2016-06-14 10:51:00,2100.0,4.0
2016-06-14 11:19:00,2083.0,0.0
2016-06-14 11:21:00,2085.0,-2.0
2016-06-14 11:24:00,2093.0,-4.0
2016-06-14 13:34:00,2094.0,-5.0
2016-06-14 13:47:00,2092.0,-7.0
2016-06-14 14:59:00,2064.0,-9.0
2016-06-15 10:39:00,2075.0,-11.0
2016-06-15 14:59:00,2058.0,-11.0
2016-06-16 10:04:00,2099.0,-10.0
2016-06-16 10:09:00,2098.0,-9.0
2016-06-16 10:34:00,2087.0,-11.0
2016-06-16 10:37:00,2087.0,-7.0
2016-06-16 10:43:00,2088.0,-5.0
2016-06-16 10:47:00,2089.0,-3.0
2016-06-16 10:55:00,2080.0,-1.0
2016-06-16 11:09:00,2082.0,1.0
2016-06-16 11:17:00,2084.0,3.0
2016-06-16 14:59:00,2065.0,3.0
2016-06-17 09:32:00,2047.0,1.0
2016-06-17 09:35:00,2048.0,-1.0
2016-06-17 09:39:00,2044.0,-3.0
2016-06-17 09:49:00,2046.0,-5.0
2016-06-17 09:59:00,2051.0,-7.0
2016-06-17 10:01:00,2052.0,-9.0
2016-06-17 10:05:00,2049.0,-11.0
2016-06-17 10:09:00,2047.0,-13.0
2016-06-17 10:45:00,2057.0,-15.0
2016-06-17 14:59:00,2067.0,-15.0
2016-06-20 09:51:00,2065.0,-13.0
2016-06-20 09:55:00,2067.0,-9.0
2016-06-20 14:34:00,2060.0,-7.0
2016-06-20 14:59:00,2055.0,-7.0
2016-06-21 09:17:00,2086.0,-5.0
2016-06-21 09:24:00,2092.0,-4.0
2016-06-21 09:49:00,2099.0,-2.0
2016-06-21 09:59:00,2095.0,0.0
2016-06-21 10:31:00,2093.0,2.0
2016-06-21 10:33:00,2093.0,4.0
2016-06-21 10:34:00,2094.0,8.0
2016-06-21 10:37:00,2093.0,10.0
2016-06-21 10:59:00,2086.0,9.0
2016-06-21 11:04:00,2081.0,7.0
2016-06-21 11:19:00,2080.0,5.0
2016-06-21 13:34:00,2070.0,7.0
2016-06-21 14:13:00,2075.0,5.0
2016-06-21 14:33:00,2072.0,3.0
2016-06-21 14:35:00,2071.0,1.0
2016-06-21 14:39:00,2071.0,-1.0
2016-06-21 14:54:00,2070.0,1.0
2016-06-21 14:59:00,2072.0,3.0
2016-06-22 09:24:00,2117.0,5.0
2016-06-22 09:49:00,2115.0,7.0
2016-06-22 10:14:00,2115.0,9.0
2016-06-22 10:47:00,2113.0,13.0
2016-06-22 10:51:00,2113.0,15.0
2016-06-22 14:59:00,2131.0,15.0
2016-06-23 14:59:00,2129.0,15.0
2016-06-24 11:29:00,2116.0,17.0
2016-06-24 13:34:00,2115.0,15.0
2016-06-24 13:39:00,2118.0,17.0
2016-06-24 14:54:00,2114.0,15.0
2016-06-24 14:59:00,2116.0,15.0
2016-06-27 09:04:00,2184.0,16.0
2016-06-27 13:34:00,2237.0,17.0
2016-06-27 14:59:00,2256.0,17.0
2016-06-28 14:59:00,2252.0,17.0
2016-06-29 11:14:00,2233.0,15.0
2016-06-29 13:33:00,2222.0,13.0
2016-06-29 13:37:00,2223.0,11.0
2016-06-29 13:39:00,2222.0,9.0
2016-06-29 13:43:00,2222.0,7.0
2016-06-29 13:44:00,2220.0,3.0
2016-06-29 13:46:00,2218.0,1.0
2016-06-29 13:57:00,2230.0,-1.0
2016-06-29 14:01:00,2228.0,-3.0
2016-06-29 14:27:00,2231.0,-5.0
2016-06-29 14:59:00,2232.0,-5.0
2016-06-30 10:03:00,2284.0,-3.0
2016-06-30 10:09:00,2288.0,-1.0
2016-06-30 10:14:00,2308.0,3.0
2016-06-30 10:39:00,2302.0,7.0
2016-06-30 10:41:00,2305.0,9.0
2016-06-30 10:44:00,2303.0,11.0
2016-06-30 10:47:00,2312.0,13.0
2016-06-30 10:53:00,2316.0,15.0
2016-06-30 11:20:00,2321.0,17.0
2016-06-30 14:59:00,2324.0,17.0
2016-07-01 14:59:00,2334.0,17.0
2016-07-04 14:59:00,2408.0,17.0
2016-07-05 09:29:00,2352.0,16.0
2016-07-05 10:03:00,2329.0,14.0
2016-07-05 10:07:00,2330.0,12.0
2016-07-05 10:09:00,2328.0,6.0
2016-07-05 10:11:00,2331.0,4.0
2016-07-05 10:31:00,2340.0,2.0
2016-07-05 10:47:00,2348.0,-2.0
2016-07-05 10:53:00,2341.0,-4.0
2016-07-05 13:34:00,2343.0,-5.0
2016-07-05 13:39:00,2341.0,-3.0
2016-07-05 14:09:00,2379.0,-1.0
2016-07-05 14:57:00,2392.0,1.0
2016-07-05 14:59:00,2389.0,1.0
2016-07-06 09:14:00,2335.0,0.0
2016-07-06 09:44:00,2341.0,1.0
2016-07-06 10:14:00,2336.0,0.0
2016-07-06 10:34:00,2342.0,1.0
2016-07-06 10:51:00,2336.0,-1.0
2016-07-06 10:59:00,2334.0,-2.0
2016-07-06 11:09:00,2337.0,-1.0
2016-07-06 11:14:00,2331.0,-2.0
2016-07-06 11:19:00,2337.0,-1.0
2016-07-06 11:24:00,2330.0,-2.0
2016-07-06 13:34:00,2350.0,-3.0
2016-07-06 13:54:00,2371.0,-1.0
2016-07-06 14:04:00,2366.0,-3.0
2016-07-06 14:59:00,2361.0,-3.0
2016-07-07 09:34:00,2400.0,-2.0
2016-07-07 09:39:00,2394.0,-3.0
2016-07-07 09:59:00,2399.0,-2.0
2016-07-07 10:04:00,2397.0,-3.0
2016-07-07 10:05:00,2399.0,-1.0
2016-07-07 10:09:00,2404.0,6.0
2016-07-07 10:13:00,2407.0,8.0
2016-07-07 10:44:00,2414.0,10.0
2016-07-07 10:45:00,2412.0,12.0
2016-07-07 10:49:00,2412.0,16.0
2016-07-07 13:34:00,2425.0,17.0
2016-07-07 13:39:00,2409.0,15.0
2016-07-07 13:54:00,2408.0,17.0
2016-07-07 14:19:00,2398.0,15.0
2016-07-07 14:49:00,2354.0,13.0
2016-07-07 14:59:00,2369.0,15.0
2016-07-08 10:33:00,2353.0,13.0
2016-07-08 10:34:00,2353.0,15.0
2016-07-08 14:59:00,2423.0,15.0
2016-07-11 09:29:00,2363.0,14.0
2016-07-11 09:39:00,2364.0,15.0
2016-07-11 10:09:00,2366.0,13.0
2016-07-11 10:47:00,2371.0,11.0
2016-07-11 14:41:00,2407.0,13.0
2016-07-11 14:59:00,2407.0,13.0
2016-07-12 10:31:00,2490.0,15.0
2016-07-12 10:37:00,2483.0,17.0
2016-07-12 14:59:00,2529.0,17.0
2016-07-13 14:59:00,2493.0,16.0
2016-07-14 09:04:00,2500.0,17.0
2016-07-14 09:09:00,2484.0,16.0
2016-07-14 09:20:00,2480.0,14.0
2016-07-14 09:31:00,2473.0,12.0
2016-07-14 09:32:00,2477.0,10.0
2016-07-14 09:37:00,2469.0,6.0
2016-07-14 10:04:00,2477.0,2.0
2016-07-14 10:13:00,2485.0,0.0
2016-07-14 10:14:00,2485.0,-2.0
2016-07-14 10:53:00,2487.0,-4.0
2016-07-14 10:59:00,2504.0,-3.0
2016-07-14 11:14:00,2489.0,-4.0
2016-07-14 14:54:00,2501.0,-3.0
2016-07-14 14:59:00,2502.0,-3.0
2016-07-15 09:04:00,2487.0,-4.0
2016-07-15 10:59:00,2501.0,-3.0
2016-07-15 11:09:00,2495.0,-4.0
2016-07-15 13:34:00,2487.0,-5.0
2016-07-15 14:09:00,2500.0,-7.0
2016-07-15 14:17:00,2505.0,-5.0
2016-07-15 14:29:00,2502.0,-1.0
2016-07-15 14:59:00,2504.0,-1.0
2016-07-18 09:49:00,2416.0,-3.0
2016-07-18 10:09:00,2416.0,-5.0
2016-07-18 10:47:00,2408.0,-9.0
2016-07-18 10:51:00,2400.0,-11.0
2016-07-18 13:39:00,2391.0,-13.0
2016-07-18 14:59:00,2342.0,-13.0
2016-07-19 11:29:00,2288.0,-15.0
2016-07-19 13:39:00,2262.0,-17.0
2016-07-19 14:59:00,2277.0,-17.0
2016-07-20 09:14:00,2314.0,-16.0
2016-07-20 09:19:00,2306.0,-17.0
2016-07-20 14:59:00,2289.0,-17.0
2016-07-21 09:31:00,2301.0,-15.0
2016-07-21 09:41:00,2309.0,-13.0
2016-07-21 09:44:00,2317.0,-12.0
2016-07-21 09:45:00,2323.0,-10.0
2016-07-21 09:56:00,2317.0,-8.0
2016-07-21 10:07:00,2319.0,-6.0
2016-07-21 10:09:00,2319.0,-4.0
2016-07-21 10:31:00,2319.0,-2.0
2016-07-21 10:39:00,2320.0,0.0
2016-07-21 10:54:00,2327.0,4.0
2016-07-21 11:07:00,2335.0,6.0
2016-07-21 13:34:00,2356.0,7.0
2016-07-21 14:59:00,2374.0,7.0
2016-07-22 09:04:00,2336.0,6.0
2016-07-22 09:19:00,2349.0,7.0
2016-07-22 09:24:00,2342.0,6.0
2016-07-22 09:34:00,2345.0,7.0
2016-07-22 09:39:00,2343.0,6.0
2016-07-22 09:44:00,2348.0,7.0
2016-07-22 09:54:00,2344.0,6.0
2016-07-22 10:09:00,2317.0,2.0
2016-07-22 10:47:00,2308.0,-2.0
2016-07-22 10:51:00,2301.0,-4.0
2016-07-22 11:17:00,2291.0,-6.0
2016-07-22 11:19:00,2286.0,-8.0
2016-07-22 11:21:00,2288.0,-10.0
2016-07-22 13:34:00,2283.0,-11.0
2016-07-22 13:44:00,2295.0,-13.0
2016-07-22 13:47:00,2297.0,-15.0
2016-07-22 14:24:00,2291.0,-13.0
2016-07-22 14:34:00,2296.0,-11.0
2016-07-22 14:59:00,2291.0,-11.0
2016-07-25 10:31:00,2344.0,-7.0
2016-07-25 10:34:00,2331.0,-5.0
2016-07-25 10:55:00,2333.0,-3.0
2016-07-25 10:56:00,2325.0,-1.0
2016-07-25 10:59:00,2326.0,1.0
2016-07-25 11:01:00,2323.0,3.0
2016-07-25 11:29:00,2330.0,5.0
2016-07-25 14:59:00,2320.0,5.0
2016-07-26 10:54:00,2318.0,3.0
2016-07-26 13:34:00,2328.0,5.0
2016-07-26 14:39:00,2342.0,7.0
2016-07-26 14:45:00,2339.0,9.0
2016-07-26 14:59:00,2352.0,9.0
2016-07-27 09:49:00,2410.0,11.0
2016-07-27 10:09:00,2411.0,15.0
2016-07-27 13:34:00,2359.0,14.0
2016-07-27 13:39:00,2362.0,15.0
2016-07-27 13:44:00,2361.0,14.0
2016-07-27 13:49:00,2364.0,15.0
2016-07-27 14:14:00,2383.0,13.0
2016-07-27 14:41:00,2370.0,11.0
2016-07-27 14:59:00,2399.0,11.0
2016-07-28 09:24:00,2449.0,13.0
2016-07-28 10:10:00,2458.0,15.0
2016-07-28 10:39:00,2466.0,17.0
2016-07-28 14:59:00,2461.0,17.0
2016-07-29 09:31:00,2446.0,15.0
2016-07-29 10:34:00,2412.0,14.0
2016-07-29 10:39:00,2418.0,11.0
2016-07-29 10:50:00,2417.0,9.0
2016-07-29 10:51:00,2417.0,7.0
2016-07-29 10:53:00,2417.0,5.0
2016-07-29 10:54:00,2418.0,3.0
2016-07-29 10:55:00,2419.0,1.0
2016-07-29 11:04:00,2415.0,0.0
2016-07-29 11:09:00,2422.0,1.0
2016-07-29 11:17:00,2424.0,-1.0
2016-07-29 11:21:00,2421.0,-3.0
2016-07-29 11:25:00,2425.0,-5.0
2016-07-29 13:44:00,2403.0,-7.0
