2015-01-05 09:01:00,2562.0,-4.0
2015-01-05 09:01:00,2562.0,-4.0
2015-01-05 10:31:00,2566.0,-7.0
2015-01-05 11:11:00,2562.0,-12.0
2015-01-05 14:59:00,2564.0,-12.0
2015-01-06 09:00:00,2606.0,-4.0
2015-01-06 09:01:00,2607.0,-5.0
2015-01-06 09:04:00,2618.0,-2.0
2015-01-06 09:05:00,2615.0,-4.0
2015-01-06 09:06:00,2618.0,-2.0
2015-01-06 09:11:00,2615.0,-4.0
2015-01-06 09:16:00,2618.0,-2.0
2015-01-06 09:24:00,2615.0,-4.0
2015-01-06 09:45:00,2616.0,-2.0
2015-01-06 10:31:00,2614.0,-8.0
2015-01-06 10:36:00,2616.0,-4.0
2015-01-06 10:44:00,2614.0,-8.0
2015-01-06 10:47:00,2616.0,-4.0
2015-01-06 10:48:00,2613.0,-8.0
2015-01-06 10:52:00,2616.0,-4.0
2015-01-06 10:57:00,2615.0,-8.0
2015-01-06 10:59:00,2617.0,-4.0
2015-01-06 11:11:00,2620.0,-6.0
2015-01-06 14:59:00,2622.0,-6.0
2015-01-07 09:00:00,2580.0,-12.0
2015-01-07 09:01:00,2585.0,-16.0
2015-01-07 11:11:00,2583.0,-21.0
2015-01-07 13:45:00,2587.0,-17.0
2015-01-07 14:59:00,2589.0,-17.0
2015-01-08 11:11:00,2575.0,-21.0
2015-01-08 14:59:00,2583.0,-21.0
2015-01-09 10:31:00,2563.0,-24.0
2015-01-09 14:59:00,2561.0,-24.0
2015-01-12 14:59:00,2505.0,-24.0
2015-01-13 14:59:00,2512.0,-24.0
2015-01-14 14:59:00,2490.0,-24.0
2015-01-15 10:00:00,2495.0,-21.0
2015-01-15 10:02:00,2496.0,-19.0
2015-01-15 10:03:00,2498.0,-17.0
2015-01-15 10:08:00,2502.0,-11.0
2015-01-15 10:09:00,2506.0,-10.0
2015-01-15 10:10:00,2509.0,-8.0
2015-01-15 10:13:00,2508.0,-6.0
2015-01-15 10:14:00,2509.0,-4.0
2015-01-15 10:31:00,2511.0,12.0
2015-01-15 13:55:00,2505.0,14.0
2015-01-15 14:23:00,2506.0,16.0
2015-01-15 14:45:00,2515.0,17.0
2015-01-15 14:46:00,2517.0,19.0
2015-01-15 14:48:00,2519.0,20.0
2015-01-15 14:59:00,2520.0,20.0
2015-01-16 11:11:00,2505.0,22.0
2015-01-16 14:59:00,2513.0,22.0
2015-01-19 09:00:00,2490.0,7.0
2015-01-19 09:02:00,2494.0,4.0
2015-01-19 09:04:00,2493.0,2.0
2015-01-19 09:05:00,2490.0,0.0
2015-01-19 09:08:00,2488.0,-3.0
2015-01-19 10:00:00,2510.0,-1.0
2015-01-19 10:08:00,2517.0,3.0
2015-01-19 10:31:00,2512.0,5.0
2015-01-19 11:11:00,2515.0,8.0
2015-01-19 13:56:00,2518.0,10.0
2015-01-19 13:58:00,2519.0,12.0
2015-01-19 14:23:00,2519.0,14.0
2015-01-19 14:24:00,2524.0,19.0
2015-01-19 14:29:00,2526.0,21.0
2015-01-19 14:59:00,2518.0,21.0
2015-01-20 09:07:00,2499.0,20.0
2015-01-20 09:10:00,2493.0,13.0
2015-01-20 09:12:00,2495.0,11.0
2015-01-20 10:31:00,2499.0,9.0
2015-01-20 11:16:00,2499.0,5.0
2015-01-20 11:20:00,2498.0,4.0
2015-01-20 13:44:00,2495.0,-2.0
2015-01-20 13:46:00,2496.0,-4.0
2015-01-20 14:59:00,2490.0,-4.0
2015-01-21 10:02:00,2506.0,-2.0
2015-01-21 11:01:00,2507.0,0.0
2015-01-21 13:30:00,2508.0,11.0
2015-01-21 13:33:00,2509.0,13.0
2015-01-21 13:34:00,2508.0,14.0
2015-01-21 13:39:00,2510.0,16.0
2015-01-21 13:46:00,2512.0,19.0
2015-01-21 14:00:00,2498.0,15.0
2015-01-21 14:01:00,2495.0,9.0
2015-01-21 14:02:00,2491.0,7.0
2015-01-21 14:03:00,2495.0,5.0
2015-01-21 14:11:00,2493.0,3.0
2015-01-21 14:17:00,2489.0,-3.0
2015-01-21 14:18:00,2488.0,-7.0
2015-01-21 14:57:00,2484.0,-9.0
2015-01-21 14:58:00,2483.0,-15.0
2015-01-21 14:59:00,2476.0,-16.0
2015-01-22 09:01:00,2486.0,-17.0
2015-01-22 09:10:00,2484.0,-18.0
2015-01-22 14:10:00,2493.0,-17.0
2015-01-22 14:59:00,2483.0,-17.0
2015-01-23 09:10:00,2497.0,-11.0
2015-01-23 10:41:00,2479.0,-12.0
2015-01-23 13:41:00,2490.0,-11.0
2015-01-23 14:59:00,2488.0,-11.0
2015-01-26 09:02:00,2481.0,-13.0
2015-01-26 10:32:00,2479.0,-15.0
2015-01-26 10:38:00,2477.0,-21.0
2015-01-26 14:59:00,2456.0,-21.0
2015-01-27 13:55:00,2461.0,-23.0
2015-01-27 14:59:00,2462.0,-23.0
2015-01-28 10:37:00,2469.0,-22.0
2015-01-28 10:38:00,2469.0,-21.0
2015-01-28 10:39:00,2470.0,-18.0
2015-01-28 11:01:00,2473.0,-7.0
2015-01-28 11:11:00,2469.0,-3.0
2015-01-28 11:19:00,2472.0,-1.0
2015-01-28 13:31:00,2475.0,0.0
2015-01-28 14:19:00,2477.0,1.0
2015-01-28 14:20:00,2478.0,5.0
2015-01-28 14:47:00,2476.0,7.0
2015-01-28 14:54:00,2479.0,8.0
2015-01-28 14:59:00,2479.0,8.0
2015-01-29 09:00:00,2494.0,15.0
2015-01-29 09:01:00,2495.0,18.0
2015-01-29 09:42:00,2500.0,20.0
2015-01-29 09:48:00,2510.0,22.0
2015-01-29 10:31:00,2510.0,24.0
2015-01-29 14:59:00,2512.0,24.0
2015-01-30 10:59:00,2499.0,20.0
2015-01-30 11:00:00,2498.0,16.0
2015-01-30 11:11:00,2502.0,18.0
2015-01-30 14:59:00,2503.0,18.0
2015-02-02 09:21:00,2497.0,16.0
2015-02-02 11:07:00,2497.0,14.0
2015-02-02 11:12:00,2498.0,10.0
2015-02-02 11:14:00,2495.0,4.0
2015-02-02 13:32:00,2493.0,2.0
2015-02-02 14:59:00,2502.0,2.0
2015-02-03 09:40:00,2507.0,3.0
2015-02-03 10:45:00,2496.0,-4.0
2015-02-03 10:47:00,2498.0,-6.0
2015-02-03 10:59:00,2495.0,-9.0
2015-02-03 11:00:00,2495.0,-10.0
2015-02-03 11:05:00,2493.0,-14.0
2015-02-03 11:06:00,2494.0,-13.0
2015-02-03 11:11:00,2495.0,-14.0
2015-02-03 11:16:00,2493.0,-15.0
2015-02-03 11:17:00,2494.0,-14.0
2015-02-03 13:34:00,2496.0,-16.0
2015-02-03 13:46:00,2493.0,-17.0
2015-02-03 13:47:00,2495.0,-16.0
2015-02-03 13:57:00,2497.0,-18.0
2015-02-03 14:44:00,2492.0,-19.0
2015-02-03 14:46:00,2493.0,-18.0
2015-02-03 14:55:00,2491.0,-19.0
2015-02-03 14:56:00,2492.0,-18.0
2015-02-03 14:59:00,2491.0,-19.0
2015-02-04 09:00:00,2501.0,-16.0
2015-02-04 09:04:00,2503.0,-14.0
2015-02-04 09:07:00,2507.0,-2.0
2015-02-04 09:09:00,2510.0,11.0
2015-02-04 09:15:00,2526.0,12.0
2015-02-04 10:31:00,2503.0,13.0
2015-02-04 11:11:00,2506.0,11.0
2015-02-04 11:13:00,2507.0,13.0
2015-02-04 11:14:00,2508.0,15.0
2015-02-04 11:17:00,2508.0,16.0
2015-02-04 11:19:00,2510.0,20.0
2015-02-04 14:12:00,2496.0,14.0
2015-02-04 14:13:00,2495.0,12.0
2015-02-04 14:14:00,2494.0,4.0
2015-02-04 14:18:00,2491.0,-1.0
2015-02-04 14:56:00,2491.0,-3.0
2015-02-04 14:59:00,2488.0,-4.0
2015-02-05 09:00:00,2505.0,-3.0
2015-02-05 09:58:00,2495.0,-7.0
2015-02-05 10:59:00,2503.0,-6.0
2015-02-05 14:58:00,2495.0,-10.0
2015-02-05 14:59:00,2494.0,-10.0
2015-02-06 09:00:00,2513.0,7.0
2015-02-06 09:01:00,2513.0,9.0
2015-02-06 11:11:00,2510.0,14.0
2015-02-06 11:18:00,2508.0,12.0
2015-02-06 11:19:00,2504.0,11.0
2015-02-06 14:56:00,2512.0,13.0
2015-02-06 14:57:00,2513.0,17.0
2015-02-06 14:59:00,2516.0,17.0
2015-02-09 09:01:00,2507.0,15.0
2015-02-09 09:02:00,2505.0,14.0
2015-02-09 10:02:00,2499.0,12.0
2015-02-09 10:06:00,2497.0,0.0
2015-02-09 10:07:00,2497.0,-2.0
2015-02-09 10:31:00,2500.0,-4.0
2015-02-09 10:35:00,2499.0,-8.0
2015-02-09 10:45:00,2497.0,-10.0
2015-02-09 11:11:00,2497.0,-20.0
2015-02-09 14:03:00,2498.0,-22.0
2015-02-09 14:59:00,2501.0,-22.0
2015-02-10 09:38:00,2511.0,-9.0
2015-02-10 09:51:00,2512.0,-4.0
2015-02-10 09:59:00,2514.0,0.0
2015-02-10 10:00:00,2515.0,7.0
2015-02-10 10:01:00,2516.0,9.0
2015-02-10 10:31:00,2517.0,15.0
2015-02-10 11:11:00,2512.0,20.0
2015-02-10 14:59:00,2513.0,20.0
2015-02-11 11:11:00,2508.0,22.0
2015-02-11 14:59:00,2514.0,22.0
2015-02-12 09:00:00,2502.0,4.0
2015-02-12 09:01:00,2502.0,-1.0
2015-02-12 09:02:00,2502.0,-3.0
2015-02-12 09:03:00,2501.0,-5.0
2015-02-12 09:04:00,2502.0,-7.0
2015-02-12 09:16:00,2499.0,-8.0
2015-02-12 10:31:00,2502.0,-12.0
2015-02-12 10:37:00,2502.0,-13.0
2015-02-12 11:11:00,2501.0,-18.0
2015-02-12 11:28:00,2501.0,-16.0
2015-02-12 13:48:00,2507.0,-14.0
2015-02-12 13:53:00,2509.0,-13.0
2015-02-12 13:55:00,2509.0,-11.0
2015-02-12 14:17:00,2511.0,-7.0
2015-02-12 14:59:00,2510.0,-7.0
2015-02-13 09:06:00,2512.0,-5.0
2015-02-13 09:07:00,2511.0,-3.0
2015-02-13 09:12:00,2513.0,3.0
2015-02-13 09:13:00,2514.0,7.0
2015-02-13 09:14:00,2515.0,9.0
2015-02-13 09:21:00,2516.0,11.0
2015-02-13 09:27:00,2516.0,12.0
2015-02-13 09:30:00,2518.0,16.0
2015-02-13 09:45:00,2520.0,18.0
2015-02-13 10:31:00,2518.0,20.0
2015-02-13 10:35:00,2519.0,21.0
2015-02-13 10:42:00,2520.0,22.0
2015-02-13 11:11:00,2529.0,24.0
2015-02-13 14:59:00,2532.0,24.0
2015-02-16 14:59:00,2546.0,24.0
2015-02-17 09:15:00,2536.0,21.0
2015-02-17 09:19:00,2535.0,19.0
2015-02-17 10:01:00,2529.0,13.0
2015-02-17 10:31:00,2529.0,11.0
2015-02-17 10:33:00,2528.0,7.0
2015-02-17 11:11:00,2529.0,3.0
2015-02-17 14:28:00,2529.0,-1.0
2015-02-17 14:59:00,2542.0,-1.0
2015-02-25 09:02:00,2526.0,-3.0
2015-02-25 09:07:00,2519.0,-6.0
2015-02-25 09:09:00,2502.0,-18.0
2015-02-25 11:11:00,2512.0,-21.0
2015-02-25 14:59:00,2508.0,-21.0
2015-02-26 11:04:00,2522.0,-18.0
2015-02-26 11:11:00,2520.0,-20.0
2015-02-26 13:30:00,2524.0,-8.0
2015-02-26 13:32:00,2526.0,-5.0
2015-02-26 14:16:00,2528.0,-1.0
2015-02-26 14:41:00,2529.0,1.0
2015-02-26 14:42:00,2532.0,5.0
2015-02-26 14:47:00,2533.0,6.0
2015-02-26 14:52:00,2534.0,12.0
2015-02-26 14:59:00,2532.0,12.0
2015-02-27 09:01:00,2531.0,15.0
2015-02-27 09:02:00,2537.0,17.0
2015-02-27 09:03:00,2536.0,19.0
2015-02-27 09:09:00,2539.0,20.0
2015-02-27 10:02:00,2518.0,17.0
2015-02-27 10:31:00,2515.0,13.0
2015-02-27 11:11:00,2519.0,11.0
2015-02-27 14:34:00,2515.0,9.0
2015-02-27 14:36:00,2514.0,-1.0
2015-02-27 14:37:00,2512.0,-4.0
2015-02-27 14:40:00,2511.0,-6.0
2015-02-27 14:41:00,2509.0,-12.0
2015-02-27 14:42:00,2508.0,-15.0
2015-02-27 14:43:00,2506.0,-17.0
2015-02-27 14:58:00,2500.0,-18.0
2015-02-27 14:59:00,2498.0,-20.0
2015-03-02 09:01:00,2494.0,-24.0
2015-03-02 14:17:00,2507.0,-22.0
2015-03-02 14:33:00,2515.0,-13.0
2015-03-02 14:39:00,2517.0,-11.0
2015-03-02 14:40:00,2520.0,1.0
2015-03-02 14:41:00,2521.0,2.0
2015-03-02 14:43:00,2523.0,4.0
2015-03-02 14:59:00,2519.0,4.0
2015-03-03 09:30:00,2501.0,2.0
2015-03-03 10:31:00,2502.0,0.0
2015-03-03 13:31:00,2517.0,2.0
2015-03-03 14:34:00,2518.0,3.0
2015-03-03 14:59:00,2513.0,3.0
2015-03-04 09:05:00,2512.0,4.0
2015-03-04 11:11:00,2505.0,2.0
2015-03-04 11:29:00,2504.0,-2.0
2015-03-04 14:01:00,2503.0,-6.0
2015-03-04 14:02:00,2502.0,-9.0
2015-03-04 14:59:00,2508.0,-9.0
2015-03-05 09:00:00,2484.0,-15.0
2015-03-05 09:01:00,2485.0,-18.0
2015-03-05 10:44:00,2491.0,-16.0
2015-03-05 13:30:00,2491.0,-15.0
2015-03-05 14:00:00,2473.0,-17.0
2015-03-05 14:59:00,2484.0,-17.0
2015-03-06 09:08:00,2477.0,-20.0
2015-03-06 11:02:00,2478.0,-22.0
2015-03-06 14:59:00,2452.0,-22.0
2015-03-09 14:59:00,2444.0,-22.0
2015-03-10 11:11:00,2434.0,-24.0
2015-03-10 14:59:00,2404.0,-24.0
2015-03-11 10:54:00,2420.0,-22.0
2015-03-11 10:55:00,2421.0,-20.0
2015-03-11 14:59:00,2423.0,-20.0
2015-03-12 10:34:00,2434.0,-19.0
2015-03-12 10:35:00,2436.0,-18.0
2015-03-12 10:49:00,2438.0,-14.0
2015-03-12 10:50:00,2437.0,-13.0
2015-03-12 10:51:00,2441.0,-2.0
2015-03-12 10:52:00,2440.0,0.0
2015-03-12 11:11:00,2439.0,-2.0
2015-03-12 11:12:00,2439.0,2.0
2015-03-12 13:30:00,2451.0,5.0
2015-03-12 13:31:00,2455.0,8.0
2015-03-12 13:32:00,2451.0,9.0
2015-03-12 14:59:00,2446.0,9.0
2015-03-13 09:09:00,2457.0,10.0
2015-03-13 14:02:00,2443.0,9.0
2015-03-13 14:13:00,2439.0,7.0
2015-03-13 14:59:00,2447.0,7.0
2015-03-16 09:37:00,2442.0,8.0
2015-03-16 09:38:00,2441.0,9.0
2015-03-16 10:31:00,2452.0,11.0
2015-03-16 10:32:00,2453.0,13.0
2015-03-16 11:10:00,2460.0,18.0
2015-03-16 11:20:00,2458.0,20.0
2015-03-16 13:30:00,2462.0,21.0
2015-03-16 13:38:00,2471.0,22.0
2015-03-16 13:39:00,2471.0,23.0
2015-03-16 14:59:00,2476.0,23.0
2015-03-17 14:59:00,2472.0,23.0
2015-03-18 09:00:00,2466.0,20.0
2015-03-18 10:11:00,2479.0,21.0
2015-03-18 11:11:00,2471.0,23.0
2015-03-18 11:28:00,2465.0,21.0
2015-03-18 11:29:00,2464.0,17.0
2015-03-18 13:30:00,2460.0,4.0
2015-03-18 13:31:00,2460.0,2.0
2015-03-18 13:32:00,2457.0,1.0
2015-03-18 13:33:00,2457.0,-2.0
2015-03-18 13:34:00,2458.0,-3.0
2015-03-18 13:38:00,2455.0,-4.0
2015-03-18 13:39:00,2454.0,-5.0
2015-03-18 13:40:00,2450.0,-6.0
2015-03-18 14:59:00,2457.0,-6.0
2015-03-19 10:42:00,2459.0,-7.0
2015-03-19 14:59:00,2457.0,-7.0
2015-03-20 10:09:00,2469.0,0.0
2015-03-20 10:31:00,2468.0,2.0
2015-03-20 11:11:00,2460.0,0.0
2015-03-20 13:49:00,2465.0,4.0
2015-03-20 14:59:00,2457.0,4.0
2015-03-23 09:00:00,2495.0,15.0
2015-03-23 09:01:00,2504.0,16.0
2015-03-23 10:31:00,2497.0,18.0
2015-03-23 11:11:00,2503.0,23.0
2015-03-23 14:59:00,2526.0,23.0
2015-03-24 14:59:00,2525.0,23.0
2015-03-25 10:55:00,2513.0,19.0
2015-03-25 10:57:00,2512.0,8.0
2015-03-25 11:24:00,2508.0,6.0
2015-03-25 11:25:00,2504.0,2.0
2015-03-25 11:27:00,2504.0,-1.0
2015-03-25 11:29:00,2502.0,-2.0
2015-03-25 13:30:00,2502.0,-5.0
2015-03-25 13:32:00,2499.0,-9.0
2015-03-25 14:40:00,2498.0,-10.0
2015-03-25 14:45:00,2497.0,-11.0
2015-03-25 14:59:00,2494.0,-11.0
2015-03-26 09:03:00,2488.0,-12.0
2015-03-26 09:04:00,2489.0,-13.0
2015-03-26 09:06:00,2484.0,-15.0
2015-03-26 09:07:00,2485.0,-16.0
2015-03-26 10:35:00,2483.0,-18.0
2015-03-26 11:11:00,2487.0,-20.0
2015-03-26 14:13:00,2484.0,-21.0
2015-03-26 14:15:00,2480.0,-22.0
2015-03-26 14:59:00,2476.0,-22.0
2015-03-27 09:05:00,2462.0,-23.0
2015-03-27 10:30:00,2440.0,-21.0
2015-03-27 11:11:00,2436.0,-23.0
2015-03-27 13:30:00,2440.0,-21.0
2015-03-27 13:57:00,2450.0,-20.0
2015-03-27 13:59:00,2452.0,-4.0
2015-03-27 14:04:00,2450.0,-13.0
2015-03-27 14:07:00,2451.0,-4.0
2015-03-27 14:53:00,2464.0,0.0
2015-03-27 14:55:00,2468.0,1.0
2015-03-27 14:59:00,2468.0,1.0
2015-03-30 09:00:00,2456.0,0.0
2015-03-30 09:01:00,2462.0,-1.0
2015-03-30 09:02:00,2467.0,1.0
2015-03-30 09:15:00,2460.0,-1.0
2015-03-30 09:16:00,2463.0,1.0
2015-03-30 09:18:00,2462.0,-1.0
2015-03-30 09:25:00,2465.0,1.0
2015-03-30 09:27:00,2462.0,-1.0
2015-03-30 09:28:00,2464.0,1.0
2015-03-30 09:30:00,2462.0,-1.0
2015-03-30 09:32:00,2464.0,1.0
2015-03-30 09:38:00,2462.0,-1.0
2015-03-30 09:40:00,2463.0,1.0
2015-03-30 09:51:00,2460.0,-1.0
2015-03-30 10:31:00,2460.0,-3.0
2015-03-30 11:28:00,2448.0,-4.0
2015-03-30 13:30:00,2452.0,-3.0
2015-03-30 13:32:00,2448.0,-4.0
2015-03-30 13:35:00,2445.0,-5.0
2015-03-30 13:46:00,2456.0,-3.0
2015-03-30 13:49:00,2465.0,1.0
2015-03-30 13:54:00,2461.0,0.0
2015-03-30 13:55:00,2463.0,1.0
2015-03-30 13:58:00,2461.0,0.0
2015-03-30 13:59:00,2464.0,1.0
2015-03-30 14:00:00,2462.0,0.0
2015-03-30 14:03:00,2464.0,1.0
2015-03-30 14:04:00,2462.0,0.0
2015-03-30 14:25:00,2463.0,1.0
2015-03-30 14:26:00,2461.0,0.0
2015-03-30 14:29:00,2463.0,1.0
2015-03-30 14:30:00,2462.0,0.0
2015-03-30 14:56:00,2447.0,-2.0
2015-03-30 14:59:00,2446.0,-2.0
2015-03-31 09:06:00,2432.0,-3.0
2015-03-31 10:00:00,2434.0,-4.0
2015-03-31 10:01:00,2432.0,-7.0
2015-03-31 11:11:00,2444.0,-10.0
2015-03-31 11:17:00,2441.0,-12.0
2015-03-31 13:36:00,2434.0,-13.0
2015-03-31 13:40:00,2432.0,-14.0
2015-03-31 13:45:00,2430.0,-16.0
2015-03-31 14:16:00,2426.0,-17.0
2015-03-31 14:59:00,2426.0,-17.0
2015-04-01 09:01:00,2408.0,-19.0
2015-04-01 09:22:00,2415.0,-18.0
2015-04-01 10:31:00,2407.0,-20.0
2015-04-01 13:31:00,2412.0,-18.0
2015-04-01 14:20:00,2404.0,-20.0
2015-04-01 14:59:00,2388.0,-20.0
2015-04-02 09:04:00,2380.0,-22.0
2015-04-02 11:11:00,2369.0,-24.0
2015-04-02 14:59:00,2343.0,-24.0
2015-04-03 09:01:00,2355.0,-23.0
2015-04-03 09:08:00,2356.0,-22.0
2015-04-03 09:50:00,2372.0,-20.0
2015-04-03 14:59:00,2343.0,-20.0
2015-04-07 09:26:00,2326.0,-21.0
2015-04-07 10:59:00,2320.0,-22.0
2015-04-07 14:43:00,2311.0,-23.0
2015-04-07 14:59:00,2310.0,-23.0
2015-04-08 09:36:00,2293.0,-24.0
2015-04-08 13:54:00,2318.0,-22.0
2015-04-08 13:55:00,2321.0,-21.0
2015-04-08 13:56:00,2322.0,-20.0
2015-04-08 13:58:00,2325.0,-18.0
2015-04-08 14:00:00,2332.0,-1.0
2015-04-08 14:01:00,2328.0,2.0
2015-04-08 14:03:00,2321.0,0.0
2015-04-08 14:06:00,2318.0,-1.0
2015-04-08 14:59:00,2323.0,-1.0
2015-04-09 09:00:00,2295.0,-4.0
2015-04-09 09:02:00,2298.0,-6.0
2015-04-09 09:04:00,2295.0,-7.0
2015-04-09 09:05:00,2291.0,-10.0
2015-04-09 10:30:00,2287.0,-11.0
2015-04-09 10:31:00,2287.0,-15.0
2015-04-09 11:11:00,2303.0,-17.0
2015-04-09 13:31:00,2296.0,-19.0
2015-04-09 14:59:00,2289.0,-19.0
2015-04-10 09:02:00,2280.0,-21.0
2015-04-10 11:11:00,2275.0,-23.0
2015-04-10 14:59:00,2265.0,-23.0
2015-04-13 09:05:00,2272.0,-24.0
2015-04-13 09:18:00,2281.0,-23.0
2015-04-13 13:56:00,2280.0,-20.0
2015-04-13 13:57:00,2281.0,-8.0
2015-04-13 13:59:00,2283.0,-6.0
2015-04-13 14:03:00,2276.0,-8.0
2015-04-13 14:21:00,2287.0,-2.0
2015-04-13 14:22:00,2298.0,1.0
2015-04-13 14:23:00,2294.0,5.0
2015-04-13 14:26:00,2307.0,6.0
2015-04-13 14:36:00,2316.0,11.0
2015-04-13 14:37:00,2317.0,13.0
2015-04-13 14:59:00,2327.0,13.0
2015-04-14 09:02:00,2313.0,16.0
2015-04-14 09:27:00,2300.0,14.0
2015-04-14 10:49:00,2325.0,15.0
2015-04-14 10:50:00,2328.0,17.0
2015-04-14 10:51:00,2334.0,18.0
2015-04-14 14:59:00,2322.0,18.0
2015-04-15 11:09:00,2309.0,17.0
2015-04-15 11:20:00,2312.0,19.0
2015-04-15 14:51:00,2305.0,17.0
2015-04-15 14:52:00,2304.0,15.0
2015-04-15 14:55:00,2301.0,0.0
2015-04-15 14:56:00,2298.0,-8.0
2015-04-15 14:57:00,2296.0,-9.0
2015-04-15 14:59:00,2297.0,-9.0
2015-04-16 10:31:00,2317.0,-7.0
2015-04-16 10:34:00,2319.0,-3.0
2015-04-16 10:59:00,2320.0,-1.0
2015-04-16 11:04:00,2320.0,1.0
2015-04-16 11:11:00,2321.0,3.0
2015-04-16 11:12:00,2324.0,4.0
2015-04-16 13:36:00,2326.0,10.0
2015-04-16 13:41:00,2328.0,18.0
2015-04-16 14:59:00,2317.0,18.0
2015-04-17 09:12:00,2323.0,20.0
2015-04-17 14:16:00,2324.0,21.0
2015-04-17 14:39:00,2323.0,23.0
2015-04-17 14:54:00,2313.0,15.0
2015-04-17 14:56:00,2311.0,11.0
2015-04-17 14:58:00,2311.0,9.0
2015-04-17 14:59:00,2311.0,9.0
2015-04-20 09:00:00,2307.0,-1.0
2015-04-20 09:01:00,2308.0,-5.0
2015-04-20 09:02:00,2305.0,-9.0
2015-04-20 09:05:00,2303.0,-13.0
2015-04-20 10:31:00,2310.0,-11.0
2015-04-20 11:10:00,2303.0,-13.0
2015-04-20 11:22:00,2301.0,-14.0
2015-04-20 13:31:00,2296.0,-17.0
2015-04-20 13:33:00,2294.0,-18.0
2015-04-20 13:38:00,2291.0,-20.0
2015-04-20 14:59:00,2280.0,-20.0
2015-04-21 14:59:00,2281.0,-20.0
2015-04-22 09:06:00,2291.0,-17.0
2015-04-22 09:10:00,2295.0,-11.0
2015-04-22 10:49:00,2294.0,-9.0
2015-04-22 10:59:00,2302.0,1.0
2015-04-22 11:11:00,2302.0,4.0
2015-04-22 11:12:00,2303.0,7.0
2015-04-22 11:15:00,2305.0,11.0
2015-04-22 11:16:00,2307.0,20.0
2015-04-22 13:30:00,2319.0,21.0
2015-04-22 14:14:00,2333.0,22.0
2015-04-22 14:59:00,2326.0,22.0
2015-04-23 13:48:00,2324.0,24.0
2015-04-23 14:59:00,2322.0,24.0
2015-04-24 14:59:00,2377.0,24.0
2015-04-27 14:59:00,2407.0,24.0
2015-04-28 09:57:00,2411.0,22.0
2015-04-28 10:31:00,2408.0,20.0
2015-04-28 13:32:00,2389.0,16.0
2015-04-28 13:33:00,2389.0,15.0
2015-04-28 14:41:00,2386.0,13.0
2015-04-28 14:42:00,2385.0,11.0
2015-04-28 14:59:00,2397.0,11.0
2015-04-29 11:20:00,2385.0,9.0
2015-04-29 11:22:00,2387.0,7.0
2015-04-29 13:46:00,2378.0,1.0
2015-04-29 13:47:00,2379.0,0.0
2015-04-29 13:48:00,2378.0,-1.0
2015-04-29 13:53:00,2377.0,-2.0
2015-04-29 13:54:00,2377.0,-3.0
2015-04-29 13:56:00,2374.0,-4.0
2015-04-29 13:57:00,2375.0,-5.0
2015-04-29 13:58:00,2372.0,-8.0
2015-04-29 13:59:00,2370.0,-9.0
2015-04-29 14:08:00,2364.0,-13.0
2015-04-29 14:09:00,2354.0,-14.0
2015-04-29 14:20:00,2336.0,-15.0
2015-04-29 14:59:00,2340.0,-15.0
2015-04-30 09:02:00,2360.0,-16.0
2015-04-30 09:03:00,2360.0,-17.0
2015-04-30 09:08:00,2369.0,-16.0
2015-04-30 09:09:00,2369.0,-15.0
2015-04-30 09:40:00,2353.0,-16.0
2015-04-30 11:11:00,2358.0,-18.0
2015-04-30 14:02:00,2370.0,-17.0
2015-04-30 14:59:00,2365.0,-17.0
2015-05-04 09:00:00,2379.0,-12.0
2015-05-04 09:01:00,2383.0,-2.0
2015-05-04 09:35:00,2389.0,2.0
2015-05-04 09:36:00,2390.0,6.0
2015-05-04 09:37:00,2393.0,7.0
2015-05-04 09:39:00,2396.0,8.0
2015-05-04 10:10:00,2400.0,9.0
2015-05-04 10:31:00,2399.0,12.0
2015-05-04 10:47:00,2407.0,14.0
2015-05-04 10:49:00,2411.0,16.0
2015-05-04 11:11:00,2417.0,21.0
2015-05-04 14:20:00,2410.0,23.0
2015-05-04 14:59:00,2413.0,23.0
2015-05-05 11:19:00,2403.0,21.0
2015-05-05 14:59:00,2430.0,21.0
2015-05-06 14:59:00,2432.0,21.0
2015-05-07 09:00:00,2409.0,18.0
2015-05-07 09:01:00,2412.0,16.0
2015-05-07 09:02:00,2412.0,15.0
2015-05-07 09:03:00,2413.0,14.0
2015-05-07 10:31:00,2416.0,13.0
2015-05-07 10:32:00,2416.0,12.0
2015-05-07 10:49:00,2411.0,11.0
2015-05-07 10:50:00,2411.0,10.0
2015-05-07 10:56:00,2408.0,8.0
2015-05-07 10:59:00,2407.0,6.0
2015-05-07 11:00:00,2405.0,5.0
2015-05-07 11:01:00,2405.0,4.0
2015-05-07 11:02:00,2405.0,3.0
2015-05-07 11:11:00,2409.0,-2.0
2015-05-07 11:12:00,2409.0,-7.0
2015-05-07 14:59:00,2409.0,-7.0
2015-05-08 09:00:00,2395.0,-10.0
2015-05-08 09:12:00,2392.0,-14.0
2015-05-08 09:15:00,2393.0,-13.0
2015-05-08 09:17:00,2391.0,-14.0
2015-05-08 09:19:00,2394.0,-13.0
2015-05-08 09:55:00,2402.0,-11.0
2015-05-08 10:31:00,2410.0,-9.0
2015-05-08 11:11:00,2420.0,-7.0
2015-05-08 13:31:00,2410.0,-9.0
2015-05-08 13:48:00,2409.0,-11.0
2015-05-08 14:49:00,2418.0,-7.0
2015-05-08 14:59:00,2414.0,-7.0
2015-05-11 09:00:00,2430.0,7.0
2015-05-11 09:01:00,2433.0,12.0
2015-05-11 09:17:00,2418.0,11.0
2015-05-11 11:11:00,2424.0,14.0
2015-05-11 14:59:00,2422.0,14.0
2015-05-12 09:00:00,2396.0,-5.0
2015-05-12 09:01:00,2400.0,-9.0
2015-05-12 09:02:00,2402.0,-11.0
2015-05-12 09:22:00,2395.0,-13.0
2015-05-12 11:11:00,2403.0,-18.0
2015-05-12 14:59:00,2393.0,-18.0
2015-05-13 10:54:00,2404.0,-15.0
2015-05-13 11:11:00,2404.0,-17.0
2015-05-13 11:26:00,2390.0,-20.0
2015-05-13 14:59:00,2386.0,-20.0
2015-05-14 09:25:00,2363.0,-22.0
2015-05-14 10:31:00,2361.0,-24.0
2015-05-14 14:59:00,2367.0,-24.0
2015-05-15 14:17:00,2368.0,-21.0
2015-05-15 14:20:00,2371.0,-15.0
2015-05-15 14:30:00,2373.0,-6.0
2015-05-15 14:31:00,2373.0,-3.0
2015-05-15 14:59:00,2376.0,-3.0
2015-05-18 10:46:00,2363.0,-5.0
2015-05-18 10:48:00,2362.0,-9.0
2015-05-18 14:35:00,2363.0,-11.0
2015-05-18 14:37:00,2360.0,-12.0
2015-05-18 14:49:00,2359.0,-14.0
2015-05-18 14:52:00,2358.0,-20.0
2015-05-18 14:59:00,2356.0,-21.0
2015-05-19 09:00:00,2352.0,-22.0
2015-05-19 09:01:00,2354.0,-23.0
2015-05-19 11:27:00,2362.0,-17.0
2015-05-19 14:59:00,2350.0,-17.0
2015-05-20 09:00:00,2329.0,-20.0
2015-05-20 13:34:00,2320.0,-23.0
2015-05-20 14:59:00,2320.0,-23.0
2015-05-21 09:06:00,2336.0,-22.0
2015-05-21 10:11:00,2341.0,-17.0
2015-05-21 10:31:00,2342.0,-12.0
2015-05-21 10:40:00,2343.0,-11.0
2015-05-21 10:41:00,2345.0,-9.0
2015-05-21 11:12:00,2345.0,-5.0
2015-05-21 11:17:00,2347.0,-3.0
2015-05-21 11:29:00,2352.0,0.0
2015-05-21 13:30:00,2355.0,6.0
2015-05-21 13:31:00,2354.0,8.0
2015-05-21 13:36:00,2357.0,9.0
2015-05-21 14:59:00,2350.0,9.0
2015-05-22 09:03:00,2358.0,10.0
2015-05-22 09:04:00,2358.0,12.0
2015-05-22 09:13:00,2362.0,13.0
2015-05-22 10:30:00,2335.0,11.0
2015-05-22 10:31:00,2335.0,7.0
2015-05-22 14:59:00,2357.0,7.0
2015-05-25 10:50:00,2353.0,10.0
2015-05-25 11:15:00,2351.0,12.0
2015-05-25 13:43:00,2341.0,8.0
2015-05-25 14:45:00,2351.0,12.0
2015-05-25 14:48:00,2355.0,17.0
2015-05-25 14:59:00,2354.0,17.0
2015-05-26 09:00:00,2371.0,18.0
2015-05-26 09:01:00,2371.0,20.0
2015-05-26 09:35:00,2382.0,21.0
2015-05-26 10:41:00,2378.0,23.0
2015-05-26 10:51:00,2381.0,24.0
2015-05-26 14:59:00,2359.0,24.0
2015-05-27 09:53:00,2357.0,21.0
2015-05-27 09:55:00,2356.0,19.0
2015-05-27 14:59:00,2363.0,19.0
2015-05-28 10:01:00,2369.0,16.0
2015-05-28 11:00:00,2368.0,12.0
2015-05-28 11:11:00,2368.0,10.0
2015-05-28 13:56:00,2362.0,6.0
2015-05-28 13:59:00,2356.0,-11.0
2015-05-28 14:03:00,2354.0,-12.0
2015-05-28 14:16:00,2354.0,-13.0
2015-05-28 14:59:00,2364.0,-13.0
2015-05-29 09:01:00,2357.0,-16.0
2015-05-29 09:02:00,2357.0,-17.0
2015-05-29 09:09:00,2356.0,-19.0
2015-05-29 09:14:00,2351.0,-23.0
2015-05-29 09:40:00,2346.0,-24.0
2015-05-29 10:05:00,2372.0,-20.0
2015-05-29 10:31:00,2363.0,-16.0
2015-05-29 14:50:00,2371.0,-6.0
2015-05-29 14:51:00,2370.0,-4.0
2015-05-29 14:59:00,2370.0,-4.0
2015-06-01 09:00:00,2374.0,-2.0
2015-06-01 09:01:00,2374.0,2.0
2015-06-01 09:02:00,2379.0,9.0
2015-06-01 09:04:00,2380.0,11.0
2015-06-01 11:10:00,2362.0,10.0
2015-06-01 14:31:00,2378.0,12.0
2015-06-01 14:35:00,2384.0,18.0
2015-06-01 14:36:00,2386.0,20.0
2015-06-01 14:49:00,2394.0,22.0
2015-06-01 14:59:00,2383.0,22.0
2015-06-02 09:01:00,2385.0,23.0
2015-06-02 11:15:00,2375.0,21.0
2015-06-02 14:59:00,2386.0,21.0
2015-06-03 09:02:00,2378.0,19.0
2015-06-03 09:10:00,2375.0,17.0
2015-06-03 09:20:00,2374.0,14.0
2015-06-03 09:21:00,2371.0,9.0
2015-06-03 09:31:00,2370.0,7.0
2015-06-03 10:32:00,2372.0,-1.0
2015-06-03 11:14:00,2370.0,-5.0
2015-06-03 11:15:00,2368.0,-11.0
2015-06-03 11:16:00,2367.0,-16.0
2015-06-03 14:01:00,2368.0,-18.0
2015-06-03 14:15:00,2367.0,-20.0
2015-06-03 14:52:00,2363.0,-22.0
2015-06-03 14:59:00,2360.0,-22.0
2015-06-04 09:00:00,2353.0,-23.0
2015-06-04 09:01:00,2353.0,-24.0
2015-06-04 10:39:00,2358.0,-20.0
2015-06-04 10:46:00,2362.0,-18.0
2015-06-04 11:15:00,2361.0,-14.0
2015-06-04 14:59:00,2367.0,-14.0
2015-06-05 10:52:00,2347.0,-20.0
2015-06-05 11:02:00,2344.0,-22.0
2015-06-05 14:45:00,2352.0,-20.0
2015-06-05 14:59:00,2352.0,-20.0
2015-06-08 14:59:00,2344.0,-20.0
2015-06-09 09:00:00,2355.0,-12.0
2015-06-09 09:17:00,2354.0,-10.0
2015-06-09 09:21:00,2355.0,-8.0
2015-06-09 09:22:00,2356.0,-6.0
2015-06-09 09:37:00,2357.0,-4.0
2015-06-09 09:42:00,2359.0,9.0
2015-06-09 09:49:00,2364.0,10.0
2015-06-09 10:31:00,2358.0,16.0
2015-06-09 11:11:00,2358.0,20.0
2015-06-09 11:18:00,2361.0,21.0
2015-06-09 14:56:00,2349.0,19.0
2015-06-09 14:59:00,2346.0,18.0
2015-06-10 09:31:00,2349.0,16.0
2015-06-10 11:11:00,2351.0,12.0
2015-06-10 14:00:00,2357.0,14.0
2015-06-10 14:43:00,2348.0,4.0
2015-06-10 14:44:00,2345.0,-9.0
2015-06-10 14:47:00,2342.0,-10.0
2015-06-10 14:59:00,2347.0,-10.0
2015-06-11 10:32:00,2353.0,-9.0
2015-06-11 11:09:00,2356.0,-7.0
2015-06-11 11:11:00,2355.0,-7.0
2015-06-11 11:18:00,2356.0,-3.0
2015-06-11 11:19:00,2356.0,1.0
2015-06-11 11:21:00,2357.0,4.0
2015-06-11 11:22:00,2358.0,8.0
2015-06-11 13:32:00,2359.0,16.0
2015-06-11 13:34:00,2361.0,18.0
2015-06-11 14:59:00,2364.0,18.0
2015-06-12 09:00:00,2336.0,-6.0
2015-06-12 09:01:00,2336.0,-10.0
2015-06-12 09:46:00,2330.0,-12.0
2015-06-12 10:31:00,2332.0,-15.0
2015-06-12 10:38:00,2330.0,-17.0
2015-06-12 11:11:00,2325.0,-24.0
2015-06-12 14:59:00,2309.0,-24.0
2015-06-15 14:59:00,2291.0,-24.0
2015-06-16 14:59:00,2256.0,-24.0
2015-06-17 14:59:00,2234.0,-24.0
2015-06-18 09:13:00,2247.0,-23.0
2015-06-18 09:15:00,2248.0,-22.0
2015-06-18 09:29:00,2253.0,-19.0
2015-06-18 09:30:00,2257.0,-17.0
2015-06-18 10:31:00,2254.0,-14.0
2015-06-18 10:32:00,2253.0,-13.0
2015-06-18 11:11:00,2256.0,-15.0
2015-06-18 14:59:00,2256.0,-15.0
2015-06-19 09:00:00,2267.0,-13.0
2015-06-19 09:04:00,2269.0,-12.0
2015-06-19 09:05:00,2270.0,-11.0
2015-06-19 09:09:00,2272.0,-3.0
2015-06-19 09:10:00,2274.0,-2.0
2015-06-19 09:12:00,2276.0,1.0
2015-06-19 11:12:00,2264.0,3.0
2015-06-19 14:59:00,2257.0,3.0
2015-06-23 09:00:00,2251.0,2.0
2015-06-23 09:02:00,2249.0,-2.0
2015-06-23 09:04:00,2248.0,-5.0
2015-06-23 09:34:00,2246.0,-8.0
2015-06-23 09:35:00,2245.0,-9.0
2015-06-23 11:06:00,2239.0,-13.0
2015-06-23 11:11:00,2240.0,-18.0
2015-06-23 11:14:00,2240.0,-20.0
2015-06-23 14:50:00,2254.0,-18.0
2015-06-23 14:59:00,2251.0,-18.0
2015-06-24 09:34:00,2246.0,-19.0
2015-06-24 09:35:00,2245.0,-20.0
2015-06-24 10:31:00,2246.0,-22.0
2015-06-24 13:31:00,2253.0,-20.0
2015-06-24 13:33:00,2255.0,-7.0
2015-06-24 13:35:00,2255.0,-5.0
2015-06-24 13:56:00,2256.0,-3.0
2015-06-24 13:58:00,2256.0,-2.0
2015-06-24 14:59:00,2254.0,-2.0
2015-06-25 09:08:00,2242.0,-4.0
2015-06-25 09:26:00,2239.0,-6.0
2015-06-25 09:27:00,2238.0,-8.0
2015-06-25 10:31:00,2241.0,-10.0
2015-06-25 11:11:00,2239.0,-20.0
2015-06-25 14:25:00,2232.0,-24.0
2015-06-25 14:59:00,2232.0,-24.0
2015-06-26 09:00:00,2244.0,-22.0
2015-06-26 09:04:00,2248.0,-21.0
2015-06-26 09:05:00,2248.0,-20.0
2015-06-26 09:28:00,2250.0,-17.0
2015-06-26 10:49:00,2237.0,-18.0
2015-06-26 11:11:00,2235.0,-20.0
2015-06-26 11:19:00,2231.0,-22.0
2015-06-26 13:41:00,2230.0,-23.0
2015-06-26 14:59:00,2230.0,-23.0
2015-06-29 09:02:00,2241.0,-19.0
2015-06-29 09:03:00,2244.0,-16.0
2015-06-29 11:04:00,2230.0,-18.0
2015-06-29 11:29:00,2228.0,-19.0
2015-06-29 13:32:00,2223.0,-21.0
2015-06-29 13:34:00,2214.0,-22.0
2015-06-29 14:59:00,2201.0,-22.0
2015-06-30 09:14:00,2139.0,-24.0
2015-06-30 13:33:00,2149.0,-22.0
2015-06-30 13:43:00,2154.0,-21.0
2015-06-30 13:46:00,2161.0,-4.0
2015-06-30 13:49:00,2170.0,0.0
2015-06-30 13:51:00,2168.0,-3.0
2015-06-30 13:58:00,2157.0,-10.0
2015-06-30 13:59:00,2161.0,-3.0
2015-06-30 14:01:00,2156.0,-10.0
2015-06-30 14:02:00,2159.0,-3.0
2015-06-30 14:24:00,2155.0,-10.0
2015-06-30 14:27:00,2148.0,-12.0
2015-06-30 14:34:00,2164.0,-3.0
2015-06-30 14:43:00,2158.0,-10.0
2015-06-30 14:45:00,2160.0,-3.0
2015-06-30 14:48:00,2158.0,-10.0
2015-06-30 14:56:00,2159.0,-3.0
2015-06-30 14:59:00,2158.0,-8.0
2015-07-01 09:01:00,2156.0,-10.0
2015-07-01 09:02:00,2159.0,-4.0
2015-07-01 09:03:00,2158.0,-5.0
2015-07-01 09:04:00,2160.0,-4.0
2015-07-01 09:06:00,2158.0,-5.0
2015-07-01 09:11:00,2153.0,-6.0
2015-07-01 11:14:00,2160.0,-4.0
2015-07-01 14:59:00,2151.0,-4.0
2015-07-02 11:26:00,2168.0,-1.0
2015-07-02 11:27:00,2169.0,1.0
2015-07-02 11:28:00,2170.0,5.0
2015-07-02 11:29:00,2170.0,7.0
2015-07-02 13:30:00,2167.0,4.0
2015-07-02 14:59:00,2158.0,4.0
2015-07-03 09:00:00,2173.0,7.0
2015-07-03 09:01:00,2170.0,9.0
2015-07-03 09:02:00,2169.0,7.0
2015-07-03 09:11:00,2170.0,9.0
2015-07-03 09:12:00,2169.0,7.0
2015-07-03 10:31:00,2153.0,3.0
2015-07-03 10:35:00,2148.0,2.0
2015-07-03 10:42:00,2160.0,3.0
2015-07-03 11:20:00,2169.0,4.0
2015-07-03 11:21:00,2170.0,10.0
2015-07-03 11:22:00,2168.0,6.0
2015-07-03 11:26:00,2169.0,7.0
2015-07-03 13:30:00,2171.0,11.0
2015-07-03 13:31:00,2169.0,8.0
2015-07-03 13:34:00,2170.0,11.0
2015-07-03 13:47:00,2169.0,8.0
2015-07-03 13:51:00,2170.0,11.0
2015-07-03 13:52:00,2168.0,8.0
2015-07-03 13:54:00,2170.0,11.0
2015-07-03 13:57:00,2168.0,8.0
2015-07-03 14:50:00,2151.0,2.0
2015-07-03 14:59:00,2153.0,2.0
2015-07-06 09:00:00,2090.0,-14.0
2015-07-06 09:01:00,2089.0,-19.0
2015-07-06 10:31:00,2057.0,-20.0
2015-07-06 11:11:00,2063.0,-24.0
2015-07-06 14:59:00,2057.0,-24.0
2015-07-07 14:59:00,1972.0,-24.0
2015-07-08 09:24:00,1969.0,-22.0
2015-07-08 09:25:00,1973.0,-21.0
2015-07-08 09:26:00,1968.0,-22.0
2015-07-08 11:11:00,1954.0,-24.0
2015-07-08 14:59:00,1911.0,-24.0
2015-07-09 09:00:00,1986.0,0.0
2015-07-09 09:01:00,1977.0,2.0
2015-07-09 10:11:00,2015.0,4.0
2015-07-09 10:12:00,2011.0,5.0
2015-07-09 10:14:00,2019.0,6.0
2015-07-09 10:32:00,2003.0,7.0
2015-07-09 11:16:00,1999.0,9.0
2015-07-09 13:31:00,2020.0,11.0
2015-07-09 13:32:00,2024.0,12.0
2015-07-09 13:43:00,2038.0,13.0
2015-07-09 14:39:00,2028.0,12.0
2015-07-09 14:41:00,2025.0,0.0
2015-07-09 14:43:00,2026.0,6.0
2015-07-09 14:44:00,2022.0,0.0
2015-07-09 14:45:00,2026.0,6.0
2015-07-09 14:46:00,2022.0,0.0
2015-07-09 14:49:00,2027.0,6.0
2015-07-09 14:52:00,2020.0,0.0
2015-07-09 14:56:00,2028.0,6.0
2015-07-09 14:59:00,2026.0,6.0
2015-07-10 09:00:00,2064.0,9.0
2015-07-10 09:01:00,2063.0,11.0
2015-07-10 11:03:00,2086.0,12.0
2015-07-10 11:11:00,2064.0,13.0
2015-07-10 14:31:00,2046.0,12.0
2015-07-10 14:32:00,2044.0,0.0
2015-07-10 14:47:00,2048.0,3.0
2015-07-10 14:48:00,2044.0,0.0
2015-07-10 14:49:00,2049.0,3.0
2015-07-10 14:52:00,2044.0,0.0
2015-07-10 14:59:00,2036.0,0.0
2015-07-13 09:01:00,2051.0,1.0
2015-07-13 09:03:00,2042.0,0.0
2015-07-13 14:33:00,2019.0,-2.0
2015-07-13 14:34:00,2021.0,-3.0
2015-07-13 14:35:00,2017.0,-5.0
2015-07-13 14:59:00,2033.0,-5.0
2015-07-14 09:09:00,2059.0,0.0
2015-07-14 13:39:00,2039.0,-3.0
2015-07-14 14:54:00,2033.0,-7.0
2015-07-14 14:56:00,2033.0,-8.0
2015-07-14 14:59:00,2035.0,-8.0
2015-07-15 09:38:00,2030.0,-10.0
2015-07-15 09:52:00,2028.0,-12.0
2015-07-15 09:54:00,2024.0,-14.0
2015-07-15 09:55:00,2024.0,-15.0
2015-07-15 13:32:00,2020.0,-16.0
2015-07-15 13:33:00,2020.0,-17.0
2015-07-15 14:59:00,2017.0,-17.0
2015-07-16 09:51:00,2002.0,-16.0
2015-07-16 10:31:00,2006.0,-14.0
2015-07-16 11:27:00,2024.0,-13.0
2015-07-16 11:28:00,2028.0,0.0
2015-07-16 11:29:00,2033.0,1.0
2015-07-16 13:31:00,2031.0,4.0
2015-07-16 13:33:00,2034.0,6.0
2015-07-16 13:41:00,2041.0,7.0
2015-07-16 13:42:00,2043.0,8.0
2015-07-16 14:59:00,2028.0,8.0
2015-07-17 13:32:00,2011.0,6.0
2015-07-17 13:35:00,2010.0,4.0
2015-07-17 14:37:00,2026.0,6.0
2015-07-17 14:40:00,2030.0,7.0
2015-07-17 14:59:00,2032.0,7.0
2015-07-20 09:00:00,2067.0,11.0
2015-07-20 09:01:00,2078.0,16.0
2015-07-20 09:02:00,2077.0,17.0
2015-07-20 10:31:00,2073.0,20.0
2015-07-20 10:32:00,2072.0,22.0
2015-07-20 11:19:00,2058.0,21.0
2015-07-20 11:23:00,2061.0,22.0
2015-07-20 14:59:00,2096.0,22.0
2015-07-21 10:59:00,2073.0,21.0
2015-07-21 11:19:00,2080.0,23.0
2015-07-21 14:06:00,2071.0,21.0
2015-07-21 14:59:00,2069.0,21.0
2015-07-22 09:27:00,2065.0,20.0
2015-07-22 09:40:00,2062.0,19.0
2015-07-22 09:41:00,2063.0,18.0
2015-07-22 09:45:00,2061.0,3.0
2015-07-22 10:55:00,2056.0,2.0
2015-07-22 11:12:00,2055.0,-2.0
2015-07-22 11:15:00,2050.0,-6.0
2015-07-22 11:17:00,2054.0,-2.0
2015-07-22 11:26:00,2051.0,-6.0
2015-07-22 11:29:00,2047.0,-7.0
2015-07-22 13:30:00,2041.0,-8.0
2015-07-22 13:31:00,2042.0,-9.0
2015-07-22 13:33:00,2041.0,-10.0
2015-07-22 13:40:00,2030.0,-12.0
2015-07-22 13:46:00,2023.0,-15.0
2015-07-22 14:59:00,2021.0,-15.0
2015-07-23 09:01:00,2013.0,-17.0
2015-07-23 11:25:00,2041.0,-16.0
2015-07-23 13:31:00,2042.0,-12.0
2015-07-23 13:34:00,2041.0,-11.0
2015-07-23 13:35:00,2044.0,-8.0
2015-07-23 14:59:00,2037.0,-8.0
2015-07-24 13:31:00,2046.0,-6.0
2015-07-24 14:59:00,2028.0,-6.0
2015-07-27 09:00:00,2067.0,6.0
2015-07-27 09:01:00,2065.0,9.0
2015-07-27 09:02:00,2066.0,11.0
2015-07-27 10:31:00,2061.0,13.0
2015-07-27 11:11:00,2071.0,18.0
2015-07-27 14:59:00,2060.0,18.0
2015-07-28 09:00:00,2049.0,14.0
2015-07-28 09:02:00,2044.0,12.0
2015-07-28 09:05:00,2053.0,14.0
2015-07-28 09:07:00,2064.0,16.0
2015-07-28 09:08:00,2061.0,15.0
2015-07-28 09:11:00,2068.0,17.0
2015-07-28 10:31:00,2062.0,21.0
2015-07-28 11:12:00,2080.0,23.0
2015-07-28 14:59:00,2060.0,23.0
2015-07-29 09:26:00,2102.0,24.0
2015-07-29 14:59:00,2104.0,24.0
2015-07-30 11:09:00,2085.0,22.0
2015-07-30 14:34:00,2083.0,18.0
2015-07-30 14:35:00,2081.0,16.0
2015-07-30 14:36:00,2080.0,14.0
2015-07-30 14:59:00,2083.0,14.0
2015-07-31 10:39:00,2110.0,22.0
2015-07-31 11:19:00,2102.0,24.0
2015-07-31 13:59:00,2101.0,22.0
2015-07-31 14:59:00,2101.0,22.0
2015-08-03 11:03:00,2103.0,21.0
2015-08-03 11:11:00,2105.0,19.0
2015-08-03 13:40:00,2099.0,2.0
2015-08-03 13:41:00,2099.0,1.0
2015-08-03 13:50:00,2096.0,0.0
2015-08-03 13:51:00,2093.0,-2.0
2015-08-03 14:48:00,2088.0,-6.0
2015-08-03 14:49:00,2088.0,-9.0
2015-08-03 14:59:00,2088.0,-9.0
2015-08-04 11:14:00,2090.0,-10.0
2015-08-04 13:38:00,2102.0,-8.0
2015-08-04 13:49:00,2099.0,-10.0
2015-08-04 14:44:00,2103.0,-8.0
2015-08-04 14:47:00,2107.0,-4.0
2015-08-04 14:59:00,2105.0,-4.0
2015-08-05 09:02:00,2099.0,-6.0
2015-08-05 09:28:00,2096.0,-7.0
2015-08-05 10:48:00,2096.0,-9.0
2015-08-05 11:15:00,2094.0,-10.0
2015-08-05 14:07:00,2102.0,0.0
2015-08-05 14:09:00,2103.0,1.0
2015-08-05 14:10:00,2102.0,3.0
2015-08-05 14:25:00,2104.0,5.0
2015-08-05 14:27:00,2104.0,6.0
2015-08-05 14:38:00,2099.0,5.0
2015-08-05 14:57:00,2105.0,6.0
2015-08-05 14:59:00,2105.0,6.0
2015-08-06 09:00:00,2093.0,5.0
2015-08-06 09:01:00,2093.0,4.0
2015-08-06 09:05:00,2092.0,3.0
2015-08-06 09:07:00,2091.0,2.0
2015-08-06 09:08:00,2089.0,-5.0
2015-08-06 09:09:00,2089.0,-7.0
2015-08-06 09:17:00,2088.0,-13.0
2015-08-06 09:27:00,2082.0,-14.0
2015-08-06 10:35:00,2086.0,-16.0
2015-08-06 11:11:00,2086.0,-21.0
2015-08-06 13:31:00,2094.0,-19.0
2015-08-06 14:59:00,2086.0,-19.0
2015-08-07 09:00:00,2074.0,-21.0
2015-08-07 09:01:00,2076.0,-20.0
2015-08-07 13:35:00,2058.0,-22.0
2015-08-07 14:59:00,2072.0,-22.0
2015-08-10 09:05:00,2064.0,-24.0
2015-08-10 14:59:00,2054.0,-24.0
2015-08-11 09:00:00,2073.0,-18.0
2015-08-11 09:01:00,2070.0,-16.0
2015-08-11 09:02:00,2071.0,-14.0
2015-08-11 09:03:00,2072.0,-11.0
2015-08-11 09:04:00,2072.0,-9.0
2015-08-11 09:05:00,2073.0,-8.0
2015-08-11 09:06:00,2075.0,2.0
2015-08-11 09:40:00,2064.0,1.0
2015-08-11 09:42:00,2063.0,0.0
2015-08-11 10:42:00,2072.0,1.0
2015-08-11 10:43:00,2072.0,2.0
2015-08-11 11:11:00,2071.0,0.0
2015-08-11 11:12:00,2072.0,2.0
2015-08-11 11:15:00,2073.0,4.0
2015-08-11 11:20:00,2075.0,5.0
2015-08-11 13:38:00,2064.0,3.0
2015-08-11 14:57:00,2058.0,1.0
2015-08-11 14:59:00,2056.0,1.0
2015-08-12 09:38:00,2068.0,5.0
2015-08-12 09:54:00,2073.0,6.0
2015-08-12 10:31:00,2071.0,8.0
2015-08-12 13:30:00,2068.0,10.0
2015-08-12 14:26:00,2072.0,12.0
2015-08-12 14:59:00,2076.0,12.0
2015-08-13 09:00:00,2089.0,17.0
2015-08-13 09:01:00,2094.0,18.0
2015-08-13 10:31:00,2095.0,20.0
2015-08-13 11:11:00,2083.0,22.0
2015-08-13 14:59:00,2098.0,22.0
2015-08-14 09:00:00,2090.0,21.0
2015-08-14 09:01:00,2090.0,20.0
2015-08-14 14:59:00,2091.0,20.0
2015-08-17 09:00:00,2081.0,6.0
2015-08-17 09:03:00,2080.0,2.0
2015-08-17 09:04:00,2078.0,-2.0
2015-08-17 09:06:00,2078.0,-4.0
2015-08-17 09:17:00,2076.0,-5.0
2015-08-17 09:20:00,2074.0,-7.0
2015-08-17 09:57:00,2068.0,-8.0
2015-08-17 10:31:00,2068.0,-15.0
2015-08-17 11:11:00,2070.0,-20.0
2015-08-17 14:29:00,2074.0,-22.0
2015-08-17 14:59:00,2066.0,-22.0
2015-08-18 14:59:00,2056.0,-22.0
2015-08-19 09:00:00,2046.0,-24.0
2015-08-19 14:59:00,2050.0,-24.0
2015-08-20 14:59:00,2032.0,-24.0
2015-08-21 09:00:00,2040.0,-23.0
2015-08-21 09:01:00,2041.0,-22.0
2015-08-21 14:59:00,2025.0,-22.0
2015-08-24 09:00:00,2004.0,-24.0
2015-08-24 14:59:00,1938.0,-24.0
2015-08-25 09:54:00,1965.0,-22.0
2015-08-25 09:58:00,1969.0,-21.0
2015-08-25 11:11:00,1957.0,-23.0
2015-08-25 14:59:00,1938.0,-23.0
2015-08-26 09:00:00,1963.0,-21.0
2015-08-26 14:59:00,1942.0,-21.0
2015-08-27 09:15:00,1965.0,-19.0
2015-08-27 09:16:00,1967.0,-17.0
2015-08-27 09:18:00,1968.0,-16.0
2015-08-27 09:22:00,1969.0,-15.0
2015-08-27 09:23:00,1975.0,2.0
2015-08-27 09:24:00,1978.0,4.0
2015-08-27 09:25:00,1978.0,7.0
2015-08-27 09:27:00,1971.0,6.0
2015-08-27 09:30:00,1976.0,7.0
2015-08-27 09:31:00,1972.0,6.0
2015-08-27 09:34:00,1975.0,7.0
2015-08-27 09:36:00,1972.0,6.0
2015-08-27 10:32:00,1971.0,7.0
2015-08-27 11:12:00,1965.0,9.0
2015-08-27 11:21:00,1965.0,10.0
2015-08-27 11:28:00,1967.0,12.0
2015-08-27 14:43:00,1971.0,13.0
2015-08-27 14:59:00,1971.0,13.0
2015-08-28 09:00:00,1993.0,14.0
2015-08-28 09:06:00,2003.0,15.0
2015-08-28 10:32:00,1989.0,17.0
2015-08-28 10:38:00,1979.0,16.0
2015-08-28 10:58:00,1983.0,17.0
2015-08-28 10:59:00,1982.0,16.0
2015-08-28 14:59:00,1978.0,16.0
2015-08-31 09:00:00,1963.0,0.0
2015-08-31 09:02:00,1960.0,-4.0
2015-08-31 09:04:00,1961.0,-5.0
2015-08-31 11:17:00,1961.0,-9.0
2015-08-31 14:54:00,1959.0,-12.0
2015-08-31 14:59:00,1954.0,-17.0
2015-09-01 10:39:00,1970.0,-15.0
2015-09-01 14:59:00,1964.0,-15.0
2015-09-02 09:02:00,1956.0,-16.0
2015-09-02 11:00:00,1951.0,-19.0
2015-09-02 14:59:00,1956.0,-19.0
2015-09-07 09:00:00,1927.0,-21.0
2015-09-07 09:01:00,1938.0,-22.0
2015-09-07 10:31:00,1923.0,-24.0
2015-09-07 14:59:00,1922.0,-24.0
2015-09-08 11:00:00,1928.0,-21.0
2015-09-08 14:10:00,1931.0,-9.0
2015-09-08 14:25:00,1936.0,-8.0
2015-09-08 14:29:00,1939.0,-6.0
2015-09-08 14:41:00,1940.0,-5.0
2015-09-08 14:46:00,1942.0,-3.0
2015-09-08 14:47:00,1943.0,-2.0
2015-09-08 14:50:00,1943.0,-1.0
2015-09-08 14:51:00,1947.0,7.0
2015-09-08 14:52:00,1947.0,10.0
2015-09-08 14:58:00,1948.0,11.0
2015-09-08 14:59:00,1950.0,11.0
2015-09-09 09:00:00,1971.0,14.0
2015-09-09 09:01:00,1972.0,18.0
2015-09-09 14:02:00,1955.0,16.0
2015-09-09 14:08:00,1952.0,15.0
2015-09-09 14:59:00,1951.0,15.0
2015-09-10 09:11:00,1943.0,14.0
2015-09-10 13:42:00,1961.0,16.0
2015-09-10 13:51:00,1962.0,20.0
2015-09-10 14:59:00,1959.0,20.0
2015-09-11 11:15:00,1954.0,16.0
2015-09-11 14:27:00,1953.0,12.0
2015-09-11 14:30:00,1952.0,10.0
2015-09-11 14:33:00,1952.0,8.0
2015-09-11 14:38:00,1951.0,6.0
2015-09-11 14:39:00,1949.0,2.0
2015-09-11 14:48:00,1949.0,0.0
2015-09-11 14:59:00,1948.0,-2.0
2015-09-14 09:00:00,1935.0,-12.0
2015-09-14 09:01:00,1935.0,-16.0
2015-09-14 11:11:00,1938.0,-18.0
2015-09-14 14:59:00,1934.0,-18.0
2015-09-15 13:46:00,1928.0,-21.0
2015-09-15 13:54:00,1925.0,-23.0
2015-09-15 14:59:00,1915.0,-23.0
2015-09-16 09:00:00,1936.0,-22.0
2015-09-16 09:01:00,1938.0,-20.0
2015-09-16 09:08:00,1934.0,-21.0
2015-09-16 10:31:00,1934.0,-20.0
2015-09-16 10:32:00,1935.0,-19.0
2015-09-16 13:35:00,1923.0,-20.0
2015-09-16 14:00:00,1930.0,-19.0
2015-09-16 14:30:00,1935.0,-18.0
2015-09-16 14:38:00,1936.0,-16.0
2015-09-16 14:39:00,1936.0,-14.0
2015-09-16 14:42:00,1938.0,-11.0
2015-09-16 14:43:00,1938.0,-8.0
2015-09-16 14:59:00,1938.0,-8.0
2015-09-17 10:11:00,1936.0,-7.0
2015-09-17 10:30:00,1936.0,-6.0
2015-09-17 10:31:00,1941.0,5.0
2015-09-17 10:35:00,1940.0,6.0
2015-09-17 11:11:00,1939.0,8.0
2015-09-17 11:17:00,1941.0,10.0
2015-09-17 14:04:00,1945.0,19.0
2015-09-17 14:05:00,1948.0,20.0
2015-09-17 14:58:00,1932.0,18.0
2015-09-17 14:59:00,1931.0,16.0
2015-09-18 09:08:00,1930.0,14.0
2015-09-18 09:09:00,1930.0,13.0
2015-09-18 11:11:00,1932.0,15.0
2015-09-18 11:18:00,1930.0,11.0
2015-09-18 11:25:00,1929.0,7.0
2015-09-18 13:34:00,1927.0,3.0
2015-09-18 14:00:00,1925.0,-1.0
2015-09-18 14:21:00,1925.0,-5.0
2015-09-18 14:22:00,1924.0,-7.0
2015-09-18 14:59:00,1927.0,-7.0
2015-09-21 09:08:00,1927.0,-9.0
2015-09-21 09:12:00,1925.0,-13.0
2015-09-21 09:16:00,1918.0,-20.0
2015-09-21 09:40:00,1914.0,-21.0
2015-09-21 10:31:00,1918.0,-22.0
2015-09-21 11:14:00,1908.0,-24.0
2015-09-21 14:59:00,1909.0,-24.0
2015-09-22 14:59:00,1896.0,-24.0
2015-09-23 14:08:00,1905.0,-9.0
2015-09-23 14:09:00,1906.0,-4.0
2015-09-23 14:10:00,1906.0,0.0
2015-09-23 14:11:00,1905.0,1.0
2015-09-23 14:59:00,1906.0,1.0
2015-09-24 10:51:00,1897.0,-1.0
2015-09-24 10:54:00,1896.0,-3.0
2015-09-24 11:16:00,1893.0,-5.0
2015-09-24 14:28:00,1893.0,-7.0
2015-09-24 14:45:00,1892.0,-11.0
2015-09-24 14:59:00,1896.0,-11.0
2015-09-25 09:00:00,1906.0,1.0
2015-09-25 09:01:00,1905.0,5.0
2015-09-25 09:02:00,1905.0,8.0
2015-09-25 09:03:00,1905.0,9.0
2015-09-25 09:04:00,1905.0,10.0
2015-09-25 10:31:00,1907.0,11.0
2015-09-25 11:11:00,1902.0,13.0
2015-09-25 11:18:00,1898.0,10.0
2015-09-25 14:04:00,1896.0,6.0
2015-09-25 14:08:00,1897.0,4.0
2015-09-25 14:10:00,1896.0,3.0
2015-09-25 14:32:00,1894.0,-3.0
2015-09-25 14:46:00,1893.0,-9.0
2015-09-25 14:56:00,1892.0,-11.0
2015-09-25 14:59:00,1893.0,-11.0
2015-09-28 09:00:00,1879.0,-17.0
2015-09-28 09:01:00,1883.0,-21.0
2015-09-28 09:48:00,1879.0,-22.0
2015-09-28 09:59:00,1877.0,-23.0
2015-09-28 10:31:00,1877.0,-24.0
2015-09-28 14:59:00,1862.0,-24.0
2015-09-29 14:21:00,1850.0,-21.0
2015-09-29 14:59:00,1836.0,-21.0
2015-09-30 11:07:00,1824.0,-24.0
2015-09-30 14:59:00,1826.0,-24.0
2015-10-08 09:00:00,1840.0,-23.0
2015-10-08 09:01:00,1839.0,-22.0
2015-10-08 10:33:00,1838.0,-19.0
2015-10-08 10:36:00,1841.0,-18.0
2015-10-08 10:37:00,1845.0,-15.0
2015-10-08 10:40:00,1847.0,-3.0
2015-10-08 10:41:00,1852.0,2.0
2015-10-08 10:42:00,1854.0,7.0
2015-10-08 14:08:00,1835.0,5.0
2015-10-08 14:59:00,1833.0,5.0
2015-10-09 09:11:00,1844.0,6.0
2015-10-09 11:12:00,1846.0,11.0
2015-10-09 11:20:00,1850.0,13.0
2015-10-09 11:21:00,1853.0,17.0
2015-10-09 11:23:00,1851.0,16.0
2015-10-09 13:30:00,1857.0,17.0
2015-10-09 14:14:00,1860.0,16.0
2015-10-09 14:21:00,1862.0,17.0
2015-10-09 14:22:00,1860.0,16.0
2015-10-09 14:26:00,1863.0,17.0
2015-10-09 14:34:00,1864.0,16.0
2015-10-09 14:59:00,1860.0,16.0
2015-10-12 09:02:00,1868.0,18.0
2015-10-12 09:03:00,1863.0,17.0
2015-10-12 09:13:00,1869.0,18.0
2015-10-12 09:17:00,1867.0,17.0
2015-10-12 09:56:00,1869.0,18.0
2015-10-12 10:01:00,1868.0,17.0
2015-10-12 10:02:00,1869.0,18.0
2015-10-12 10:36:00,1868.0,17.0
2015-10-12 10:37:00,1869.0,18.0
2015-10-12 10:38:00,1871.0,21.0
2015-10-12 10:43:00,1868.0,20.0
2015-10-12 10:44:00,1869.0,21.0
2015-10-12 10:46:00,1867.0,20.0
2015-10-12 14:49:00,1854.0,17.0
2015-10-12 14:59:00,1855.0,17.0
2015-10-13 09:00:00,1843.0,1.0
2015-10-13 09:01:00,1841.0,-7.0
2015-10-13 09:08:00,1835.0,-8.0
2015-10-13 10:31:00,1833.0,-13.0
2015-10-13 10:42:00,1829.0,-16.0
2015-10-13 11:11:00,1834.0,-21.0
2015-10-13 14:11:00,1840.0,-23.0
2015-10-13 14:59:00,1846.0,-23.0
2015-10-14 13:48:00,1838.0,-19.0
2015-10-14 14:59:00,1837.0,-19.0
2015-10-15 10:14:00,1845.0,-17.0
2015-10-15 10:31:00,1845.0,-13.0
2015-10-15 10:46:00,1846.0,-11.0
2015-10-15 11:05:00,1847.0,-10.0
2015-10-15 11:06:00,1846.0,-8.0
2015-10-15 11:11:00,1845.0,-2.0
2015-10-15 14:02:00,1846.0,4.0
2015-10-15 14:16:00,1847.0,6.0
2015-10-15 14:20:00,1849.0,9.0
2015-10-15 14:23:00,1850.0,11.0
2015-10-15 14:59:00,1841.0,11.0
2015-10-16 09:00:00,1835.0,5.0
2015-10-16 09:01:00,1834.0,1.0
2015-10-16 09:06:00,1834.0,-1.0
2015-10-16 09:13:00,1833.0,-2.0
2015-10-16 09:30:00,1831.0,-10.0
2015-10-16 09:33:00,1830.0,-12.0
2015-10-16 09:41:00,1829.0,-14.0
2015-10-16 10:42:00,1832.0,-15.0
2015-10-16 10:48:00,1839.0,-13.0
2015-10-16 13:52:00,1836.0,-15.0
2015-10-16 14:33:00,1835.0,-17.0
2015-10-16 14:48:00,1834.0,-18.0
2015-10-16 14:59:00,1836.0,-18.0
2015-10-19 09:04:00,1845.0,-5.0
2015-10-19 11:11:00,1836.0,-7.0
2015-10-19 11:28:00,1833.0,-13.0
2015-10-19 13:30:00,1822.0,-20.0
2015-10-19 14:59:00,1815.0,-20.0
2015-10-20 13:56:00,1807.0,-21.0
2015-10-20 14:59:00,1809.0,-21.0
2015-10-21 11:11:00,1805.0,-23.0
2015-10-21 14:02:00,1812.0,-21.0
2015-10-21 14:48:00,1814.0,-17.0
2015-10-21 14:59:00,1808.0,-17.0
2015-10-22 09:00:00,1820.0,-3.0
2015-10-22 10:32:00,1810.0,-7.0
2015-10-22 11:03:00,1816.0,-5.0
2015-10-22 11:07:00,1809.0,-6.0
2015-10-22 11:25:00,1807.0,-8.0
2015-10-22 13:30:00,1804.0,-9.0
2015-10-22 14:59:00,1806.0,-9.0
2015-10-23 09:01:00,1804.0,-10.0
2015-10-23 09:04:00,1802.0,-11.0
2015-10-23 09:05:00,1800.0,-16.0
2015-10-23 09:06:00,1799.0,-17.0
2015-10-23 09:40:00,1798.0,-18.0
2015-10-23 10:31:00,1799.0,-19.0
2015-10-23 11:11:00,1795.0,-23.0
2015-10-23 14:59:00,1802.0,-23.0
2015-10-26 14:59:00,1797.0,-23.0
2015-10-27 10:00:00,1800.0,-22.0
2015-10-27 10:02:00,1800.0,-21.0
2015-10-27 10:34:00,1802.0,-17.0
2015-10-27 10:35:00,1806.0,0.0
2015-10-27 10:36:00,1805.0,1.0
2015-10-27 10:39:00,1807.0,3.0
2015-10-27 10:40:00,1806.0,5.0
2015-10-27 10:41:00,1808.0,8.0
2015-10-27 10:47:00,1811.0,12.0
2015-10-27 11:10:00,1803.0,9.0
2015-10-27 11:12:00,1803.0,13.0
2015-10-27 11:14:00,1802.0,12.0
2015-10-27 13:31:00,1806.0,13.0
2015-10-27 14:59:00,1803.0,13.0
2015-10-28 09:00:00,1796.0,11.0
2015-10-28 09:20:00,1796.0,9.0
2015-10-28 09:22:00,1796.0,7.0
2015-10-28 10:31:00,1794.0,5.0
2015-10-28 10:32:00,1790.0,-11.0
2015-10-28 11:11:00,1796.0,-13.0
2015-10-28 11:12:00,1795.0,-17.0
2015-10-28 11:14:00,1794.0,-21.0
2015-10-28 11:19:00,1792.0,-23.0
2015-10-28 14:59:00,1794.0,-23.0
2015-10-29 14:59:00,1797.0,-23.0
2015-10-30 11:12:00,1793.0,-21.0
2015-10-30 14:59:00,1788.0,-21.0
2015-11-02 09:46:00,1794.0,-19.0
2015-11-02 09:53:00,1795.0,-17.0
2015-11-02 10:02:00,1797.0,-10.0
2015-11-02 10:03:00,1796.0,-9.0
2015-11-02 10:12:00,1797.0,-5.0
2015-11-02 10:14:00,1798.0,-3.0
2015-11-02 10:30:00,1799.0,8.0
2015-11-02 10:31:00,1798.0,14.0
2015-11-02 10:32:00,1798.0,16.0
2015-11-02 11:11:00,1793.0,12.0
2015-11-02 14:56:00,1791.0,9.0
2015-11-02 14:59:00,1792.0,9.0
2015-11-03 09:00:00,1786.0,-10.0
2015-11-03 09:01:00,1786.0,-14.0
2015-11-03 09:08:00,1784.0,-15.0
2015-11-03 09:51:00,1782.0,-16.0
2015-11-03 09:53:00,1781.0,-17.0
2015-11-03 10:31:00,1780.0,-22.0
2015-11-03 11:11:00,1782.0,-24.0
2015-11-03 14:59:00,1778.0,-24.0
2015-11-04 10:03:00,1783.0,-21.0
2015-11-04 14:59:00,1780.0,-21.0
2015-11-05 10:32:00,1778.0,-23.0
2015-11-05 14:59:00,1777.0,-23.0
2015-11-06 09:00:00,1781.0,-21.0
2015-11-06 10:09:00,1782.0,-17.0
2015-11-06 10:31:00,1782.0,-15.0
2015-11-06 10:50:00,1783.0,-11.0
2015-11-06 10:55:00,1784.0,-5.0
2015-11-06 11:00:00,1785.0,5.0
2015-11-06 11:01:00,1786.0,12.0
2015-11-06 11:11:00,1789.0,17.0
2015-11-06 11:12:00,1790.0,20.0
2015-11-06 11:14:00,1798.0,21.0
2015-11-06 11:29:00,1791.0,19.0
2015-11-06 13:39:00,1789.0,17.0
2015-11-06 14:59:00,1788.0,17.0
2015-11-09 09:08:00,1793.0,18.0
2015-11-09 09:09:00,1794.0,19.0
2015-11-09 09:13:00,1797.0,21.0
2015-11-09 14:59:00,1796.0,21.0
2015-11-10 11:25:00,1794.0,23.0
2015-11-10 13:33:00,1790.0,21.0
2015-11-10 13:36:00,1789.0,3.0
2015-11-10 13:41:00,1788.0,0.0
2015-11-10 13:46:00,1787.0,-8.0
2015-11-10 14:25:00,1785.0,-9.0
2015-11-10 14:59:00,1790.0,-9.0
2015-11-11 09:00:00,1779.0,-14.0
2015-11-11 09:01:00,1779.0,-18.0
2015-11-11 11:11:00,1775.0,-16.0
2015-11-11 14:59:00,1771.0,-16.0
2015-11-12 09:00:00,1765.0,-18.0
2015-11-12 09:01:00,1766.0,-19.0
2015-11-12 09:31:00,1771.0,-16.0
2015-11-12 09:55:00,1762.0,-17.0
2015-11-12 10:31:00,1760.0,-19.0
2015-11-12 14:59:00,1763.0,-19.0
2015-11-13 10:13:00,1766.0,-17.0
2015-11-13 10:31:00,1767.0,-13.0
2015-11-13 11:25:00,1763.0,-14.0
2015-11-13 14:59:00,1760.0,-14.0
2015-11-16 09:16:00,1767.0,-13.0
2015-11-16 09:21:00,1768.0,-4.0
2015-11-16 09:23:00,1771.0,3.0
2015-11-16 09:47:00,1763.0,2.0
2015-11-16 11:11:00,1763.0,0.0
2015-11-16 13:33:00,1761.0,-1.0
2015-11-16 13:36:00,1760.0,-3.0
2015-11-16 13:37:00,1759.0,-7.0
2015-11-16 14:12:00,1758.0,-9.0
2015-11-16 14:20:00,1757.0,-11.0
2015-11-16 14:59:00,1757.0,-11.0
2015-11-17 09:02:00,1759.0,-13.0
2015-11-17 09:52:00,1757.0,-15.0
2015-11-17 09:53:00,1756.0,-18.0
2015-11-17 10:35:00,1756.0,-22.0
2015-11-17 13:32:00,1753.0,-24.0
2015-11-17 14:59:00,1754.0,-24.0
2015-11-18 14:59:00,1736.0,-24.0
2015-11-19 14:59:00,1707.0,-24.0
2015-11-20 14:59:00,1697.0,-24.0
2015-11-23 14:59:00,1659.0,-24.0
2015-11-24 14:59:00,1669.0,-24.0
2015-11-25 09:00:00,1683.0,-4.0
2015-11-25 09:01:00,1682.0,-3.0
2015-11-25 10:31:00,1672.0,-5.0
2015-11-25 11:11:00,1671.0,-7.0
2015-11-25 13:40:00,1675.0,-5.0
2015-11-25 14:13:00,1678.0,-3.0
2015-11-25 14:22:00,1680.0,-1.0
2015-11-25 14:26:00,1681.0,0.0
2015-11-25 14:59:00,1674.0,0.0
2015-11-26 09:02:00,1677.0,1.0
2015-11-26 09:12:00,1683.0,3.0
2015-11-26 09:14:00,1685.0,5.0
2015-11-26 09:15:00,1684.0,6.0
2015-11-26 09:28:00,1685.0,7.0
2015-11-26 09:29:00,1687.0,11.0
2015-11-26 09:30:00,1685.0,9.0
2015-11-26 09:32:00,1688.0,11.0
2015-11-26 09:36:00,1687.0,9.0
2015-11-26 09:37:00,1689.0,11.0
2015-11-26 09:48:00,1689.0,9.0
2015-11-26 09:49:00,1691.0,11.0
2015-11-26 10:03:00,1691.0,9.0
2015-11-26 10:04:00,1692.0,11.0
2015-11-26 10:05:00,1691.0,9.0
2015-11-26 10:07:00,1692.0,11.0
2015-11-26 10:08:00,1689.0,9.0
2015-11-26 10:31:00,1691.0,7.0
2015-11-26 10:32:00,1691.0,8.0
2015-11-26 11:13:00,1686.0,9.0
2015-11-26 11:17:00,1689.0,10.0
2015-11-26 11:23:00,1692.0,14.0
2015-11-26 13:52:00,1690.0,11.0
2015-11-26 13:53:00,1692.0,14.0
2015-11-26 13:55:00,1690.0,11.0
2015-11-26 13:57:00,1693.0,14.0
2015-11-26 13:59:00,1690.0,11.0
2015-11-26 14:09:00,1686.0,10.0
2015-11-26 14:24:00,1692.0,13.0
2015-11-26 14:25:00,1691.0,10.0
2015-11-26 14:41:00,1684.0,-3.0
2015-11-26 14:42:00,1685.0,2.0
2015-11-26 14:43:00,1681.0,-3.0
2015-11-26 14:48:00,1680.0,-4.0
2015-11-26 14:59:00,1677.0,-4.0
2015-11-27 09:01:00,1674.0,-5.0
2015-11-27 09:19:00,1671.0,-8.0
2015-11-27 09:22:00,1671.0,-9.0
2015-11-27 09:55:00,1666.0,-10.0
2015-11-27 09:56:00,1664.0,-12.0
2015-11-27 10:34:00,1663.0,-13.0
2015-11-27 11:11:00,1662.0,-18.0
2015-11-27 11:17:00,1659.0,-21.0
2015-11-27 13:37:00,1657.0,-23.0
2015-11-27 14:59:00,1656.0,-23.0
2015-11-30 09:03:00,1637.0,-24.0
2015-11-30 14:59:00,1624.0,-24.0
2015-12-01 14:01:00,1637.0,-9.0
2015-12-01 14:59:00,1629.0,-9.0
2015-12-02 09:00:00,1665.0,0.0
2015-12-02 09:01:00,1663.0,5.0
2015-12-02 09:02:00,1662.0,9.0
2015-12-02 10:32:00,1662.0,10.0
2015-12-02 11:12:00,1652.0,12.0
2015-12-02 11:29:00,1649.0,10.0
2015-12-02 13:44:00,1654.0,14.0
2015-12-02 14:59:00,1655.0,14.0
2015-12-03 11:11:00,1640.0,12.0
2015-12-03 11:22:00,1636.0,5.0
2015-12-03 13:31:00,1635.0,4.0
2015-12-03 13:32:00,1634.0,-2.0
2015-12-03 13:40:00,1633.0,-11.0
2015-12-03 14:48:00,1630.0,-12.0
2015-12-03 14:59:00,1631.0,-12.0
2015-12-04 09:01:00,1632.0,-13.0
2015-12-04 09:20:00,1627.0,-15.0
2015-12-04 09:24:00,1626.0,-16.0
2015-12-04 09:25:00,1626.0,-17.0
2015-12-04 10:35:00,1638.0,-15.0
2015-12-04 10:44:00,1639.0,-14.0
2015-12-04 11:29:00,1644.0,-11.0
2015-12-04 13:37:00,1646.0,-10.0
2015-12-04 13:38:00,1646.0,-9.0
2015-12-04 14:59:00,1642.0,-9.0
2015-12-07 09:08:00,1651.0,6.0
2015-12-07 09:09:00,1651.0,8.0
2015-12-07 09:13:00,1659.0,9.0
2015-12-07 09:14:00,1660.0,10.0
2015-12-07 10:45:00,1657.0,12.0
2015-12-07 11:01:00,1659.0,14.0
2015-12-07 11:11:00,1657.0,18.0
2015-12-07 11:29:00,1660.0,20.0
2015-12-07 13:48:00,1665.0,21.0
2015-12-07 14:59:00,1662.0,21.0
2015-12-08 09:01:00,1643.0,19.0
2015-12-08 09:05:00,1640.0,16.0
2015-12-08 09:06:00,1640.0,14.0
2015-12-08 10:31:00,1642.0,12.0
2015-12-08 11:11:00,1650.0,14.0
2015-12-08 14:59:00,1649.0,14.0
2015-12-09 14:31:00,1648.0,10.0
2015-12-09 14:40:00,1647.0,8.0
2015-12-09 14:59:00,1651.0,8.0
2015-12-10 09:00:00,1643.0,-2.0
2015-12-10 09:01:00,1644.0,-3.0
2015-12-10 09:03:00,1642.0,-11.0
2015-12-10 11:11:00,1645.0,-13.0
2015-12-10 11:12:00,1644.0,-14.0
2015-12-10 13:42:00,1642.0,-16.0
2015-12-10 14:00:00,1640.0,-18.0
2015-12-10 14:02:00,1639.0,-23.0
2015-12-10 14:59:00,1642.0,-23.0
2015-12-11 09:04:00,1646.0,-22.0
2015-12-11 09:05:00,1647.0,-20.0
2015-12-11 10:34:00,1645.0,-16.0
2015-12-11 11:05:00,1648.0,-14.0
2015-12-11 11:11:00,1648.0,-8.0
2015-12-11 11:14:00,1649.0,-3.0
2015-12-11 11:15:00,1650.0,11.0
2015-12-11 11:17:00,1650.0,13.0
2015-12-11 11:19:00,1651.0,20.0
2015-12-11 13:36:00,1650.0,22.0
2015-12-11 14:44:00,1654.0,24.0
2015-12-11 14:59:00,1652.0,24.0
2015-12-14 09:10:00,1643.0,18.0
2015-12-14 10:57:00,1656.0,20.0
2015-12-14 10:58:00,1659.0,21.0
2015-12-14 11:00:00,1663.0,22.0
2015-12-14 14:59:00,1660.0,22.0
2015-12-15 09:11:00,1680.0,24.0
2015-12-15 13:40:00,1657.0,22.0
2015-12-15 14:59:00,1656.0,22.0
2015-12-16 14:59:00,1671.0,22.0
2015-12-17 11:11:00,1688.0,20.0
2015-12-17 13:53:00,1690.0,22.0
2015-12-17 14:35:00,1676.0,20.0
2015-12-17 14:59:00,1679.0,20.0
2015-12-18 10:31:00,1693.0,22.0
2015-12-18 13:34:00,1703.0,24.0
2015-12-18 14:59:00,1713.0,24.0
2015-12-21 09:00:00,1737.0,23.0
2015-12-21 09:01:00,1743.0,22.0
2015-12-21 14:59:00,1752.0,22.0
2015-12-22 10:03:00,1733.0,18.0
2015-12-22 10:04:00,1732.0,17.0
2015-12-22 11:00:00,1726.0,14.0
2015-12-22 11:01:00,1726.0,13.0
2015-12-22 11:03:00,1725.0,12.0
2015-12-22 14:59:00,1737.0,12.0
2015-12-23 09:00:00,1723.0,1.0
2015-12-23 09:19:00,1718.0,0.0
2015-12-23 09:31:00,1715.0,-4.0
2015-12-23 09:35:00,1717.0,-2.0
2015-12-23 10:38:00,1715.0,-4.0
2015-12-23 10:49:00,1716.0,-3.0
2015-12-23 10:50:00,1715.0,-4.0
2015-12-23 10:52:00,1714.0,-5.0
2015-12-23 10:54:00,1716.0,-4.0
2015-12-23 11:00:00,1715.0,-5.0
2015-12-23 11:01:00,1716.0,-4.0
2015-12-23 11:12:00,1718.0,-6.0
2015-12-23 14:05:00,1728.0,-5.0
2015-12-23 14:59:00,1723.0,-5.0
2015-12-24 09:10:00,1738.0,-4.0
2015-12-24 09:11:00,1739.0,-1.0
2015-12-24 09:29:00,1741.0,0.0
2015-12-24 11:11:00,1732.0,-2.0
2015-12-24 13:31:00,1738.0,4.0
2015-12-24 13:32:00,1742.0,12.0
2015-12-24 13:33:00,1745.0,16.0
2015-12-24 14:59:00,1731.0,16.0
2015-12-25 09:02:00,1736.0,18.0
2015-12-25 11:11:00,1736.0,16.0
2015-12-25 14:40:00,1742.0,18.0
2015-12-25 14:59:00,1742.0,18.0
2015-12-28 09:05:00,1733.0,14.0
2015-12-28 09:10:00,1729.0,7.0
2015-12-28 09:11:00,1730.0,4.0
2015-12-28 09:12:00,1730.0,3.0
2015-12-28 09:15:00,1730.0,2.0
2015-12-28 09:16:00,1730.0,1.0
2015-12-28 09:27:00,1728.0,-8.0
2015-12-28 10:31:00,1729.0,-12.0
2015-12-28 11:25:00,1731.0,-14.0
2015-12-28 13:41:00,1740.0,-11.0
2015-12-28 13:42:00,1745.0,11.0
2015-12-28 14:03:00,1746.0,12.0
2015-12-28 14:21:00,1748.0,13.0
2015-12-28 14:26:00,1751.0,14.0
2015-12-28 14:59:00,1745.0,14.0
2015-12-29 09:00:00,1760.0,15.0
2015-12-29 09:01:00,1759.0,19.0
2015-12-29 10:31:00,1763.0,20.0
2015-12-29 10:40:00,1766.0,21.0
2015-12-29 10:41:00,1767.0,23.0
2015-12-29 14:59:00,1784.0,23.0
2015-12-30 10:07:00,1786.0,22.0
2015-12-30 14:20:00,1782.0,20.0
2015-12-30 14:25:00,1778.0,17.0
2015-12-30 14:59:00,1783.0,17.0
2015-12-31 09:02:00,1796.0,18.0
2015-12-31 14:59:00,1786.0,18.0
2016-01-04 09:21:00,1804.0,17.0
2016-01-04 09:45:00,1796.0,16.0
2016-01-04 10:08:00,1806.0,17.0
2016-01-04 10:31:00,1802.0,15.0
2016-01-04 10:35:00,1797.0,14.0
2016-01-04 11:11:00,1798.0,12.0
2016-01-04 11:15:00,1793.0,-1.0
2016-01-04 11:27:00,1792.0,-2.0
2016-01-04 13:31:00,1786.0,-4.0
2016-01-04 14:01:00,1796.0,-2.0
2016-01-04 14:05:00,1793.0,-4.0
2016-01-04 14:14:00,1785.0,-8.0
2016-01-04 14:15:00,1783.0,-12.0
2016-01-04 14:23:00,1783.0,-13.0
2016-01-04 14:25:00,1783.0,-14.0
2016-01-04 14:29:00,1778.0,-16.0
2016-01-04 14:41:00,1776.0,-17.0
2016-01-04 14:47:00,1775.0,-18.0
2016-01-04 14:59:00,1779.0,-18.0
2016-01-05 09:02:00,1771.0,-22.0
2016-01-05 14:59:00,1790.0,-22.0
2016-01-06 09:02:00,1776.0,-23.0
2016-01-06 14:29:00,1777.0,-21.0
2016-01-06 14:59:00,1777.0,-21.0
2016-01-07 09:02:00,1785.0,-20.0
2016-01-07 09:03:00,1786.0,-17.0
2016-01-07 09:04:00,1787.0,-13.0
2016-01-07 09:06:00,1787.0,-11.0
2016-01-07 09:43:00,1772.0,-13.0
2016-01-07 10:01:00,1770.0,-19.0
2016-01-07 11:08:00,1781.0,-17.0
2016-01-07 11:11:00,1780.0,-15.0
2016-01-07 14:59:00,1775.0,-15.0
2016-01-08 09:06:00,1768.0,-19.0
2016-01-08 10:31:00,1767.0,-21.0
2016-01-08 14:59:00,1761.0,-21.0
2016-01-11 09:27:00,1762.0,-20.0
2016-01-11 10:01:00,1769.0,-19.0
2016-01-11 10:07:00,1769.0,-18.0
2016-01-11 10:10:00,1771.0,-17.0
2016-01-11 10:11:00,1771.0,-16.0
2016-01-11 10:31:00,1770.0,-13.0
2016-01-11 10:33:00,1769.0,-12.0
2016-01-11 11:21:00,1768.0,-10.0
2016-01-11 14:13:00,1771.0,-8.0
2016-01-11 14:15:00,1771.0,-6.0
2016-01-11 14:53:00,1761.0,-10.0
2016-01-11 14:56:00,1758.0,-12.0
2016-01-11 14:59:00,1759.0,-12.0
2016-01-12 09:00:00,1753.0,-16.0
2016-01-12 09:09:00,1749.0,-17.0
2016-01-12 11:02:00,1748.0,-18.0
2016-01-12 11:17:00,1743.0,-21.0
2016-01-12 14:59:00,1741.0,-21.0
2016-01-13 14:59:00,1741.0,-21.0
2016-01-14 09:23:00,1733.0,-22.0
2016-01-14 10:00:00,1747.0,-19.0
2016-01-14 10:31:00,1749.0,-5.0
2016-01-14 11:11:00,1748.0,-3.0
2016-01-14 11:14:00,1750.0,-1.0
2016-01-14 11:15:00,1750.0,2.0
2016-01-14 13:33:00,1751.0,4.0
2016-01-14 14:29:00,1754.0,6.0
2016-01-14 14:30:00,1756.0,8.0
2016-01-14 14:31:00,1755.0,9.0
2016-01-14 14:45:00,1757.0,15.0
2016-01-14 14:46:00,1755.0,14.0
2016-01-14 14:48:00,1758.0,15.0
2016-01-14 14:57:00,1756.0,14.0
2016-01-14 14:58:00,1758.0,15.0
2016-01-14 14:59:00,1759.0,15.0
2016-01-15 09:00:00,1775.0,16.0
2016-01-15 09:01:00,1775.0,19.0
2016-01-15 09:02:00,1772.0,20.0
2016-01-15 09:16:00,1779.0,21.0
2016-01-15 10:11:00,1783.0,22.0
2016-01-15 11:11:00,1783.0,24.0
2016-01-15 14:59:00,1778.0,24.0
2016-01-18 14:59:00,1827.0,24.0
2016-01-19 14:59:00,1840.0,24.0
2016-01-20 11:25:00,1817.0,22.0
2016-01-20 11:26:00,1815.0,17.0
2016-01-20 11:27:00,1816.0,16.0
2016-01-20 13:30:00,1815.0,14.0
2016-01-20 14:50:00,1820.0,13.0
2016-01-20 14:51:00,1819.0,12.0
2016-01-20 14:56:00,1815.0,10.0
2016-01-20 14:59:00,1818.0,10.0
2016-01-21 09:02:00,1816.0,9.0
2016-01-21 10:50:00,1816.0,8.0
2016-01-21 10:51:00,1816.0,7.0
2016-01-21 11:11:00,1817.0,5.0
2016-01-21 11:17:00,1816.0,2.0
2016-01-21 11:18:00,1815.0,-1.0
2016-01-21 11:29:00,1813.0,-4.0
2016-01-21 13:30:00,1811.0,-6.0
2016-01-21 13:31:00,1811.0,-8.0
2016-01-21 14:12:00,1808.0,-9.0
2016-01-21 14:14:00,1808.0,-10.0
2016-01-21 14:15:00,1808.0,-11.0
2016-01-21 14:18:00,1806.0,-13.0
2016-01-21 14:59:00,1808.0,-13.0
2016-01-22 09:00:00,1841.0,5.0
2016-01-22 09:01:00,1840.0,9.0
2016-01-22 09:02:00,1852.0,11.0
2016-01-22 10:31:00,1834.0,12.0
2016-01-22 10:34:00,1838.0,14.0
2016-01-22 11:11:00,1831.0,18.0
2016-01-22 11:13:00,1833.0,20.0
2016-01-22 11:19:00,1833.0,21.0
2016-01-22 11:22:00,1836.0,22.0
2016-01-22 14:39:00,1827.0,20.0
2016-01-22 14:42:00,1823.0,18.0
2016-01-22 14:59:00,1823.0,18.0
2016-01-25 09:26:00,1843.0,20.0
2016-01-25 10:31:00,1843.0,22.0
2016-01-25 11:11:00,1850.0,24.0
2016-01-25 14:59:00,1839.0,24.0
2016-01-26 14:15:00,1836.0,22.0
2016-01-26 14:23:00,1835.0,15.0
2016-01-26 14:59:00,1844.0,15.0
2016-01-27 09:00:00,1861.0,20.0
2016-01-27 11:11:00,1861.0,22.0
2016-01-27 14:07:00,1855.0,19.0
2016-01-27 14:59:00,1861.0,19.0
2016-01-28 09:01:00,1848.0,18.0
2016-01-28 09:02:00,1848.0,17.0
2016-01-28 09:08:00,1845.0,15.0
2016-01-28 09:14:00,1845.0,14.0
2016-01-28 09:18:00,1842.0,12.0
2016-01-28 10:31:00,1842.0,8.0
2016-01-28 11:11:00,1840.0,-2.0
2016-01-28 11:13:00,1837.0,-10.0
2016-01-28 11:14:00,1839.0,-11.0
2016-01-28 13:38:00,1835.0,-13.0
2016-01-28 13:59:00,1830.0,-14.0
2016-01-28 14:00:00,1828.0,-19.0
2016-01-28 14:02:00,1829.0,-20.0
2016-01-28 14:46:00,1821.0,-21.0
2016-01-28 14:59:00,1815.0,-21.0
2016-01-29 09:01:00,1813.0,-22.0
2016-01-29 09:02:00,1813.0,-23.0
2016-01-29 14:59:00,1814.0,-23.0
2016-02-01 09:00:00,1833.0,-18.0
2016-02-01 09:28:00,1835.0,-16.0
2016-02-01 11:11:00,1831.0,-18.0
2016-02-01 14:59:00,1819.0,-18.0
2016-02-02 10:05:00,1808.0,-20.0
2016-02-02 10:07:00,1807.0,-21.0
2016-02-02 10:09:00,1804.0,-22.0
2016-02-02 13:43:00,1806.0,-24.0
2016-02-02 14:59:00,1815.0,-24.0
2016-02-03 10:46:00,1818.0,-21.0
2016-02-03 11:11:00,1821.0,-16.0
2016-02-03 11:12:00,1821.0,-13.0
2016-02-03 11:21:00,1822.0,-11.0
2016-02-03 11:22:00,1822.0,-9.0
2016-02-03 11:23:00,1824.0,0.0
2016-02-03 11:24:00,1824.0,5.0
2016-02-03 14:06:00,1824.0,6.0
2016-02-03 14:07:00,1825.0,7.0
2016-02-03 14:08:00,1825.0,8.0
2016-02-03 14:11:00,1828.0,10.0
2016-02-03 14:59:00,1825.0,10.0
2016-02-04 09:00:00,1842.0,15.0
2016-02-04 09:01:00,1842.0,16.0
2016-02-04 10:31:00,1847.0,18.0
2016-02-04 13:35:00,1852.0,21.0
2016-02-04 14:59:00,1850.0,21.0
2016-02-05 09:59:00,1834.0,20.0
2016-02-05 10:02:00,1833.0,17.0
2016-02-05 10:40:00,1834.0,13.0
2016-02-05 13:30:00,1831.0,11.0
2016-02-05 14:01:00,1829.0,7.0
2016-02-05 14:02:00,1828.0,5.0
2016-02-05 14:51:00,1843.0,6.0
2016-02-05 14:59:00,1842.0,6.0
2016-02-15 09:04:00,1846.0,9.0
2016-02-15 10:31:00,1851.0,13.0
2016-02-15 10:45:00,1857.0,17.0
2016-02-15 11:11:00,1855.0,19.0
2016-02-15 13:31:00,1863.0,20.0
2016-02-15 13:32:00,1867.0,24.0
2016-02-15 14:59:00,1871.0,24.0
2016-02-16 13:59:00,1861.0,21.0
2016-02-16 14:59:00,1864.0,21.0
2016-02-17 09:13:00,1875.0,22.0
2016-02-17 11:27:00,1859.0,18.0
2016-02-17 14:11:00,1859.0,16.0
2016-02-17 14:12:00,1859.0,14.0
2016-02-17 14:59:00,1860.0,14.0
2016-02-18 09:01:00,1861.0,13.0
2016-02-18 09:53:00,1860.0,12.0
2016-02-18 10:01:00,1858.0,10.0
2016-02-18 10:02:00,1858.0,8.0
2016-02-18 10:30:00,1857.0,7.0
2016-02-18 11:14:00,1860.0,5.0
2016-02-18 13:37:00,1858.0,4.0
2016-02-18 13:38:00,1858.0,3.0
2016-02-18 13:50:00,1857.0,-3.0
2016-02-18 14:55:00,1866.0,0.0
2016-02-18 14:56:00,1867.0,10.0
2016-02-18 14:59:00,1868.0,10.0
2016-02-19 09:00:00,1869.0,18.0
2016-02-19 09:01:00,1869.0,19.0
2016-02-19 09:17:00,1863.0,17.0
2016-02-19 10:30:00,1871.0,18.0
2016-02-19 10:45:00,1876.0,20.0
2016-02-19 14:59:00,1889.0,20.0
2016-02-22 09:02:00,1932.0,22.0
2016-02-22 11:11:00,1928.0,24.0
2016-02-22 14:59:00,1948.0,24.0
2016-02-23 09:47:00,1925.0,22.0
2016-02-23 09:55:00,1922.0,20.0
2016-02-23 10:32:00,1923.0,18.0
2016-02-23 11:27:00,1916.0,17.0
2016-02-23 14:59:00,1920.0,17.0
2016-02-24 09:00:00,1911.0,4.0
2016-02-24 13:48:00,1913.0,2.0
2016-02-24 14:12:00,1909.0,1.0
2016-02-24 14:15:00,1909.0,-1.0
2016-02-24 14:59:00,1919.0,-1.0
2016-02-25 09:00:00,1936.0,7.0
2016-02-25 09:01:00,1934.0,9.0
2016-02-25 09:06:00,1940.0,11.0
2016-02-25 11:11:00,1934.0,16.0
2016-02-25 11:21:00,1934.0,18.0
2016-02-25 14:09:00,1922.0,14.0
2016-02-25 14:11:00,1920.0,13.0
2016-02-25 14:20:00,1916.0,11.0
2016-02-25 14:21:00,1916.0,10.0
2016-02-25 14:27:00,1914.0,6.0
2016-02-25 14:30:00,1913.0,5.0
2016-02-25 14:59:00,1916.0,5.0
2016-02-26 09:00:00,1894.0,-9.0
2016-02-26 09:01:00,1897.0,-10.0
2016-02-26 09:02:00,1894.0,-15.0
2016-02-26 10:32:00,1900.0,-17.0
2016-02-26 10:35:00,1899.0,-18.0
2016-02-26 11:11:00,1897.0,-20.0
2016-02-26 13:39:00,1903.0,-17.0
2016-02-26 14:59:00,1909.0,-17.0
2016-02-29 10:03:00,1922.0,-16.0
2016-02-29 10:04:00,1923.0,-14.0
2016-02-29 10:11:00,1927.0,-2.0
2016-02-29 10:12:00,1928.0,0.0
2016-02-29 10:13:00,1928.0,2.0
2016-02-29 10:14:00,1930.0,4.0
2016-02-29 10:30:00,1931.0,6.0
2016-02-29 10:31:00,1933.0,10.0
2016-02-29 10:33:00,1935.0,16.0
2016-02-29 11:07:00,1937.0,17.0
2016-02-29 11:11:00,1932.0,24.0
2016-02-29 14:59:00,1952.0,24.0
2016-03-01 14:59:00,1977.0,24.0
2016-03-02 14:59:00,1986.0,24.0
2016-03-03 11:09:00,1970.0,16.0
2016-03-03 11:13:00,1970.0,14.0
2016-03-03 11:14:00,1969.0,11.0
2016-03-03 13:44:00,1968.0,9.0
2016-03-03 13:45:00,1966.0,6.0
2016-03-03 13:46:00,1964.0,0.0
2016-03-03 13:48:00,1964.0,-1.0
2016-03-03 14:59:00,1967.0,-1.0
2016-03-04 09:00:00,1989.0,1.0
2016-03-04 09:43:00,1968.0,0.0
2016-03-04 09:44:00,1968.0,-1.0
2016-03-04 09:51:00,1964.0,-2.0
2016-03-04 09:52:00,1955.0,-9.0
2016-03-04 09:53:00,1957.0,-13.0
2016-03-04 09:54:00,1959.0,-14.0
2016-03-04 10:31:00,1963.0,-16.0
2016-03-04 10:33:00,1963.0,-18.0
2016-03-04 13:35:00,1986.0,-14.0
2016-03-04 13:36:00,1986.0,-12.0
2016-03-04 14:28:00,1985.0,-8.0
2016-03-04 14:47:00,1986.0,-4.0
2016-03-04 14:48:00,1987.0,-2.0
2016-03-04 14:58:00,1989.0,0.0
2016-03-04 14:59:00,1990.0,2.0
2016-03-07 09:00:00,2072.0,12.0
2016-03-07 09:01:00,2072.0,16.0
2016-03-07 14:59:00,2072.0,16.0
2016-03-08 10:06:00,2145.0,2.0
2016-03-08 10:07:00,2130.0,0.0
2016-03-08 10:11:00,2142.0,2.0
2016-03-08 10:12:00,2135.0,0.0
2016-03-08 10:14:00,2142.0,2.0
2016-03-08 10:31:00,2142.0,4.0
2016-03-08 10:34:00,2125.0,2.0
2016-03-08 10:52:00,2079.0,0.0
2016-03-08 11:25:00,2130.0,2.0
2016-03-08 13:30:00,2184.0,13.0
2016-03-08 14:59:00,2192.0,13.0
2016-03-09 09:00:00,2053.0,0.0
2016-03-09 09:01:00,2052.0,-3.0
2016-03-09 09:02:00,2046.0,-4.0
2016-03-09 09:03:00,2049.0,-5.0
2016-03-09 09:05:00,2063.0,-6.0
2016-03-09 10:32:00,2047.0,-7.0
2016-03-09 11:25:00,2048.0,-9.0
2016-03-09 13:30:00,2048.0,-11.0
2016-03-09 14:08:00,2089.0,-2.0
2016-03-09 14:43:00,2091.0,0.0
2016-03-09 14:59:00,2080.0,0.0
2016-03-10 09:00:00,2147.0,1.0
2016-03-10 09:02:00,2133.0,0.0
2016-03-10 09:05:00,2139.0,1.0
2016-03-10 09:07:00,2147.0,2.0
2016-03-10 09:12:00,2136.0,0.0
2016-03-10 14:59:00,2106.0,0.0
2016-03-11 13:31:00,2082.0,-2.0
2016-03-11 13:34:00,2078.0,-4.0
2016-03-11 13:35:00,2078.0,-6.0
2016-03-11 13:42:00,2066.0,-9.0
2016-03-11 13:53:00,2056.0,-11.0
2016-03-11 14:30:00,2046.0,-12.0
2016-03-11 14:35:00,2042.0,-14.0
2016-03-11 14:59:00,2049.0,-14.0
2016-03-14 09:01:00,2055.0,-17.0
2016-03-14 09:06:00,2050.0,-18.0
2016-03-14 10:57:00,2080.0,-15.0
2016-03-14 10:59:00,2089.0,-3.0
2016-03-14 11:00:00,2094.0,-2.0
2016-03-14 11:11:00,2070.0,-4.0
2016-03-14 11:15:00,2060.0,-8.0
2016-03-14 11:16:00,2061.0,-10.0
2016-03-14 11:29:00,2058.0,-11.0
2016-03-14 13:32:00,2051.0,-13.0
2016-03-14 13:33:00,2050.0,-14.0
2016-03-14 14:13:00,2042.0,-15.0
2016-03-14 14:15:00,2040.0,-16.0
2016-03-14 14:53:00,2010.0,-18.0
2016-03-14 14:59:00,2005.0,-18.0
2016-03-15 09:01:00,2012.0,-20.0
2016-03-15 11:10:00,1988.0,-21.0
2016-03-15 11:12:00,1985.0,-23.0
2016-03-15 14:59:00,1988.0,-23.0
2016-03-16 09:00:00,2017.0,-20.0
2016-03-16 09:02:00,2016.0,-19.0
2016-03-16 09:58:00,2022.0,-18.0
2016-03-16 10:31:00,2013.0,-17.0
2016-03-16 10:32:00,2012.0,-16.0
2016-03-16 11:11:00,2008.0,-18.0
2016-03-16 13:40:00,2017.0,-16.0
2016-03-16 14:59:00,2026.0,-2.0
2016-03-17 09:00:00,2070.0,3.0
2016-03-17 09:01:00,2070.0,7.0
2016-03-17 09:02:00,2068.0,11.0
2016-03-17 10:32:00,2067.0,13.0
2016-03-17 11:11:00,2066.0,15.0
2016-03-17 11:12:00,2066.0,18.0
2016-03-17 11:27:00,2080.0,21.0
2016-03-17 13:30:00,2094.0,23.0
2016-03-17 14:59:00,2095.0,23.0
2016-03-18 09:10:00,2118.0,22.0
2016-03-18 14:57:00,2131.0,20.0
2016-03-18 14:59:00,2128.0,20.0
2016-03-21 09:07:00,2139.0,19.0
2016-03-21 09:46:00,2162.0,20.0
2016-03-21 11:11:00,2191.0,22.0
2016-03-21 11:16:00,2180.0,20.0
2016-03-21 13:37:00,2171.0,19.0
2016-03-21 13:41:00,2170.0,4.0
2016-03-21 13:45:00,2172.0,14.0
2016-03-21 13:56:00,2180.0,15.0
2016-03-21 14:44:00,2167.0,4.0
2016-03-21 14:45:00,2171.0,13.0
2016-03-21 14:46:00,2169.0,4.0
2016-03-21 14:49:00,2172.0,13.0
2016-03-21 14:50:00,2166.0,4.0
2016-03-21 14:52:00,2158.0,0.0
2016-03-21 14:55:00,2161.0,3.0
2016-03-21 14:58:00,2157.0,0.0
2016-03-21 14:59:00,2156.0,0.0
2016-03-22 09:00:00,2184.0,5.0
2016-03-22 09:01:00,2182.0,9.0
2016-03-22 09:03:00,2189.0,10.0
2016-03-22 09:36:00,2172.0,9.0
2016-03-22 09:37:00,2170.0,2.0
2016-03-22 09:38:00,2172.0,3.0
2016-03-22 09:39:00,2168.0,2.0
2016-03-22 10:31:00,2168.0,4.0
2016-03-22 11:05:00,2181.0,6.0
2016-03-22 11:11:00,2175.0,7.0
2016-03-22 11:19:00,2169.0,4.0
2016-03-22 13:35:00,2176.0,5.0
2016-03-22 13:37:00,2178.0,6.0
2016-03-22 13:45:00,2180.0,7.0
2016-03-22 14:06:00,2167.0,4.0
2016-03-22 14:59:00,2170.0,4.0
2016-03-23 09:00:00,2225.0,9.0
2016-03-23 09:01:00,2228.0,12.0
2016-03-23 10:31:00,2236.0,13.0
2016-03-23 11:11:00,2241.0,18.0
2016-03-23 14:05:00,2208.0,17.0
2016-03-23 14:08:00,2205.0,4.0
2016-03-23 14:09:00,2208.0,8.0
2016-03-23 14:10:00,2210.0,9.0
2016-03-23 14:16:00,2215.0,11.0
2016-03-23 14:22:00,2219.0,12.0
2016-03-23 14:35:00,2224.0,13.0
2016-03-23 14:57:00,2206.0,4.0
2016-03-23 14:58:00,2208.0,8.0
2016-03-23 14:59:00,2210.0,8.0
2016-03-24 09:16:00,2157.0,-1.0
2016-03-24 09:17:00,2156.0,-7.0
2016-03-24 09:18:00,2155.0,-8.0
2016-03-24 09:19:00,2156.0,-9.0
2016-03-24 09:20:00,2155.0,-10.0
2016-03-24 10:07:00,2164.0,-9.0
2016-03-24 10:31:00,2169.0,-11.0
2016-03-24 10:53:00,2191.0,-10.0
2016-03-24 13:44:00,2175.0,-12.0
2016-03-24 14:00:00,2166.0,-14.0
2016-03-24 14:33:00,2147.0,-17.0
2016-03-24 14:34:00,2145.0,-18.0
2016-03-24 14:59:00,2145.0,-18.0
2016-03-25 09:09:00,2179.0,-3.0
2016-03-25 10:04:00,2176.0,-4.0
2016-03-25 10:10:00,2172.0,-5.0
2016-03-25 10:33:00,2178.0,-3.0
2016-03-25 10:41:00,2174.0,-4.0
2016-03-25 11:11:00,2171.0,-6.0
2016-03-25 11:17:00,2178.0,-3.0
2016-03-25 11:24:00,2176.0,-6.0
2016-03-25 11:27:00,2179.0,-3.0
2016-03-25 13:47:00,2180.0,-1.0
2016-03-25 14:28:00,2193.0,2.0
2016-03-25 14:29:00,2193.0,4.0
2016-03-25 14:41:00,2196.0,6.0
2016-03-25 14:42:00,2197.0,8.0
2016-03-25 14:53:00,2201.0,9.0
2016-03-25 14:55:00,2207.0,13.0
2016-03-25 14:59:00,2213.0,13.0
2016-03-28 09:01:00,2237.0,17.0
2016-03-28 09:09:00,2213.0,15.0
2016-03-28 14:21:00,2203.0,4.0
2016-03-28 14:27:00,2195.0,3.0
2016-03-28 14:33:00,2189.0,2.0
2016-03-28 14:34:00,2186.0,0.0
2016-03-28 14:38:00,2179.0,-2.0
2016-03-28 14:39:00,2176.0,-3.0
2016-03-28 14:40:00,2174.0,-6.0
2016-03-28 14:49:00,2173.0,-8.0
2016-03-28 14:50:00,2171.0,-9.0
2016-03-28 14:56:00,2160.0,-11.0
2016-03-28 14:59:00,2163.0,-11.0
2016-03-29 09:00:00,2191.0,-9.0
2016-03-29 09:23:00,2182.0,-10.0
2016-03-29 09:28:00,2180.0,-11.0
2016-03-29 09:41:00,2172.0,-12.0
2016-03-29 09:50:00,2162.0,-16.0
2016-03-29 10:31:00,2176.0,-18.0
2016-03-29 11:11:00,2173.0,-20.0
2016-03-29 11:24:00,2158.0,-23.0
2016-03-29 14:59:00,2183.0,-23.0
2016-03-30 14:59:00,2134.0,-23.0
2016-03-31 14:08:00,2144.0,-12.0
2016-03-31 14:42:00,2148.0,-9.0
2016-03-31 14:58:00,2150.0,-7.0
2016-03-31 14:59:00,2150.0,-7.0
2016-04-01 09:00:00,2177.0,2.0
2016-04-01 09:01:00,2176.0,7.0
2016-04-01 09:02:00,2178.0,11.0
2016-04-01 10:32:00,2183.0,13.0
2016-04-01 11:12:00,2179.0,16.0
2016-04-01 14:07:00,2185.0,17.0
2016-04-01 14:20:00,2193.0,18.0
2016-04-01 14:59:00,2203.0,18.0
2016-04-05 09:38:00,2164.0,16.0
2016-04-05 14:59:00,2205.0,16.0
2016-04-06 09:01:00,2205.0,17.0
2016-04-06 13:34:00,2177.0,15.0
2016-04-06 13:37:00,2177.0,13.0
2016-04-06 13:44:00,2176.0,11.0
2016-04-06 13:45:00,2175.0,8.0
2016-04-06 13:54:00,2175.0,7.0
2016-04-06 14:59:00,2193.0,7.0
2016-04-07 13:47:00,2197.0,11.0
2016-04-07 14:00:00,2201.0,15.0
2016-04-07 14:19:00,2208.0,18.0
2016-04-07 14:46:00,2215.0,21.0
2016-04-07 14:59:00,2201.0,21.0
2016-04-08 13:37:00,2209.0,23.0
2016-04-08 14:59:00,2207.0,23.0
2016-04-11 09:01:00,2279.0,24.0
2016-04-11 14:59:00,2299.0,24.0
2016-04-12 14:59:00,2344.0,24.0
2016-04-13 10:45:00,2386.0,22.0
2016-04-13 10:48:00,2373.0,4.0
2016-04-13 10:50:00,2353.0,0.0
2016-04-13 10:51:00,2364.0,4.0
2016-04-13 11:04:00,2361.0,0.0
2016-04-13 13:30:00,2368.0,3.0
2016-04-13 13:37:00,2376.0,12.0
2016-04-13 13:40:00,2374.0,3.0
2016-04-13 13:41:00,2377.0,12.0
2016-04-13 13:47:00,2388.0,13.0
2016-04-13 13:48:00,2390.0,14.0
2016-04-13 14:16:00,2374.0,3.0
2016-04-13 14:17:00,2376.0,11.0
2016-04-13 14:18:00,2380.0,13.0
2016-04-13 14:30:00,2374.0,3.0
2016-04-13 14:35:00,2361.0,0.0
2016-04-13 14:36:00,2366.0,3.0
2016-04-13 14:49:00,2357.0,0.0
2016-04-13 14:59:00,2352.0,0.0
2016-04-14 09:00:00,2363.0,1.0
2016-04-14 09:01:00,2367.0,2.0
2016-04-14 09:49:00,2362.0,0.0
2016-04-14 09:51:00,2364.0,2.0
2016-04-14 09:52:00,2362.0,0.0
2016-04-14 09:54:00,2363.0,2.0
2016-04-14 09:56:00,2362.0,0.0
2016-04-14 10:08:00,2363.0,2.0
2016-04-14 10:09:00,2361.0,0.0
2016-04-14 10:37:00,2363.0,4.0
2016-04-14 10:45:00,2362.0,0.0
2016-04-14 10:46:00,2363.0,4.0
2016-04-14 10:47:00,2361.0,0.0
2016-04-14 10:48:00,2363.0,4.0
2016-04-14 10:49:00,2362.0,0.0
2016-04-14 13:34:00,2336.0,-3.0
2016-04-14 13:38:00,2329.0,-5.0
2016-04-14 13:40:00,2328.0,-8.0
2016-04-14 13:44:00,2322.0,-9.0
2016-04-14 14:59:00,2322.0,-9.0
2016-04-15 09:07:00,2322.0,-10.0
2016-04-15 10:32:00,2314.0,-11.0
2016-04-15 13:30:00,2312.0,-13.0
2016-04-15 13:33:00,2307.0,-15.0
2016-04-15 13:34:00,2306.0,-16.0
2016-04-15 14:34:00,2305.0,-17.0
2016-04-15 14:59:00,2297.0,-17.0
2016-04-18 09:00:00,2352.0,0.0
2016-04-18 09:01:00,2347.0,2.0
2016-04-18 09:04:00,2352.0,3.0
2016-04-18 09:05:00,2356.0,4.0
2016-04-18 09:27:00,2363.0,7.0
2016-04-18 09:28:00,2362.0,5.0
2016-04-18 09:29:00,2365.0,8.0
2016-04-18 09:32:00,2362.0,6.0
2016-04-18 09:54:00,2363.0,8.0
2016-04-18 09:55:00,2362.0,6.0
2016-04-18 09:56:00,2363.0,8.0
2016-04-18 10:31:00,2372.0,10.0
2016-04-18 10:32:00,2372.0,11.0
2016-04-18 11:09:00,2376.0,12.0
2016-04-18 11:10:00,2374.0,11.0
2016-04-18 11:12:00,2374.0,16.0
2016-04-18 11:28:00,2375.0,17.0
2016-04-18 13:35:00,2387.0,19.0
2016-04-18 14:59:00,2387.0,19.0
2016-04-19 09:01:00,2417.0,20.0
2016-04-19 11:15:00,2473.0,23.0
2016-04-19 14:59:00,2492.0,23.0
2016-04-20 09:22:00,2551.0,21.0
2016-04-20 14:59:00,2590.0,21.0
2016-04-21 09:03:00,2698.0,22.0
2016-04-21 09:38:00,2674.0,4.0
2016-04-21 09:39:00,2665.0,0.0
2016-04-21 09:41:00,2674.0,1.0
2016-04-21 09:42:00,2659.0,0.0
2016-04-21 09:45:00,2675.0,1.0
2016-04-21 09:53:00,2686.0,9.0
2016-04-21 09:54:00,2684.0,8.0
2016-04-21 09:55:00,2694.0,9.0
2016-04-21 09:58:00,2683.0,8.0
2016-04-21 09:59:00,2678.0,1.0
2016-04-21 10:00:00,2684.0,8.0
2016-04-21 10:02:00,2686.0,9.0
2016-04-21 10:09:00,2684.0,8.0
2016-04-21 10:10:00,2686.0,9.0
2016-04-21 10:12:00,2680.0,8.0
2016-04-21 10:14:00,2687.0,9.0
2016-04-21 10:31:00,2704.0,14.0
2016-04-21 10:43:00,2722.0,15.0
2016-04-21 11:11:00,2718.0,20.0
2016-04-21 13:54:00,2757.0,22.0
2016-04-21 14:22:00,2736.0,20.0
2016-04-21 14:59:00,2747.0,20.0
2016-04-22 09:00:00,2665.0,0.0
2016-04-22 09:01:00,2656.0,-1.0
2016-04-22 09:42:00,2714.0,1.0
2016-04-22 09:43:00,2700.0,0.0
2016-04-22 09:55:00,2719.0,1.0
2016-04-22 09:57:00,2709.0,0.0
2016-04-22 09:59:00,2712.0,1.0
2016-04-22 10:00:00,2710.0,0.0
2016-04-22 10:42:00,2711.0,3.0
2016-04-22 10:43:00,2705.0,0.0
2016-04-22 11:29:00,2644.0,-1.0
2016-04-22 13:32:00,2627.0,-3.0
2016-04-22 13:33:00,2623.0,-5.0
2016-04-22 13:40:00,2614.0,-6.0
2016-04-22 14:59:00,2615.0,-6.0
2016-04-25 09:04:00,2659.0,0.0
2016-04-25 09:44:00,2610.0,-1.0
2016-04-25 09:50:00,2589.0,-2.0
2016-04-25 11:12:00,2614.0,-6.0
2016-04-25 11:20:00,2631.0,-4.0
2016-04-25 14:59:00,2636.0,-4.0
2016-04-26 11:01:00,2602.0,-5.0
2016-04-26 11:02:00,2608.0,-6.0
2016-04-26 11:11:00,2604.0,-9.0
2016-04-26 11:15:00,2597.0,-11.0
2016-04-26 11:16:00,2591.0,-13.0
2016-04-26 13:32:00,2584.0,-15.0
2016-04-26 13:33:00,2578.0,-16.0
2016-04-26 13:51:00,2566.0,-18.0
2016-04-26 14:22:00,2521.0,-19.0
2016-04-26 14:59:00,2548.0,-19.0
2016-04-27 09:02:00,2555.0,-20.0
2016-04-27 09:03:00,2560.0,-18.0
2016-04-27 10:41:00,2516.0,-21.0
2016-04-27 11:11:00,2477.0,-23.0
2016-04-27 14:16:00,2488.0,-21.0
2016-04-27 14:30:00,2497.0,-20.0
2016-04-27 14:57:00,2498.0,-4.0
2016-04-27 14:59:00,2493.0,-14.0
2016-04-28 09:01:00,2478.0,-18.0
2016-04-28 09:09:00,2495.0,-17.0
2016-04-28 09:10:00,2500.0,-4.0
2016-04-28 09:26:00,2496.0,-7.0
2016-04-28 09:31:00,2501.0,-4.0
2016-04-28 09:50:00,2511.0,0.0
2016-04-28 10:05:00,2506.0,-1.0
2016-04-28 10:07:00,2511.0,0.0
2016-04-28 10:30:00,2509.0,-1.0
2016-04-28 10:31:00,2513.0,0.0
2016-04-28 10:37:00,2510.0,-3.0
2016-04-28 10:38:00,2513.0,0.0
2016-04-28 10:40:00,2509.0,-3.0
2016-04-28 10:41:00,2511.0,0.0
2016-04-28 14:06:00,2510.0,-2.0
2016-04-28 14:08:00,2513.0,0.0
2016-04-28 14:09:00,2510.0,-2.0
2016-04-28 14:11:00,2516.0,0.0
2016-04-28 14:59:00,2530.0,0.0
2016-04-29 09:00:00,2570.0,1.0
2016-04-29 09:01:00,2576.0,2.0
2016-04-29 09:02:00,2573.0,4.0
2016-04-29 10:00:00,2527.0,3.0
2016-04-29 11:12:00,2537.0,5.0
2016-04-29 13:31:00,2553.0,6.0
2016-04-29 13:43:00,2559.0,8.0
2016-04-29 13:48:00,2563.0,9.0
2016-04-29 14:29:00,2573.0,10.0
2016-04-29 14:35:00,2575.0,11.0
2016-04-29 14:59:00,2571.0,11.0
2016-05-03 09:00:00,2523.0,0.0
2016-05-03 09:03:00,2507.0,-2.0
2016-05-03 09:04:00,2485.0,-10.0
2016-05-03 09:09:00,2483.0,-11.0
2016-05-03 10:31:00,2468.0,-14.0
2016-05-03 11:11:00,2458.0,-21.0
2016-05-03 14:59:00,2442.0,-21.0
2016-05-04 10:31:00,2389.0,-23.0
2016-05-04 14:59:00,2371.0,-23.0
2016-05-05 14:59:00,2298.0,-23.0
2016-05-06 09:50:00,2308.0,-21.0
2016-05-06 11:11:00,2291.0,-23.0
2016-05-06 11:29:00,2308.0,-21.0
2016-05-06 14:02:00,2315.0,-20.0
2016-05-06 14:14:00,2320.0,-4.0
2016-05-06 14:15:00,2316.0,-8.0
2016-05-06 14:20:00,2321.0,-4.0
2016-05-06 14:34:00,2319.0,-6.0
2016-05-06 14:35:00,2320.0,-4.0
2016-05-06 14:42:00,2318.0,-6.0
2016-05-06 14:43:00,2322.0,-4.0
2016-05-06 14:52:00,2315.0,-6.0
2016-05-06 14:57:00,2320.0,-4.0
2016-05-06 14:59:00,2326.0,-4.0
2016-05-09 09:00:00,2237.0,-10.0
2016-05-09 09:01:00,2229.0,-14.0
2016-05-09 10:31:00,2172.0,-17.0
2016-05-09 11:11:00,2165.0,-24.0
2016-05-09 14:59:00,2165.0,-24.0
2016-05-10 11:25:00,2117.0,-22.0
2016-05-10 11:26:00,2123.0,-21.0
2016-05-10 11:27:00,2121.0,-22.0
2016-05-10 11:28:00,2124.0,-21.0
2016-05-10 11:29:00,2129.0,-4.0
2016-05-10 13:30:00,2147.0,0.0
2016-05-10 14:59:00,2138.0,0.0
2016-05-11 10:33:00,2115.0,-3.0
2016-05-11 11:26:00,2140.0,0.0
2016-05-11 14:59:00,2139.0,0.0
2016-05-12 09:09:00,2136.0,-1.0
2016-05-12 09:11:00,2138.0,0.0
2016-05-12 09:15:00,2136.0,-1.0
2016-05-12 09:16:00,2138.0,0.0
2016-05-12 09:20:00,2135.0,-1.0
2016-05-12 09:21:00,2138.0,0.0
2016-05-12 09:26:00,2136.0,-1.0
2016-05-12 09:32:00,2137.0,0.0
2016-05-12 09:34:00,2136.0,-1.0
2016-05-12 09:35:00,2138.0,0.0
2016-05-12 10:54:00,2126.0,-1.0
2016-05-12 11:01:00,2138.0,0.0
2016-05-12 11:14:00,2132.0,-1.0
2016-05-12 13:30:00,2125.0,-5.0
2016-05-12 13:31:00,2119.0,-10.0
2016-05-12 13:33:00,2115.0,-15.0
2016-05-12 13:45:00,2109.0,-16.0
2016-05-12 13:47:00,2104.0,-17.0
2016-05-12 14:59:00,2069.0,-17.0
2016-05-13 09:01:00,2025.0,-21.0
2016-05-13 11:11:00,2006.0,-23.0
2016-05-13 13:59:00,2027.0,-21.0
2016-05-13 14:14:00,2035.0,-20.0
2016-05-13 14:40:00,2038.0,-4.0
2016-05-13 14:42:00,2035.0,-12.0
2016-05-13 14:43:00,2038.0,-4.0
2016-05-13 14:52:00,2032.0,-11.0
2016-05-13 14:54:00,2033.0,-12.0
2016-05-13 14:59:00,2024.0,-12.0
2016-05-16 09:00:00,2047.0,-4.0
2016-05-16 09:02:00,2048.0,0.0
2016-05-16 09:03:00,2046.0,-2.0
2016-05-16 09:25:00,2049.0,0.0
2016-05-16 09:27:00,2047.0,-2.0
2016-05-16 09:36:00,2048.0,0.0
2016-05-16 09:53:00,2047.0,-2.0
2016-05-16 09:54:00,2050.0,0.0
2016-05-16 10:31:00,2063.0,1.0
2016-05-16 10:32:00,2062.0,2.0
2016-05-16 14:59:00,2046.0,2.0
2016-05-17 13:30:00,2059.0,4.0
2016-05-17 13:35:00,2062.0,6.0
2016-05-17 13:39:00,2062.0,7.0
2016-05-17 13:45:00,2069.0,10.0
2016-05-17 14:02:00,2075.0,11.0
2016-05-17 14:05:00,2084.0,13.0
2016-05-17 14:58:00,2106.0,15.0
2016-05-17 14:59:00,2105.0,15.0
2016-05-18 09:02:00,2093.0,18.0
2016-05-18 09:21:00,2100.0,19.0
2016-05-18 09:56:00,2116.0,20.0
2016-05-18 11:27:00,2084.0,19.0
2016-05-18 11:28:00,2080.0,3.0
2016-05-18 11:29:00,2067.0,-2.0
2016-05-18 14:13:00,2064.0,-3.0
2016-05-18 14:15:00,2056.0,-6.0
2016-05-18 14:22:00,2050.0,-7.0
2016-05-18 14:26:00,2043.0,-8.0
2016-05-18 14:30:00,2040.0,-10.0
2016-05-18 14:47:00,2032.0,-11.0
2016-05-18 14:59:00,2047.0,-11.0
2016-05-19 11:01:00,2037.0,-12.0
2016-05-19 11:12:00,2035.0,-13.0
2016-05-19 14:59:00,2036.0,-13.0
2016-05-20 09:00:00,2067.0,0.0
2016-05-20 09:08:00,2053.0,-1.0
2016-05-20 09:10:00,2049.0,-2.0
2016-05-20 09:34:00,2064.0,0.0
2016-05-20 09:36:00,2052.0,-1.0
2016-05-20 09:37:00,2047.0,-2.0
2016-05-20 14:09:00,2063.0,2.0
2016-05-20 14:15:00,2066.0,4.0
2016-05-20 14:17:00,2064.0,5.0
2016-05-20 14:18:00,2066.0,6.0
2016-05-20 14:59:00,2055.0,6.0
2016-05-23 09:00:00,1967.0,-7.0
2016-05-23 09:01:00,1969.0,-12.0
2016-05-23 10:31:00,1946.0,-17.0
2016-05-23 11:11:00,1951.0,-24.0
2016-05-23 14:59:00,1942.0,-24.0
2016-05-24 14:16:00,1948.0,-21.0
2016-05-24 14:59:00,1950.0,-21.0
2016-05-25 14:59:00,1912.0,-21.0
2016-05-26 09:06:00,1937.0,-20.0
2016-05-26 09:07:00,1937.0,-19.0
2016-05-26 09:56:00,1944.0,-18.0
2016-05-26 10:31:00,1941.0,-15.0
2016-05-26 10:32:00,1942.0,-12.0
2016-05-26 13:30:00,1940.0,-11.0
2016-05-26 13:31:00,1938.0,-10.0
2016-05-26 13:43:00,1936.0,-12.0
2016-05-26 14:30:00,1936.0,-11.0
2016-05-26 14:32:00,1935.0,-10.0
2016-05-26 14:46:00,1939.0,-8.0
2016-05-26 14:51:00,1941.0,-4.0
2016-05-26 14:54:00,1943.0,1.0
2016-05-26 14:56:00,1946.0,3.0
2016-05-26 14:57:00,1950.0,13.0
2016-05-26 14:58:00,1950.0,14.0
2016-05-26 14:59:00,1946.0,14.0
2016-05-27 10:56:00,1936.0,15.0
2016-05-27 11:06:00,1944.0,16.0
2016-05-27 11:15:00,1948.0,17.0
2016-05-27 11:17:00,1950.0,18.0
2016-05-27 11:23:00,1975.0,21.0
2016-05-27 14:59:00,2024.0,21.0
2016-05-30 09:00:00,1938.0,-3.0
2016-05-30 09:01:00,1937.0,-4.0
2016-05-30 09:02:00,1950.0,-3.0
2016-05-30 10:55:00,1962.0,-4.0
2016-05-30 11:00:00,1985.0,-1.0
2016-05-30 11:03:00,1990.0,3.0
2016-05-30 11:09:00,1999.0,6.0
2016-05-30 11:10:00,1997.0,3.0
2016-05-30 11:15:00,1987.0,-1.0
2016-05-30 13:46:00,1989.0,2.0
2016-05-30 13:56:00,1987.0,-1.0
2016-05-30 13:57:00,1991.0,2.0
2016-05-30 14:05:00,1986.0,-1.0
2016-05-30 14:09:00,1990.0,2.0
2016-05-30 14:10:00,1987.0,-1.0
2016-05-30 14:12:00,1988.0,2.0
2016-05-30 14:13:00,1987.0,-1.0
2016-05-30 14:14:00,1990.0,2.0
2016-05-30 14:17:00,1975.0,-1.0
2016-05-30 14:22:00,1991.0,2.0
2016-05-30 14:31:00,1984.0,-1.0
2016-05-30 14:34:00,1989.0,2.0
2016-05-30 14:35:00,1987.0,-1.0
2016-05-30 14:38:00,1988.0,2.0
2016-05-30 14:39:00,1984.0,-1.0
2016-05-30 14:53:00,1990.0,2.0
2016-05-30 14:59:00,1984.0,-1.0
2016-05-31 09:01:00,1988.0,1.0
2016-05-31 09:04:00,1987.0,-1.0
2016-05-31 09:05:00,1991.0,1.0
2016-05-31 09:19:00,1987.0,-1.0
2016-05-31 09:20:00,1988.0,1.0
2016-05-31 09:51:00,1999.0,3.0
2016-05-31 09:57:00,1996.0,1.0
2016-05-31 10:00:00,1999.0,3.0
2016-05-31 10:08:00,2006.0,4.0
2016-05-31 10:35:00,1997.0,2.0
2016-05-31 10:44:00,1987.0,0.0
2016-05-31 14:11:00,1999.0,2.0
2016-05-31 14:12:00,2000.0,3.0
2016-05-31 14:13:00,1997.0,0.0
2016-05-31 14:14:00,1999.0,2.0
2016-05-31 14:15:00,2002.0,3.0
2016-05-31 14:16:00,1997.0,0.0
2016-05-31 14:18:00,1999.0,2.0
2016-05-31 14:19:00,1992.0,0.0
2016-05-31 14:52:00,1973.0,-2.0
2016-05-31 14:56:00,1971.0,-4.0
2016-05-31 14:58:00,1971.0,-5.0
2016-05-31 14:59:00,1973.0,-5.0
2016-06-01 09:00:00,1955.0,-6.0
2016-06-01 09:01:00,1956.0,-9.0
2016-06-01 09:02:00,1956.0,-12.0
2016-06-01 09:29:00,1949.0,-13.0
2016-06-01 09:33:00,1945.0,-14.0
2016-06-01 11:11:00,1947.0,-17.0
2016-06-01 14:19:00,1945.0,-18.0
2016-06-01 14:28:00,1935.0,-20.0
2016-06-01 14:59:00,1951.0,-20.0
2016-06-02 09:17:00,1969.0,-17.0
2016-06-02 09:59:00,1971.0,-16.0
2016-06-02 10:47:00,1963.0,-14.0
2016-06-02 11:11:00,1962.0,-16.0
2016-06-02 11:14:00,1968.0,-14.0
2016-06-02 14:59:00,1951.0,-14.0
2016-06-03 09:04:00,1974.0,-12.0
2016-06-03 09:05:00,1975.0,2.0
2016-06-03 09:06:00,1982.0,4.0
2016-06-03 09:07:00,1981.0,10.0
2016-06-03 09:08:00,1987.0,12.0
2016-06-03 10:31:00,1990.0,16.0
2016-06-03 10:32:00,1991.0,17.0
2016-06-03 10:52:00,1987.0,15.0
2016-06-03 10:53:00,1989.0,17.0
2016-06-03 10:55:00,1986.0,15.0
2016-06-03 10:56:00,1988.0,17.0
2016-06-03 11:06:00,1986.0,15.0
2016-06-03 11:08:00,1989.0,17.0
2016-06-03 11:12:00,1989.0,22.0
2016-06-03 11:14:00,1987.0,20.0
2016-06-03 11:16:00,1988.0,22.0
2016-06-03 11:17:00,1987.0,20.0
2016-06-03 11:18:00,1988.0,22.0
2016-06-03 11:19:00,1986.0,20.0
2016-06-03 14:59:00,1985.0,20.0
2016-06-06 10:43:00,2019.0,22.0
2016-06-06 11:11:00,2036.0,24.0
2016-06-06 14:59:00,2054.0,24.0
2016-06-07 10:00:00,2051.0,22.0
2016-06-07 11:25:00,2074.0,24.0
2016-06-07 14:59:00,2070.0,24.0
2016-06-08 09:00:00,2046.0,21.0
2016-06-08 09:12:00,2068.0,22.0
2016-06-08 14:49:00,2088.0,24.0
2016-06-08 14:59:00,2089.0,24.0
2016-06-13 14:59:00,2156.0,24.0
2016-06-14 09:13:00,2137.0,22.0
2016-06-14 09:15:00,2135.0,21.0
2016-06-14 09:16:00,2130.0,4.0
2016-06-14 09:17:00,2134.0,6.0
2016-06-14 09:25:00,2138.0,8.0
2016-06-14 09:29:00,2135.0,7.0
2016-06-14 09:49:00,2143.0,8.0
2016-06-14 09:58:00,2134.0,7.0
2016-06-14 09:59:00,2127.0,4.0
2016-06-14 10:08:00,2132.0,5.0
2016-06-14 10:09:00,2129.0,4.0
2016-06-14 10:33:00,2120.0,0.0
2016-06-14 10:35:00,2118.0,-1.0
2016-06-14 10:41:00,2110.0,-3.0
2016-06-14 11:12:00,2093.0,-6.0
2016-06-14 11:15:00,2087.0,-8.0
2016-06-14 11:16:00,2086.0,-11.0
2016-06-14 11:17:00,2086.0,-12.0
2016-06-14 14:59:00,2064.0,-12.0
2016-06-15 09:00:00,2065.0,-13.0
2016-06-15 09:02:00,2068.0,-14.0
2016-06-15 10:49:00,2074.0,-17.0
2016-06-15 14:59:00,2058.0,-17.0
2016-06-16 10:02:00,2085.0,-16.0
2016-06-16 10:03:00,2088.0,-3.0
2016-06-16 10:04:00,2099.0,0.0
2016-06-16 10:05:00,2096.0,0.0
2016-06-16 10:06:00,2107.0,2.0
2016-06-16 10:07:00,2101.0,3.0
2016-06-16 10:09:00,2098.0,2.0
2016-06-16 10:10:00,2099.0,3.0
2016-06-16 10:11:00,2097.0,2.0
2016-06-16 10:31:00,2085.0,0.0
2016-06-16 11:04:00,2079.0,-1.0
2016-06-16 14:05:00,2065.0,-3.0
2016-06-16 14:28:00,2068.0,-5.0
2016-06-16 14:57:00,2064.0,-6.0
2016-06-16 14:59:00,2065.0,-6.0
2016-06-17 09:00:00,2045.0,-9.0
2016-06-17 09:01:00,2044.0,-13.0
2016-06-17 09:50:00,2044.0,-14.0
2016-06-17 10:37:00,2044.0,-15.0
2016-06-17 11:11:00,2052.0,-17.0
2016-06-17 13:30:00,2048.0,-19.0
2016-06-17 13:34:00,2043.0,-20.0
2016-06-17 14:50:00,2069.0,-18.0
2016-06-17 14:59:00,2067.0,-18.0
2016-06-20 09:00:00,2068.0,-19.0
2016-06-20 10:31:00,2055.0,-21.0
2016-06-20 11:11:00,2061.0,-23.0
2016-06-20 14:45:00,2067.0,-19.0
2016-06-20 14:46:00,2065.0,-15.0
2016-06-20 14:59:00,2055.0,-15.0
2016-06-21 09:00:00,2075.0,-6.0
2016-06-21 09:01:00,2078.0,6.0
2016-06-21 09:02:00,2079.0,7.0
2016-06-21 09:07:00,2076.0,8.0
2016-06-21 09:20:00,2092.0,12.0
2016-06-21 09:21:00,2092.0,13.0
2016-06-21 09:23:00,2094.0,14.0
2016-06-21 09:38:00,2104.0,15.0
2016-06-21 10:32:00,2092.0,18.0
2016-06-21 14:59:00,2072.0,18.0
2016-06-22 09:14:00,2117.0,19.0
2016-06-22 11:12:00,2116.0,20.0
2016-06-22 11:13:00,2119.0,22.0
2016-06-22 14:59:00,2131.0,22.0
2016-06-23 14:59:00,2129.0,22.0
2016-06-24 10:45:00,2114.0,9.0
2016-06-24 11:05:00,2114.0,8.0
2016-06-24 13:30:00,2103.0,6.0
2016-06-24 13:31:00,2108.0,0.0
2016-06-24 14:59:00,2116.0,0.0
2016-06-27 09:00:00,2163.0,10.0
2016-06-27 09:01:00,2174.0,12.0
2016-06-27 09:03:00,2176.0,14.0
2016-06-27 10:31:00,2209.0,17.0
2016-06-27 11:11:00,2231.0,24.0
2016-06-27 14:59:00,2256.0,24.0
2016-06-28 09:11:00,2228.0,22.0
2016-06-28 11:11:00,2256.0,24.0
2016-06-28 14:59:00,2252.0,24.0
2016-06-29 11:00:00,2232.0,21.0
2016-06-29 13:31:00,2223.0,4.0
2016-06-29 13:35:00,2220.0,2.0
2016-06-29 14:59:00,2232.0,2.0
2016-06-30 09:33:00,2261.0,3.0
2016-06-30 09:39:00,2265.0,6.0
2016-06-30 09:47:00,2272.0,8.0
2016-06-30 09:53:00,2281.0,10.0
2016-06-30 09:55:00,2283.0,13.0
2016-06-30 09:59:00,2294.0,14.0
2016-06-30 10:31:00,2306.0,17.0
2016-06-30 11:11:00,2309.0,22.0
2016-06-30 14:58:00,2328.0,24.0
2016-06-30 14:59:00,2324.0,24.0
2016-07-01 09:08:00,2306.0,22.0
2016-07-01 09:10:00,2300.0,4.0
2016-07-01 09:11:00,2301.0,7.0
2016-07-01 09:12:00,2305.0,8.0
2016-07-01 09:13:00,2309.0,10.0
2016-07-01 09:16:00,2301.0,9.0
2016-07-01 09:17:00,2306.0,10.0
2016-07-01 10:50:00,2331.0,11.0
2016-07-01 11:11:00,2331.0,18.0
2016-07-01 14:59:00,2334.0,18.0
2016-07-04 09:00:00,2384.0,19.0
2016-07-04 10:31:00,2410.0,20.0
2016-07-04 11:11:00,2398.0,18.0
2016-07-04 14:59:00,2408.0,18.0
2016-07-05 09:00:00,2372.0,17.0
2016-07-05 09:02:00,2370.0,4.0
2016-07-05 09:03:00,2374.0,5.0
2016-07-05 09:04:00,2370.0,4.0
2016-07-05 09:05:00,2383.0,8.0
2016-07-05 09:13:00,2376.0,7.0
2016-07-05 09:18:00,2369.0,4.0
2016-07-05 09:28:00,2359.0,0.0
2016-07-05 09:30:00,2347.0,-2.0
2016-07-05 09:33:00,2331.0,-4.0
2016-07-05 09:34:00,2329.0,-7.0
2016-07-05 09:35:00,2303.0,-8.0
2016-07-05 09:36:00,2317.0,-9.0
2016-07-05 10:32:00,2339.0,-10.0
2016-07-05 10:36:00,2347.0,-9.0
2016-07-05 11:20:00,2352.0,-2.0
2016-07-05 13:41:00,2336.0,-3.0
2016-07-05 13:52:00,2355.0,-2.0
2016-07-05 13:58:00,2361.0,-1.0
2016-07-05 14:21:00,2386.0,0.0
2016-07-05 14:47:00,2398.0,1.0
2016-07-05 14:59:00,2389.0,1.0
2016-07-06 09:00:00,2338.0,0.0
2016-07-06 09:12:00,2325.0,-1.0
2016-07-06 09:20:00,2321.0,-2.0
2016-07-06 09:21:00,2313.0,-6.0
2016-07-06 09:45:00,2346.0,-5.0
2016-07-06 11:12:00,2333.0,-7.0
2016-07-06 11:24:00,2330.0,-9.0
2016-07-06 13:35:00,2355.0,-6.0
2016-07-06 13:38:00,2362.0,-4.0
2016-07-06 13:58:00,2377.0,0.0
2016-07-06 13:59:00,2378.0,1.0
2016-07-06 14:00:00,2370.0,0.0
2016-07-06 14:10:00,2352.0,-2.0
2016-07-06 14:39:00,2338.0,-4.0
2016-07-06 14:58:00,2361.0,-2.0
2016-07-06 14:59:00,2361.0,-2.0
2016-07-07 09:03:00,2385.0,5.0
2016-07-07 09:04:00,2396.0,10.0
2016-07-07 10:31:00,2409.0,15.0
2016-07-07 10:59:00,2422.0,16.0
2016-07-07 11:02:00,2429.0,17.0
2016-07-07 11:11:00,2425.0,24.0
2016-07-07 13:59:00,2388.0,22.0
2016-07-07 14:00:00,2380.0,4.0
2016-07-07 14:04:00,2391.0,6.0
2016-07-07 14:26:00,2402.0,8.0
2016-07-07 14:46:00,2380.0,4.0
2016-07-07 14:47:00,2370.0,0.0
2016-07-07 14:59:00,2369.0,0.0
2016-07-08 09:10:00,2391.0,1.0
2016-07-08 09:11:00,2396.0,2.0
2016-07-08 09:13:00,2401.0,3.0
2016-07-08 09:48:00,2380.0,1.0
2016-07-08 10:01:00,2369.0,0.0
2016-07-08 10:34:00,2353.0,-1.0
2016-07-08 10:36:00,2352.0,-3.0
2016-07-08 13:30:00,2391.0,-2.0
2016-07-08 14:38:00,2401.0,3.0
2016-07-08 14:40:00,2404.0,5.0
2016-07-08 14:47:00,2411.0,7.0
2016-07-08 14:50:00,2412.0,8.0
2016-07-08 14:51:00,2414.0,11.0
2016-07-08 14:54:00,2420.0,12.0
2016-07-08 14:55:00,2424.0,14.0
2016-07-08 14:59:00,2423.0,14.0
2016-07-11 09:00:00,2365.0,-1.0
2016-07-11 09:01:00,2371.0,-2.0
2016-07-11 09:06:00,2385.0,-1.0
2016-07-11 09:22:00,2369.0,-3.0
2016-07-11 09:29:00,2363.0,-4.0
2016-07-11 09:52:00,2378.0,-3.0
2016-07-11 09:57:00,2370.0,-4.0
2016-07-11 10:32:00,2370.0,-5.0
2016-07-11 10:53:00,2380.0,-4.0
2016-07-11 11:23:00,2399.0,0.0
2016-07-11 11:26:00,2400.0,5.0
2016-07-11 13:31:00,2401.0,6.0
2016-07-11 13:47:00,2402.0,8.0
2016-07-11 14:06:00,2402.0,9.0
2016-07-11 14:08:00,2405.0,12.0
2016-07-11 14:14:00,2409.0,13.0
2016-07-11 14:59:00,2407.0,13.0
2016-07-12 09:01:00,2414.0,15.0
2016-07-12 09:08:00,2417.0,16.0
2016-07-12 09:21:00,2442.0,17.0
2016-07-12 09:22:00,2446.0,18.0
2016-07-12 09:23:00,2451.0,19.0
2016-07-12 10:31:00,2490.0,22.0
2016-07-12 11:11:00,2476.0,24.0
2016-07-12 14:59:00,2529.0,24.0
2016-07-13 14:02:00,2518.0,22.0
2016-07-13 14:05:00,2513.0,21.0
2016-07-13 14:14:00,2505.0,4.0
2016-07-13 14:18:00,2509.0,7.0
2016-07-13 14:20:00,2507.0,4.0
2016-07-13 14:21:00,2512.0,7.0
2016-07-13 14:23:00,2505.0,4.0
2016-07-13 14:25:00,2509.0,7.0
2016-07-13 14:31:00,2502.0,4.0
2016-07-13 14:35:00,2491.0,0.0
2016-07-13 14:59:00,2493.0,0.0
2016-07-14 09:09:00,2484.0,-1.0
2016-07-14 14:59:00,2502.0,-1.0
2016-07-15 09:02:00,2471.0,-2.0
2016-07-15 09:30:00,2470.0,-3.0
2016-07-15 10:36:00,2478.0,-4.0
2016-07-15 11:12:00,2485.0,-6.0
2016-07-15 14:14:00,2509.0,5.0
2016-07-15 14:15:00,2507.0,1.0
2016-07-15 14:32:00,2509.0,5.0
2016-07-15 14:33:00,2506.0,1.0
2016-07-15 14:40:00,2511.0,7.0
2016-07-15 14:41:00,2508.0,2.0
2016-07-15 14:54:00,2509.0,7.0
2016-07-15 14:55:00,2507.0,2.0
2016-07-15 14:56:00,2511.0,7.0
2016-07-15 14:58:00,2506.0,2.0
2016-07-15 14:59:00,2504.0,2.0
2016-07-18 09:00:00,2443.0,-3.0
2016-07-18 09:01:00,2452.0,-7.0
2016-07-18 09:02:00,2445.0,-10.0
2016-07-18 10:32:00,2412.0,-13.0
2016-07-18 11:11:00,2382.0,-17.0
2016-07-18 11:12:00,2385.0,-20.0
2016-07-18 14:59:00,2342.0,-20.0
2016-07-19 13:31:00,2269.0,-23.0
2016-07-19 14:40:00,2284.0,-21.0
2016-07-19 14:59:00,2277.0,-21.0
2016-07-20 09:00:00,2293.0,-20.0
2016-07-20 09:01:00,2290.0,-21.0
2016-07-20 09:02:00,2292.0,-20.0
2016-07-20 09:03:00,2295.0,-4.0
2016-07-20 09:04:00,2292.0,-9.0
2016-07-20 09:05:00,2298.0,-4.0
2016-07-20 09:10:00,2307.0,0.0
2016-07-20 09:28:00,2298.0,-1.0
2016-07-20 09:31:00,2294.0,-6.0
2016-07-20 09:32:00,2295.0,-1.0
2016-07-20 09:33:00,2286.0,-8.0
2016-07-20 09:36:00,2277.0,-9.0
2016-07-20 10:31:00,2281.0,-11.0
2016-07-20 11:11:00,2273.0,-18.0
2016-07-20 14:26:00,2286.0,-16.0
2016-07-20 14:29:00,2294.0,-15.0
2016-07-20 14:59:00,2289.0,-15.0
2016-07-21 09:00:00,2304.0,-4.0
2016-07-21 09:41:00,2309.0,0.0
2016-07-21 10:01:00,2324.0,1.0
2016-07-21 11:00:00,2338.0,2.0
2016-07-21 11:12:00,2338.0,6.0
2016-07-21 11:23:00,2344.0,8.0
2016-07-21 11:25:00,2344.0,9.0
2016-07-21 11:28:00,2351.0,10.0
2016-07-21 13:32:00,2359.0,11.0
2016-07-21 14:01:00,2370.0,12.0
2016-07-21 14:34:00,2383.0,14.0
2016-07-21 14:38:00,2393.0,15.0
2016-07-21 14:59:00,2374.0,15.0
2016-07-22 09:00:00,2335.0,0.0
2016-07-22 10:07:00,2313.0,-1.0
2016-07-22 10:32:00,2321.0,-2.0
2016-07-22 10:38:00,2305.0,-3.0
2016-07-22 11:04:00,2297.0,-7.0
2016-07-22 11:12:00,2304.0,-8.0
2016-07-22 11:17:00,2291.0,-11.0
2016-07-22 11:18:00,2288.0,-13.0
2016-07-22 11:19:00,2286.0,-14.0
2016-07-22 11:22:00,2284.0,-15.0
2016-07-22 13:33:00,2281.0,-17.0
2016-07-22 13:44:00,2295.0,-16.0
2016-07-22 14:59:00,2291.0,-16.0
2016-07-25 09:09:00,2307.0,-15.0
2016-07-25 09:12:00,2304.0,-16.0
2016-07-25 09:14:00,2310.0,-15.0
2016-07-25 09:16:00,2329.0,-5.0
2016-07-25 09:17:00,2342.0,0.0
2016-07-25 09:46:00,2306.0,-1.0
2016-07-25 09:47:00,2307.0,0.0
2016-07-25 09:49:00,2306.0,-1.0
2016-07-25 09:50:00,2310.0,0.0
2016-07-25 14:29:00,2310.0,-2.0
2016-07-25 14:59:00,2320.0,-2.0
2016-07-26 09:00:00,2307.0,-3.0
2016-07-26 09:03:00,2298.0,-4.0
2016-07-26 09:32:00,2298.0,-5.0
2016-07-26 09:39:00,2312.0,-4.0
2016-07-26 11:11:00,2320.0,-2.0
2016-07-26 11:12:00,2321.0,0.0
2016-07-26 11:16:00,2325.0,1.0
2016-07-26 13:33:00,2326.0,2.0
2016-07-26 13:37:00,2329.0,4.0
2016-07-26 13:40:00,2330.0,5.0
2016-07-26 14:36:00,2340.0,8.0
2016-07-26 14:37:00,2340.0,9.0
2016-07-26 14:40:00,2345.0,12.0
2016-07-26 14:41:00,2345.0,13.0
2016-07-26 14:59:00,2352.0,14.0
2016-07-27 09:00:00,2390.0,15.0
2016-07-27 09:01:00,2394.0,16.0
2016-07-27 09:02:00,2392.0,19.0
2016-07-27 09:20:00,2409.0,20.0
2016-07-27 09:23:00,2415.0,21.0
2016-07-27 10:31:00,2413.0,22.0
2016-07-27 11:05:00,2378.0,21.0
2016-07-27 11:08:00,2385.0,22.0
2016-07-27 11:10:00,2376.0,21.0
2016-07-27 11:12:00,2365.0,4.0
2016-07-27 11:26:00,2375.0,10.0
2016-07-27 11:27:00,2373.0,4.0
2016-07-27 13:30:00,2356.0,0.0
2016-07-27 14:05:00,2370.0,2.0
2016-07-27 14:08:00,2375.0,5.0
2016-07-27 14:09:00,2377.0,7.0
2016-07-27 14:11:00,2374.0,2.0
2016-07-27 14:12:00,2377.0,7.0
2016-07-27 14:13:00,2381.0,9.0
2016-07-27 14:15:00,2385.0,10.0
2016-07-27 14:33:00,2371.0,3.0
2016-07-27 14:43:00,2377.0,6.0
2016-07-27 14:47:00,2381.0,9.0
2016-07-27 14:49:00,2384.0,10.0
2016-07-27 14:57:00,2394.0,11.0
2016-07-27 14:58:00,2395.0,12.0
2016-07-27 14:59:00,2399.0,12.0
2016-07-28 09:00:00,2418.0,14.0
2016-07-28 09:01:00,2423.0,18.0
2016-07-28 09:05:00,2439.0,20.0
2016-07-28 10:31:00,2469.0,22.0
2016-07-28 11:11:00,2469.0,24.0
2016-07-28 14:59:00,2461.0,24.0
2016-07-29 09:58:00,2438.0,21.0
2016-07-29 10:00:00,2426.0,4.0
2016-07-29 10:05:00,2423.0,3.0
2016-07-29 10:30:00,2415.0,-1.0
2016-07-29 10:33:00,2410.0,-2.0
2016-07-29 13:44:00,2403.0,-3.0
2016-07-29 13:45:00,2404.0,-5.0
2016-07-29 14:05:00,2393.0,-6.0
2016-07-29 14:07:00,2389.0,-8.0
