2015-01-07 11:29:00,2584.0,-1.0
2015-01-07 11:29:00,2584.0,-1.0
2015-01-07 13:59:00,2583.0,-2.0
2015-01-07 14:59:00,2589.0,-2.0
2015-01-08 09:29:00,2587.0,-3.0
2015-01-08 09:44:00,2588.0,-4.0
2015-01-08 09:59:00,2585.0,-5.0
2015-01-08 11:14:00,2571.0,-6.0
2015-01-08 11:29:00,2572.0,-7.0
2015-01-08 14:59:00,2583.0,-7.0
2015-01-09 14:59:00,2561.0,-7.0
2015-01-12 14:59:00,2505.0,-7.0
2015-01-13 14:59:00,2512.0,-7.0
2015-01-14 14:59:00,2490.0,-7.0
2015-01-15 11:14:00,2499.0,-3.0
2015-01-15 13:59:00,2503.0,-1.0
2015-01-15 14:14:00,2504.0,1.0
2015-01-15 14:29:00,2507.0,5.0
2015-01-15 14:59:00,2520.0,7.0
2015-01-16 14:59:00,2513.0,7.0
2015-01-19 09:29:00,2477.0,3.0
2015-01-19 09:59:00,2503.0,-3.0
2015-01-19 10:14:00,2512.0,1.0
2015-01-19 11:14:00,2514.0,3.0
2015-01-19 11:29:00,2507.0,3.0
2015-01-19 14:59:00,2518.0,3.0
2015-01-20 09:59:00,2497.0,-3.0
2015-01-20 10:14:00,2500.0,-5.0
2015-01-20 10:44:00,2499.0,-7.0
2015-01-20 14:59:00,2490.0,-7.0
2015-01-21 13:44:00,2510.0,-1.0
2015-01-21 14:29:00,2491.0,-5.0
2015-01-21 14:44:00,2493.0,-7.0
2015-01-21 14:59:00,2476.0,-7.0
2015-01-22 14:59:00,2483.0,-7.0
2015-01-23 14:59:00,2488.0,-7.0
2015-01-26 09:44:00,2483.0,-5.0
2015-01-26 10:44:00,2470.0,-7.0
2015-01-26 14:59:00,2456.0,-7.0
2015-01-27 14:59:00,2462.0,-7.0
2015-01-28 10:59:00,2470.0,-6.0
2015-01-28 11:14:00,2470.0,-5.0
2015-01-28 13:44:00,2472.0,-3.0
2015-01-28 13:59:00,2472.0,3.0
2015-01-28 14:29:00,2474.0,5.0
2015-01-28 14:59:00,2479.0,5.0
2015-01-29 14:59:00,2512.0,5.0
2015-01-30 14:59:00,2503.0,5.0
2015-02-02 11:29:00,2496.0,4.0
2015-02-02 13:44:00,2499.0,2.0
2015-02-02 14:14:00,2504.0,3.0
2015-02-02 14:59:00,2502.0,3.0
2015-02-03 09:14:00,2502.0,6.0
2015-02-03 10:59:00,2495.0,4.0
2015-02-03 11:29:00,2497.0,2.0
2015-02-03 13:44:00,2496.0,0.0
2015-02-03 14:59:00,2491.0,0.0
2015-02-04 09:14:00,2520.0,4.0
2015-02-04 09:29:00,2516.0,6.0
2015-02-04 09:59:00,2502.0,7.0
2015-02-04 14:44:00,2495.0,5.0
2015-02-04 14:59:00,2488.0,3.0
2015-02-05 09:14:00,2499.0,1.0
2015-02-05 11:14:00,2503.0,3.0
2015-02-05 11:29:00,2501.0,5.0
2015-02-05 14:59:00,2494.0,5.0
2015-02-06 09:14:00,2513.0,6.0
2015-02-06 09:59:00,2511.0,7.0
2015-02-06 14:59:00,2516.0,7.0
2015-02-09 10:44:00,2499.0,5.0
2015-02-09 10:59:00,2497.0,1.0
2015-02-09 11:29:00,2495.0,-1.0
2015-02-09 13:44:00,2495.0,-5.0
2015-02-09 14:44:00,2500.0,-7.0
2015-02-09 14:59:00,2501.0,-7.0
2015-02-10 09:14:00,2508.0,-5.0
2015-02-10 09:44:00,2510.0,5.0
2015-02-10 09:59:00,2514.0,6.0
2015-02-10 10:44:00,2516.0,7.0
2015-02-10 14:59:00,2513.0,7.0
2015-02-11 11:29:00,2507.0,5.0
2015-02-11 14:29:00,2512.0,7.0
2015-02-11 14:59:00,2514.0,7.0
2015-02-12 09:29:00,2500.0,3.0
2015-02-12 09:44:00,2502.0,1.0
2015-02-12 09:59:00,2501.0,-7.0
2015-02-12 14:29:00,2510.0,1.0
2015-02-12 14:59:00,2510.0,1.0
2015-02-13 09:14:00,2515.0,5.0
2015-02-13 09:29:00,2516.0,7.0
2015-02-13 14:59:00,2532.0,7.0
2015-02-16 14:59:00,2546.0,7.0
2015-02-17 11:14:00,2529.0,5.0
2015-02-17 11:29:00,2531.0,3.0
2015-02-17 13:44:00,2535.0,1.0
2015-02-17 13:59:00,2534.0,-1.0
2015-02-17 14:44:00,2536.0,-3.0
2015-02-17 14:59:00,2542.0,-1.0
2015-02-25 09:14:00,2514.0,-7.0
2015-02-25 14:59:00,2508.0,-7.0
2015-02-26 13:44:00,2521.0,-5.0
2015-02-26 13:59:00,2522.0,-3.0
2015-02-26 14:14:00,2524.0,1.0
2015-02-26 14:29:00,2525.0,3.0
2015-02-26 14:44:00,2532.0,5.0
2015-02-26 14:59:00,2532.0,7.0
2015-02-27 11:29:00,2516.0,3.0
2015-02-27 13:59:00,2521.0,1.0
2015-02-27 14:59:00,2498.0,-5.0
2015-03-02 09:14:00,2482.0,-7.0
2015-03-02 14:59:00,2519.0,-5.0
2015-03-03 09:14:00,2512.0,-3.0
2015-03-03 10:14:00,2502.0,-5.0
2015-03-03 11:14:00,2509.0,-3.0
2015-03-03 13:44:00,2521.0,3.0
2015-03-03 13:59:00,2513.0,7.0
2015-03-03 14:59:00,2513.0,7.0
2015-03-04 11:29:00,2504.0,3.0
2015-03-04 13:44:00,2505.0,1.0
2015-03-04 13:59:00,2504.0,-5.0
2015-03-04 14:29:00,2507.0,-7.0
2015-03-04 14:59:00,2508.0,-7.0
2015-03-05 14:59:00,2484.0,-7.0
2015-03-06 14:59:00,2452.0,-7.0
2015-03-09 14:59:00,2444.0,-7.0
2015-03-10 14:59:00,2404.0,-7.0
2015-03-11 14:59:00,2423.0,-7.0
2015-03-12 10:14:00,2428.0,-6.0
2015-03-12 10:44:00,2435.0,-5.0
2015-03-12 10:59:00,2441.0,-4.0
2015-03-12 11:14:00,2439.0,-2.0
2015-03-12 11:29:00,2439.0,0.0
2015-03-12 14:59:00,2446.0,0.0
2015-03-13 14:59:00,2447.0,0.0
2015-03-16 14:59:00,2476.0,0.0
2015-03-17 14:59:00,2472.0,0.0
2015-03-18 14:59:00,2457.0,0.0
2015-03-19 14:59:00,2457.0,0.0
2015-03-20 10:44:00,2463.0,1.0
2015-03-20 13:59:00,2464.0,2.0
2015-03-20 14:59:00,2457.0,2.0
2015-03-23 09:14:00,2498.0,7.0
2015-03-23 14:59:00,2526.0,7.0
2015-03-24 14:59:00,2525.0,7.0
2015-03-25 13:44:00,2504.0,5.0
2015-03-25 13:59:00,2505.0,1.0
2015-03-25 14:14:00,2504.0,-5.0
2015-03-25 14:29:00,2501.0,-7.0
2015-03-25 14:59:00,2494.0,-7.0
2015-03-26 14:59:00,2476.0,-7.0
2015-03-27 14:14:00,2462.0,0.0
2015-03-27 14:59:00,2468.0,0.0
2015-03-30 14:59:00,2446.0,0.0
2015-03-31 09:59:00,2436.0,-1.0
2015-03-31 14:59:00,2426.0,-1.0
2015-04-01 14:59:00,2388.0,-1.0
2015-04-02 14:59:00,2343.0,-1.0
2015-04-03 14:59:00,2343.0,-1.0
2015-04-07 14:59:00,2310.0,-1.0
2015-04-08 14:59:00,2323.0,-1.0
2015-04-09 14:59:00,2289.0,-1.0
2015-04-10 14:59:00,2265.0,-1.0
2015-04-13 14:29:00,2306.0,0.0
2015-04-13 14:59:00,2327.0,0.0
2015-04-14 14:59:00,2322.0,0.0
2015-04-15 14:59:00,2297.0,-1.0
2015-04-16 09:29:00,2310.0,-2.0
2015-04-16 09:59:00,2318.0,0.0
2015-04-16 10:59:00,2320.0,2.0
2015-04-16 14:59:00,2317.0,2.0
2015-04-17 10:44:00,2313.0,0.0
2015-04-17 13:44:00,2318.0,1.0
2015-04-17 14:14:00,2318.0,3.0
2015-04-17 14:59:00,2311.0,3.0
2015-04-20 09:14:00,2305.0,-3.0
2015-04-20 09:29:00,2303.0,-4.0
2015-04-20 09:44:00,2305.0,-7.0
2015-04-20 14:59:00,2280.0,-7.0
2015-04-21 14:59:00,2281.0,-7.0
2015-04-22 10:44:00,2293.0,-3.0
2015-04-22 11:14:00,2304.0,3.0
2015-04-22 11:29:00,2315.0,5.0
2015-04-22 13:44:00,2326.0,7.0
2015-04-22 14:59:00,2326.0,7.0
2015-04-23 14:59:00,2322.0,7.0
2015-04-24 14:59:00,2377.0,7.0
2015-04-27 14:59:00,2407.0,7.0
2015-04-28 14:59:00,2397.0,7.0
2015-04-29 09:44:00,2388.0,6.0
2015-04-29 10:44:00,2386.0,5.0
2015-04-29 11:14:00,2389.0,4.0
2015-04-29 13:44:00,2381.0,3.0
2015-04-29 13:59:00,2370.0,0.0
2015-04-29 14:59:00,2340.0,0.0
2015-04-30 14:59:00,2365.0,0.0
2015-05-04 09:44:00,2393.0,1.0
2015-05-04 09:59:00,2390.0,5.0
2015-05-04 10:14:00,2397.0,6.0
2015-05-04 10:44:00,2399.0,7.0
2015-05-04 14:59:00,2413.0,7.0
2015-05-05 14:59:00,2430.0,7.0
2015-05-06 10:44:00,2425.0,6.0
2015-05-06 14:14:00,2440.0,7.0
2015-05-06 14:59:00,2432.0,7.0
2015-05-07 09:29:00,2412.0,5.0
2015-05-07 10:14:00,2415.0,4.0
2015-05-07 10:59:00,2407.0,1.0
2015-05-07 11:14:00,2408.0,0.0
2015-05-07 11:29:00,2407.0,-1.0
2015-05-07 14:59:00,2409.0,-1.0
2015-05-08 14:59:00,2414.0,1.0
2015-05-11 09:14:00,2425.0,5.0
2015-05-11 09:29:00,2420.0,6.0
2015-05-11 09:44:00,2413.0,7.0
2015-05-11 14:59:00,2422.0,7.0
2015-05-12 09:14:00,2400.0,0.0
2015-05-12 09:29:00,2395.0,-2.0
2015-05-12 09:59:00,2398.0,-4.0
2015-05-12 10:44:00,2404.0,-6.0
2015-05-12 13:44:00,2393.0,-7.0
2015-05-12 14:59:00,2393.0,-7.0
2015-05-13 14:59:00,2386.0,-7.0
2015-05-14 14:59:00,2367.0,-7.0
2015-05-15 14:59:00,2376.0,-7.0
2015-05-18 14:59:00,2356.0,-7.0
2015-05-19 14:59:00,2350.0,-7.0
2015-05-20 14:59:00,2320.0,-7.0
2015-05-21 13:44:00,2353.0,-6.0
2015-05-21 13:59:00,2349.0,-4.0
2015-05-21 14:14:00,2348.0,-1.0
2015-05-21 14:44:00,2349.0,0.0
2015-05-21 14:59:00,2350.0,0.0
2015-05-22 13:44:00,2342.0,-1.0
2015-05-22 13:59:00,2348.0,1.0
2015-05-22 14:29:00,2345.0,-1.0
2015-05-22 14:44:00,2351.0,1.0
2015-05-22 14:59:00,2357.0,1.0
2015-05-25 09:44:00,2335.0,-1.0
2015-05-25 10:59:00,2350.0,1.0
2015-05-25 14:59:00,2354.0,1.0
2015-05-26 14:59:00,2359.0,1.0
2015-05-27 11:14:00,2359.0,-1.0
2015-05-27 14:59:00,2363.0,-1.0
2015-05-28 09:14:00,2378.0,2.0
2015-05-28 09:29:00,2376.0,3.0
2015-05-28 14:14:00,2355.0,-2.0
2015-05-28 14:29:00,2358.0,-5.0
2015-05-28 14:59:00,2364.0,-7.0
2015-05-29 14:14:00,2366.0,-5.0
2015-05-29 14:59:00,2370.0,-1.0
2015-06-01 09:14:00,2374.0,7.0
2015-06-01 10:59:00,2365.0,5.0
2015-06-01 11:29:00,2370.0,7.0
2015-06-01 14:59:00,2383.0,7.0
2015-06-02 14:59:00,2386.0,7.0
2015-06-03 10:14:00,2373.0,5.0
2015-06-03 10:59:00,2370.0,3.0
2015-06-03 11:14:00,2370.0,1.0
2015-06-03 13:44:00,2375.0,-1.0
2015-06-03 14:44:00,2367.0,-3.0
2015-06-03 14:59:00,2360.0,-7.0
2015-06-04 14:59:00,2367.0,-7.0
2015-06-05 14:59:00,2352.0,-7.0
2015-06-08 14:59:00,2344.0,-7.0
2015-06-09 10:14:00,2358.0,3.0
2015-06-09 10:44:00,2357.0,5.0
2015-06-09 10:59:00,2361.0,7.0
2015-06-09 14:59:00,2346.0,7.0
2015-06-10 09:44:00,2350.0,5.0
2015-06-10 10:14:00,2351.0,1.0
2015-06-10 10:59:00,2352.0,-1.0
2015-06-10 11:14:00,2352.0,-3.0
2015-06-10 14:14:00,2356.0,-1.0
2015-06-10 14:44:00,2345.0,-3.0
2015-06-10 14:59:00,2347.0,-7.0
2015-06-11 09:14:00,2357.0,-5.0
2015-06-11 11:14:00,2355.0,-3.0
2015-06-11 11:29:00,2357.0,-1.0
2015-06-11 13:44:00,2361.0,1.0
2015-06-11 13:59:00,2364.0,7.0
2015-06-11 14:59:00,2364.0,7.0
2015-06-12 09:14:00,2333.0,0.0
2015-06-12 09:29:00,2334.0,-5.0
2015-06-12 09:44:00,2333.0,-6.0
2015-06-12 09:59:00,2328.0,-7.0
2015-06-12 14:59:00,2309.0,-7.0
2015-06-15 14:59:00,2291.0,-7.0
2015-06-16 14:59:00,2256.0,-7.0
2015-06-17 14:59:00,2234.0,-7.0
2015-06-18 13:59:00,2257.0,-6.0
2015-06-18 14:59:00,2256.0,-6.0
2015-06-19 09:14:00,2274.0,-3.0
2015-06-19 09:29:00,2272.0,-1.0
2015-06-19 09:44:00,2266.0,0.0
2015-06-19 14:59:00,2257.0,0.0
2015-06-23 09:14:00,2249.0,-1.0
2015-06-23 09:44:00,2246.0,-4.0
2015-06-23 09:59:00,2243.0,-7.0
2015-06-23 14:59:00,2251.0,-7.0
2015-06-24 13:44:00,2252.0,-5.0
2015-06-24 13:59:00,2256.0,-3.0
2015-06-24 14:59:00,2254.0,-1.0
2015-06-25 09:29:00,2240.0,-5.0
2015-06-25 09:44:00,2240.0,-7.0
2015-06-25 14:59:00,2232.0,-7.0
2015-06-26 14:59:00,2230.0,-7.0
2015-06-29 14:59:00,2201.0,-7.0
2015-06-30 14:14:00,2166.0,0.0
2015-06-30 14:59:00,2158.0,0.0
2015-07-01 14:59:00,2151.0,0.0
2015-07-02 14:59:00,2158.0,0.0
2015-07-03 10:44:00,2159.0,-3.0
2015-07-03 13:44:00,2172.0,3.0
2015-07-03 14:44:00,2154.0,-3.0
2015-07-03 14:59:00,2153.0,-3.0
2015-07-06 09:14:00,2088.0,-5.0
2015-07-06 09:29:00,2096.0,-6.0
2015-07-06 14:59:00,2057.0,-6.0
2015-07-07 14:59:00,1972.0,-6.0
2015-07-08 14:59:00,1911.0,-6.0
2015-07-09 09:14:00,1980.0,0.0
2015-07-09 14:59:00,2026.0,0.0
2015-07-10 14:59:00,2036.0,0.0
2015-07-13 14:59:00,2033.0,0.0
2015-07-14 09:59:00,2045.0,1.0
2015-07-14 14:59:00,2035.0,1.0
2015-07-15 09:14:00,2044.0,-1.0
2015-07-15 14:59:00,2017.0,-1.0
2015-07-16 11:29:00,2033.0,0.0
2015-07-16 14:59:00,2028.0,0.0
2015-07-17 09:29:00,2031.0,1.0
2015-07-17 11:29:00,2017.0,-2.0
2015-07-17 13:44:00,2019.0,-3.0
2015-07-17 14:14:00,2021.0,-5.0
2015-07-17 14:59:00,2032.0,-3.0
2015-07-20 09:14:00,2074.0,6.0
2015-07-20 14:59:00,2096.0,6.0
2015-07-21 14:59:00,2069.0,6.0
2015-07-22 09:44:00,2062.0,5.0
2015-07-22 10:44:00,2058.0,3.0
2015-07-22 10:59:00,2052.0,-1.0
2015-07-22 11:14:00,2053.0,-4.0
2015-07-22 14:59:00,2021.0,-4.0
2015-07-23 14:59:00,2037.0,-4.0
2015-07-24 14:29:00,2032.0,-3.0
2015-07-24 14:44:00,2031.0,-2.0
2015-07-24 14:59:00,2028.0,-3.0
2015-07-27 09:14:00,2066.0,3.0
2015-07-27 09:29:00,2058.0,5.0
2015-07-27 14:59:00,2060.0,5.0
2015-07-28 14:59:00,2060.0,5.0
2015-07-29 14:59:00,2104.0,5.0
2015-07-30 14:59:00,2083.0,3.0
2015-07-31 09:14:00,2097.0,5.0
2015-07-31 14:59:00,2101.0,5.0
2015-08-03 14:14:00,2097.0,0.0
2015-08-03 14:59:00,2088.0,0.0
2015-08-04 09:29:00,2092.0,-1.0
2015-08-04 10:44:00,2092.0,-3.0
2015-08-04 14:44:00,2103.0,-2.0
2015-08-04 14:59:00,2105.0,4.0
2015-08-05 11:29:00,2095.0,2.0
2015-08-05 13:44:00,2097.0,4.0
2015-08-05 14:59:00,2105.0,4.0
2015-08-06 09:29:00,2082.0,-3.0
2015-08-06 09:44:00,2084.0,-7.0
2015-08-06 14:59:00,2086.0,-7.0
2015-08-07 14:59:00,2072.0,-7.0
2015-08-10 14:59:00,2054.0,-7.0
2015-08-11 10:59:00,2070.0,-3.0
2015-08-11 11:29:00,2067.0,-1.0
2015-08-11 13:44:00,2065.0,0.0
2015-08-11 14:14:00,2067.0,-2.0
2015-08-11 14:29:00,2063.0,-1.0
2015-08-11 14:44:00,2061.0,-2.0
2015-08-11 14:59:00,2056.0,-2.0
2015-08-12 09:29:00,2061.0,-3.0
2015-08-12 09:44:00,2069.0,1.0
2015-08-12 09:59:00,2075.0,5.0
2015-08-12 10:14:00,2071.0,7.0
2015-08-12 14:59:00,2076.0,7.0
2015-08-13 14:59:00,2098.0,7.0
2015-08-14 14:59:00,2091.0,7.0
2015-08-17 09:29:00,2076.0,3.0
2015-08-17 09:44:00,2076.0,1.0
2015-08-17 09:59:00,2067.0,-5.0
2015-08-17 10:44:00,2071.0,-7.0
2015-08-17 14:59:00,2066.0,-7.0
2015-08-18 14:59:00,2056.0,-7.0
2015-08-19 14:59:00,2050.0,-7.0
2015-08-20 14:59:00,2032.0,-7.0
2015-08-21 09:44:00,2038.0,-6.0
2015-08-21 13:59:00,2031.0,-7.0
2015-08-21 14:59:00,2025.0,-7.0
2015-08-24 14:59:00,1938.0,-7.0
2015-08-25 14:59:00,1938.0,-7.0
2015-08-26 14:59:00,1942.0,-7.0
2015-08-27 09:14:00,1961.0,-6.0
2015-08-27 09:29:00,1973.0,0.0
2015-08-27 14:59:00,1971.0,0.0
2015-08-28 14:59:00,1978.0,0.0
2015-08-31 09:44:00,1960.0,-1.0
2015-08-31 09:59:00,1964.0,-2.0
2015-08-31 10:14:00,1963.0,-3.0
2015-08-31 10:59:00,1962.0,-6.0
2015-08-31 14:29:00,1971.0,-2.0
2015-08-31 14:59:00,1954.0,-6.0
2015-09-01 09:29:00,1959.0,-7.0
2015-09-01 13:59:00,1962.0,-5.0
2015-09-01 14:59:00,1964.0,-5.0
2015-09-02 09:29:00,1956.0,-7.0
2015-09-02 14:59:00,1956.0,-7.0
2015-09-07 14:59:00,1922.0,-7.0
2015-09-08 14:44:00,1941.0,-6.0
2015-09-08 14:59:00,1950.0,-6.0
2015-09-09 09:14:00,1972.0,2.0
2015-09-09 09:29:00,1966.0,3.0
2015-09-09 09:44:00,1969.0,5.0
2015-09-09 10:14:00,1971.0,6.0
2015-09-09 14:59:00,1951.0,6.0
2015-09-10 14:59:00,1959.0,6.0
2015-09-11 14:59:00,1948.0,6.0
2015-09-14 09:14:00,1939.0,-2.0
2015-09-14 09:29:00,1943.0,-6.0
2015-09-14 09:44:00,1940.0,-7.0
2015-09-14 14:59:00,1934.0,-7.0
2015-09-15 14:59:00,1915.0,-7.0
2015-09-16 14:44:00,1937.0,-6.0
2015-09-16 14:59:00,1938.0,-6.0
2015-09-17 09:14:00,1936.0,-5.0
2015-09-17 09:44:00,1933.0,-4.0
2015-09-17 10:14:00,1935.0,-3.0
2015-09-17 10:59:00,1939.0,1.0
2015-09-17 11:14:00,1939.0,3.0
2015-09-17 14:59:00,1931.0,3.0
2015-09-18 11:14:00,1932.0,1.0
2015-09-18 11:29:00,1930.0,-7.0
2015-09-18 14:59:00,1927.0,-7.0
2015-09-21 14:59:00,1909.0,-7.0
2015-09-22 14:59:00,1896.0,-7.0
2015-09-23 14:59:00,1906.0,-7.0
2015-09-24 14:59:00,1896.0,-7.0
2015-09-25 09:29:00,1904.0,-4.0
2015-09-25 09:44:00,1907.0,-2.0
2015-09-25 09:59:00,1907.0,-1.0
2015-09-25 10:14:00,1907.0,0.0
2015-09-25 14:14:00,1896.0,-1.0
2015-09-25 14:29:00,1896.0,-6.0
2015-09-25 14:59:00,1893.0,-6.0
2015-09-28 09:14:00,1881.0,-7.0
2015-09-28 14:59:00,1862.0,-7.0
2015-09-29 14:59:00,1836.0,-7.0
2015-09-30 14:59:00,1826.0,-7.0
2015-10-08 10:44:00,1850.0,-6.0
2015-10-08 10:59:00,1844.0,-4.0
2015-10-08 11:14:00,1840.0,-2.0
2015-10-08 14:59:00,1833.0,-2.0
2015-10-09 09:44:00,1842.0,-1.0
2015-10-09 09:59:00,1839.0,0.0
2015-10-09 14:59:00,1860.0,0.0
2015-10-12 14:59:00,1855.0,0.0
2015-10-13 09:14:00,1836.0,-1.0
2015-10-13 09:29:00,1834.0,-2.0
2015-10-13 09:44:00,1835.0,-3.0
2015-10-13 09:59:00,1833.0,-4.0
2015-10-13 10:44:00,1830.0,-6.0
2015-10-13 10:59:00,1831.0,-7.0
2015-10-13 14:59:00,1846.0,-5.0
2015-10-14 09:44:00,1843.0,-1.0
2015-10-14 11:14:00,1838.0,1.0
2015-10-14 14:59:00,1837.0,-1.0
2015-10-15 09:14:00,1839.0,1.0
2015-10-15 11:29:00,1843.0,3.0
2015-10-15 13:59:00,1845.0,5.0
2015-10-15 14:14:00,1845.0,7.0
2015-10-15 14:59:00,1841.0,7.0
2015-10-16 09:29:00,1832.0,3.0
2015-10-16 09:59:00,1834.0,-1.0
2015-10-16 14:59:00,1836.0,-1.0
2015-10-19 09:44:00,1840.0,1.0
2015-10-19 10:14:00,1840.0,3.0
2015-10-19 11:29:00,1832.0,1.0
2015-10-19 13:44:00,1825.0,-4.0
2015-10-19 13:59:00,1817.0,-7.0
2015-10-19 14:59:00,1815.0,-7.0
2015-10-20 14:59:00,1809.0,-7.0
2015-10-21 14:59:00,1808.0,-7.0
2015-10-22 10:59:00,1814.0,-5.0
2015-10-22 14:29:00,1809.0,-3.0
2015-10-22 14:44:00,1809.0,1.0
2015-10-22 14:59:00,1806.0,-1.0
2015-10-23 09:14:00,1800.0,-5.0
2015-10-23 09:29:00,1803.0,-7.0
2015-10-23 14:59:00,1802.0,-7.0
2015-10-26 11:29:00,1799.0,-5.0
2015-10-26 14:14:00,1794.0,-7.0
2015-10-26 14:59:00,1797.0,-7.0
2015-10-27 09:14:00,1798.0,-5.0
2015-10-27 10:59:00,1808.0,4.0
2015-10-27 11:14:00,1802.0,5.0
2015-10-27 14:59:00,1803.0,5.0
2015-10-28 09:29:00,1798.0,3.0
2015-10-28 09:59:00,1796.0,1.0
2015-10-28 10:14:00,1795.0,-1.0
2015-10-28 10:59:00,1795.0,-2.0
2015-10-28 11:14:00,1794.0,-6.0
2015-10-28 11:29:00,1794.0,-7.0
2015-10-28 14:59:00,1794.0,-7.0
2015-10-29 11:14:00,1799.0,-5.0
2015-10-29 11:29:00,1798.0,-3.0
2015-10-29 13:59:00,1797.0,1.0
2015-10-29 14:14:00,1796.0,-3.0
2015-10-29 14:59:00,1797.0,1.0
2015-10-30 09:14:00,1794.0,-3.0
2015-10-30 09:44:00,1794.0,-7.0
2015-10-30 14:59:00,1788.0,-7.0
2015-11-02 13:59:00,1794.0,-5.0
2015-11-02 14:59:00,1792.0,-5.0
2015-11-03 09:14:00,1782.0,-7.0
2015-11-03 14:59:00,1778.0,-7.0
2015-11-04 14:59:00,1780.0,-7.0
2015-11-05 09:59:00,1781.0,-5.0
2015-11-05 10:59:00,1773.0,-7.0
2015-11-05 14:59:00,1777.0,-7.0
2015-11-06 09:29:00,1781.0,-5.0
2015-11-06 09:59:00,1781.0,-1.0
2015-11-06 10:14:00,1781.0,1.0
2015-11-06 10:59:00,1784.0,5.0
2015-11-06 11:14:00,1798.0,7.0
2015-11-06 14:59:00,1788.0,7.0
2015-11-09 14:59:00,1796.0,7.0
2015-11-10 14:29:00,1786.0,3.0
2015-11-10 14:59:00,1790.0,1.0
2015-11-11 09:14:00,1780.0,-1.0
2015-11-11 09:59:00,1778.0,-5.0
2015-11-11 10:14:00,1776.0,-7.0
2015-11-11 14:59:00,1771.0,-7.0
2015-11-12 14:59:00,1763.0,-7.0
2015-11-13 14:59:00,1760.0,-7.0
2015-11-16 09:59:00,1766.0,-5.0
2015-11-16 14:44:00,1757.0,-7.0
2015-11-16 14:59:00,1757.0,-7.0
2015-11-17 14:59:00,1754.0,-7.0
2015-11-18 14:59:00,1736.0,-7.0
2015-11-19 14:59:00,1707.0,-7.0
2015-11-20 14:59:00,1697.0,-7.0
2015-11-23 14:59:00,1659.0,-7.0
2015-11-24 14:59:00,1669.0,-7.0
2015-11-25 09:29:00,1678.0,-6.0
2015-11-25 10:44:00,1674.0,-4.0
2015-11-25 13:44:00,1674.0,-3.0
2015-11-25 14:29:00,1679.0,-1.0
2015-11-25 14:44:00,1677.0,0.0
2015-11-25 14:59:00,1674.0,0.0
2015-11-26 14:59:00,1677.0,0.0
2015-11-27 09:59:00,1662.0,-2.0
2015-11-27 10:44:00,1662.0,-3.0
2015-11-27 11:14:00,1662.0,-4.0
2015-11-27 13:44:00,1658.0,-5.0
2015-11-27 13:59:00,1658.0,-6.0
2015-11-27 14:14:00,1656.0,-7.0
2015-11-27 14:59:00,1656.0,-7.0
2015-11-30 14:59:00,1624.0,-7.0
2015-12-01 14:59:00,1629.0,-7.0
2015-12-02 09:14:00,1661.0,0.0
2015-12-02 14:59:00,1655.0,0.0
2015-12-03 11:14:00,1641.0,-2.0
2015-12-03 13:44:00,1636.0,-4.0
2015-12-03 13:59:00,1634.0,-7.0
2015-12-03 14:59:00,1631.0,-7.0
2015-12-04 13:44:00,1644.0,-5.0
2015-12-04 14:14:00,1643.0,1.0
2015-12-04 14:29:00,1643.0,1.0
2015-12-04 14:59:00,1642.0,1.0
2015-12-07 09:14:00,1660.0,7.0
2015-12-07 14:59:00,1662.0,7.0
2015-12-08 09:44:00,1645.0,5.0
2015-12-08 09:59:00,1642.0,3.0
2015-12-08 11:29:00,1652.0,1.0
2015-12-08 14:29:00,1647.0,-3.0
2015-12-08 14:44:00,1647.0,-5.0
2015-12-08 14:59:00,1649.0,-7.0
2015-12-09 09:14:00,1657.0,1.0
2015-12-09 09:29:00,1657.0,5.0
2015-12-09 09:44:00,1655.0,7.0
2015-12-09 13:59:00,1650.0,5.0
2015-12-09 14:29:00,1649.0,3.0
2015-12-09 14:59:00,1651.0,-1.0
2015-12-10 09:14:00,1640.0,-7.0
2015-12-10 14:59:00,1642.0,-7.0
2015-12-11 11:29:00,1649.0,1.0
2015-12-11 14:29:00,1651.0,5.0
2015-12-11 14:59:00,1652.0,5.0
2015-12-14 10:59:00,1660.0,6.0
2015-12-14 11:29:00,1661.0,7.0
2015-12-14 14:59:00,1660.0,7.0
2015-12-15 14:59:00,1656.0,7.0
2015-12-16 14:59:00,1671.0,7.0
2015-12-17 14:59:00,1679.0,7.0
2015-12-18 14:59:00,1713.0,7.0
2015-12-21 09:29:00,1737.0,0.0
2015-12-21 14:59:00,1752.0,0.0
2015-12-22 14:59:00,1737.0,0.0
2015-12-23 14:59:00,1723.0,0.0
2015-12-24 09:14:00,1739.0,1.0
2015-12-24 09:29:00,1741.0,6.0
2015-12-24 10:14:00,1734.0,7.0
2015-12-24 14:59:00,1731.0,7.0
2015-12-25 10:59:00,1737.0,5.0
2015-12-25 13:44:00,1740.0,7.0
2015-12-25 14:59:00,1742.0,7.0
2015-12-28 09:29:00,1731.0,5.0
2015-12-28 09:44:00,1727.0,3.0
2015-12-28 09:59:00,1729.0,1.0
2015-12-28 10:14:00,1730.0,-5.0
2015-12-28 10:59:00,1732.0,-7.0
2015-12-28 13:44:00,1743.0,-3.0
2015-12-28 13:59:00,1745.0,3.0
2015-12-28 14:14:00,1743.0,7.0
2015-12-28 14:59:00,1745.0,7.0
2015-12-29 14:59:00,1784.0,7.0
2015-12-30 14:59:00,1783.0,7.0
2015-12-31 14:59:00,1786.0,7.0
2016-01-04 09:44:00,1801.0,0.0
2016-01-04 14:59:00,1779.0,0.0
2016-01-05 14:59:00,1790.0,0.0
2016-01-06 13:44:00,1780.0,1.0
2016-01-06 14:59:00,1777.0,1.0
2016-01-07 09:29:00,1776.0,2.0
2016-01-07 09:44:00,1772.0,0.0
2016-01-07 14:14:00,1775.0,2.0
2016-01-07 14:59:00,1775.0,0.0
2016-01-08 09:14:00,1766.0,-1.0
2016-01-08 09:29:00,1770.0,-2.0
2016-01-08 14:59:00,1761.0,-2.0
2016-01-11 14:59:00,1759.0,-2.0
2016-01-12 14:59:00,1741.0,-2.0
2016-01-13 14:59:00,1741.0,-2.0
2016-01-14 13:44:00,1749.0,0.0
2016-01-14 14:44:00,1755.0,2.0
2016-01-14 14:59:00,1759.0,2.0
2016-01-15 14:59:00,1778.0,2.0
2016-01-18 14:59:00,1827.0,2.0
2016-01-19 14:59:00,1840.0,2.0
2016-01-20 14:59:00,1818.0,2.0
2016-01-21 09:14:00,1820.0,1.0
2016-01-21 13:44:00,1817.0,0.0
2016-01-21 14:59:00,1808.0,0.0
2016-01-22 09:29:00,1841.0,6.0
2016-01-22 09:59:00,1832.0,7.0
2016-01-22 14:59:00,1823.0,7.0
2016-01-25 14:59:00,1839.0,7.0
2016-01-26 14:29:00,1840.0,3.0
2016-01-26 14:44:00,1840.0,-1.0
2016-01-26 14:59:00,1844.0,1.0
2016-01-27 09:14:00,1864.0,7.0
2016-01-27 14:59:00,1861.0,7.0
2016-01-28 09:59:00,1846.0,5.0
2016-01-28 10:14:00,1843.0,3.0
2016-01-28 10:44:00,1844.0,-1.0
2016-01-28 10:59:00,1845.0,-5.0
2016-01-28 14:59:00,1815.0,-5.0
2016-01-29 14:59:00,1814.0,-5.0
2016-02-01 10:14:00,1831.0,-3.0
2016-02-01 13:59:00,1819.0,-5.0
2016-02-01 14:29:00,1819.0,-6.0
2016-02-01 14:59:00,1819.0,-6.0
2016-02-02 14:59:00,1815.0,-6.0
2016-02-03 11:29:00,1822.0,-5.0
2016-02-03 13:44:00,1821.0,-3.0
2016-02-03 14:14:00,1826.0,1.0
2016-02-03 14:29:00,1827.0,2.0
2016-02-03 14:59:00,1825.0,2.0
2016-02-04 14:59:00,1850.0,2.0
2016-02-05 13:44:00,1833.0,-1.0
2016-02-05 13:59:00,1831.0,-3.0
2016-02-05 14:14:00,1832.0,-4.0
2016-02-05 14:29:00,1835.0,-5.0
2016-02-05 14:44:00,1838.0,-5.0
2016-02-05 14:59:00,1842.0,-5.0
2016-02-15 09:14:00,1844.0,-3.0
2016-02-15 09:29:00,1846.0,5.0
2016-02-15 09:59:00,1849.0,7.0
2016-02-15 14:59:00,1871.0,7.0
2016-02-16 14:59:00,1864.0,7.0
2016-02-17 14:44:00,1862.0,5.0
2016-02-17 14:59:00,1860.0,1.0
2016-02-18 09:29:00,1867.0,3.0
2016-02-18 09:59:00,1861.0,1.0
2016-02-18 10:14:00,1858.0,-1.0
2016-02-18 10:44:00,1859.0,-5.0
2016-02-18 14:44:00,1862.0,-3.0
2016-02-18 14:59:00,1868.0,1.0
2016-02-19 09:44:00,1866.0,3.0
2016-02-19 09:59:00,1868.0,5.0
2016-02-19 10:14:00,1870.0,7.0
2016-02-19 14:59:00,1889.0,7.0
2016-02-22 14:59:00,1948.0,7.0
2016-02-23 14:59:00,1920.0,7.0
2016-02-24 13:59:00,1912.0,5.0
2016-02-24 14:14:00,1910.0,3.0
2016-02-24 14:59:00,1919.0,3.0
2016-02-25 09:14:00,1942.0,6.0
2016-02-25 09:44:00,1937.0,7.0
2016-02-25 14:44:00,1914.0,5.0
2016-02-25 14:59:00,1916.0,1.0
2016-02-26 09:14:00,1899.0,-3.0
2016-02-26 09:29:00,1903.0,-4.0
2016-02-26 14:59:00,1909.0,-4.0
2016-02-29 10:14:00,1930.0,0.0
2016-02-29 10:44:00,1930.0,3.0
2016-02-29 10:59:00,1933.0,7.0
2016-02-29 14:59:00,1952.0,7.0
2016-03-01 14:59:00,1977.0,7.0
2016-03-02 14:59:00,1986.0,7.0
2016-03-03 11:14:00,1969.0,6.0
2016-03-03 14:14:00,1969.0,5.0
2016-03-03 14:44:00,1970.0,4.0
2016-03-03 14:59:00,1967.0,3.0
2016-03-04 09:14:00,1987.0,5.0
2016-03-04 09:59:00,1958.0,1.0
2016-03-04 10:44:00,1967.0,-1.0
2016-03-04 10:59:00,1973.0,0.0
2016-03-04 11:14:00,1974.0,1.0
2016-03-04 13:44:00,1981.0,3.0
2016-03-04 13:59:00,1982.0,5.0
2016-03-04 14:44:00,1986.0,6.0
2016-03-04 14:59:00,1990.0,7.0
2016-03-07 14:59:00,2072.0,7.0
2016-03-08 10:14:00,2142.0,0.0
2016-03-08 14:59:00,2192.0,0.0
2016-03-09 14:59:00,2080.0,0.0
2016-03-10 14:59:00,2106.0,0.0
2016-03-11 09:14:00,2083.0,-2.0
2016-03-11 10:14:00,2088.0,-3.0
2016-03-11 14:59:00,2049.0,-3.0
2016-03-14 10:59:00,2089.0,0.0
2016-03-14 14:59:00,2005.0,0.0
2016-03-15 14:59:00,1988.0,0.0
2016-03-16 14:59:00,2026.0,0.0
2016-03-17 14:59:00,2095.0,0.0
2016-03-18 14:59:00,2128.0,0.0
2016-03-21 14:59:00,2156.0,0.0
2016-03-22 14:59:00,2170.0,0.0
2016-03-23 14:59:00,2210.0,0.0
2016-03-24 14:59:00,2145.0,0.0
2016-03-25 14:59:00,2213.0,0.0
2016-03-28 09:14:00,2219.0,1.0
2016-03-28 14:59:00,2163.0,0.0
2016-03-29 09:29:00,2175.0,-1.0
2016-03-29 09:44:00,2173.0,-3.0
2016-03-29 09:59:00,2162.0,-5.0
2016-03-29 10:14:00,2177.0,-6.0
2016-03-29 10:44:00,2175.0,-7.0
2016-03-29 14:59:00,2183.0,-7.0
2016-03-30 14:59:00,2134.0,-7.0
2016-03-31 14:59:00,2150.0,-6.0
2016-04-01 09:14:00,2173.0,0.0
2016-04-01 09:44:00,2179.0,2.0
2016-04-01 14:59:00,2203.0,2.0
2016-04-05 14:59:00,2205.0,2.0
2016-04-06 14:29:00,2181.0,1.0
2016-04-06 14:59:00,2193.0,1.0
2016-04-07 09:14:00,2197.0,5.0
2016-04-07 14:29:00,2207.0,6.0
2016-04-07 14:44:00,2213.0,7.0
2016-04-07 14:59:00,2201.0,7.0
2016-04-08 14:59:00,2207.0,7.0
2016-04-11 14:59:00,2299.0,7.0
2016-04-12 14:59:00,2344.0,7.0
2016-04-13 11:14:00,2347.0,0.0
2016-04-13 14:59:00,2352.0,0.0
2016-04-14 14:59:00,2322.0,0.0
2016-04-15 14:59:00,2297.0,0.0
2016-04-18 09:44:00,2358.0,1.0
2016-04-18 09:59:00,2366.0,6.0
2016-04-18 10:44:00,2369.0,7.0
2016-04-18 14:59:00,2387.0,7.0
2016-04-19 14:59:00,2492.0,7.0
2016-04-20 14:59:00,2590.0,7.0
2016-04-21 14:59:00,2747.0,7.0
2016-04-22 09:14:00,2654.0,0.0
2016-04-22 14:59:00,2615.0,0.0
2016-04-25 14:59:00,2636.0,0.0
2016-04-26 09:14:00,2619.0,-1.0
2016-04-26 09:44:00,2624.0,1.0
2016-04-26 11:14:00,2597.0,-3.0
2016-04-26 14:59:00,2548.0,-3.0
2016-04-27 14:59:00,2493.0,-3.0
2016-04-28 09:14:00,2505.0,0.0
2016-04-28 14:59:00,2530.0,0.0
2016-04-29 14:59:00,2571.0,0.0
2016-05-03 09:44:00,2454.0,-6.0
2016-05-03 10:14:00,2465.0,-7.0
2016-05-03 14:59:00,2442.0,-7.0
2016-05-04 14:59:00,2371.0,-7.0
2016-05-05 14:59:00,2298.0,-7.0
2016-05-06 14:59:00,2326.0,-7.0
2016-05-09 14:59:00,2165.0,-7.0
2016-05-10 11:29:00,2129.0,0.0
2016-05-10 14:59:00,2138.0,0.0
2016-05-11 14:59:00,2139.0,0.0
2016-05-12 13:44:00,2115.0,-1.0
2016-05-12 14:59:00,2069.0,-1.0
2016-05-13 14:59:00,2024.0,-1.0
2016-05-16 09:29:00,2047.0,0.0
2016-05-16 14:59:00,2046.0,0.0
2016-05-17 14:59:00,2105.0,0.0
2016-05-18 14:44:00,2042.0,-2.0
2016-05-18 14:59:00,2047.0,-2.0
2016-05-19 14:59:00,2036.0,-2.0
2016-05-20 10:14:00,2047.0,-1.0
2016-05-20 14:14:00,2063.0,0.0
2016-05-20 14:59:00,2055.0,0.0
2016-05-23 09:14:00,1967.0,-6.0
2016-05-23 14:59:00,1942.0,-6.0
2016-05-24 14:59:00,1950.0,-6.0
2016-05-25 14:59:00,1912.0,-6.0
2016-05-26 14:59:00,1946.0,-3.0
2016-05-27 09:29:00,1926.0,-3.0
2016-05-27 10:44:00,1932.0,-2.0
2016-05-27 11:14:00,1946.0,0.0
2016-05-27 11:29:00,1991.0,1.0
2016-05-27 14:59:00,2024.0,1.0
2016-05-30 09:14:00,1943.0,0.0
2016-05-30 11:14:00,1991.0,1.0
2016-05-30 14:59:00,1984.0,1.0
2016-05-31 11:14:00,1983.0,-1.0
2016-05-31 13:44:00,1994.0,2.0
2016-05-31 14:14:00,1999.0,0.0
2016-05-31 14:59:00,1973.0,-2.0
2016-06-01 09:29:00,1949.0,-3.0
2016-06-01 14:59:00,1951.0,-3.0
2016-06-02 13:44:00,1965.0,-1.0
2016-06-02 13:59:00,1962.0,0.0
2016-06-02 14:14:00,1953.0,-1.0
2016-06-02 14:29:00,1950.0,-3.0
2016-06-02 14:59:00,1951.0,-3.0
2016-06-03 09:14:00,1988.0,2.0
2016-06-03 09:29:00,1987.0,3.0
2016-06-03 09:59:00,1995.0,4.0
2016-06-03 14:59:00,1985.0,4.0
2016-06-06 14:59:00,2054.0,4.0
2016-06-07 14:59:00,2070.0,4.0
2016-06-08 14:59:00,2089.0,4.0
2016-06-13 14:59:00,2156.0,4.0
2016-06-14 09:59:00,2127.0,0.0
2016-06-14 14:59:00,2064.0,0.0
2016-06-15 14:59:00,2058.0,0.0
2016-06-16 14:59:00,2065.0,0.0
2016-06-17 09:14:00,2049.0,-2.0
2016-06-17 14:59:00,2067.0,-2.0
2016-06-20 09:59:00,2057.0,0.0
2016-06-20 14:59:00,2055.0,0.0
2016-06-21 09:14:00,2084.0,1.0
2016-06-21 09:29:00,2095.0,2.0
2016-06-21 14:59:00,2072.0,2.0
2016-06-22 14:59:00,2131.0,2.0
2016-06-23 14:59:00,2129.0,2.0
2016-06-24 14:14:00,2128.0,1.0
2016-06-24 14:59:00,2116.0,1.0
2016-06-27 09:14:00,2180.0,7.0
2016-06-27 14:59:00,2256.0,7.0
2016-06-28 14:59:00,2252.0,7.0
2016-06-29 13:59:00,2228.0,6.0
2016-06-29 14:59:00,2232.0,6.0
2016-06-30 09:44:00,2266.0,7.0
2016-06-30 14:59:00,2324.0,7.0
2016-07-01 14:59:00,2334.0,7.0
2016-07-04 09:14:00,2376.0,0.0
2016-07-04 14:59:00,2408.0,0.0
2016-07-05 14:14:00,2380.0,1.0
2016-07-05 14:29:00,2390.0,2.0
2016-07-05 14:59:00,2389.0,2.0
2016-07-06 09:14:00,2335.0,0.0
2016-07-06 09:29:00,2322.0,-1.0
2016-07-06 09:44:00,2341.0,-3.0
2016-07-06 13:44:00,2365.0,0.0
2016-07-06 14:29:00,2358.0,1.0
2016-07-06 14:44:00,2344.0,-2.0
2016-07-06 14:59:00,2361.0,1.0
2016-07-07 09:14:00,2392.0,3.0
2016-07-07 09:29:00,2395.0,6.0
2016-07-07 09:44:00,2397.0,7.0
2016-07-07 14:59:00,2369.0,0.0
2016-07-08 09:59:00,2372.0,-2.0
2016-07-08 10:44:00,2369.0,-3.0
2016-07-08 11:29:00,2382.0,-4.0
2016-07-08 13:44:00,2376.0,-5.0
2016-07-08 14:44:00,2406.0,-3.0
2016-07-08 14:59:00,2423.0,2.0
2016-07-11 09:29:00,2363.0,1.0
2016-07-11 09:59:00,2364.0,-2.0
2016-07-11 10:44:00,2367.0,-3.0
2016-07-11 11:29:00,2399.0,-1.0
2016-07-11 13:44:00,2398.0,1.0
2016-07-11 14:14:00,2409.0,3.0
2016-07-11 14:44:00,2415.0,4.0
2016-07-11 14:59:00,2407.0,5.0
2016-07-12 09:14:00,2418.0,6.0
2016-07-12 09:29:00,2450.0,7.0
2016-07-12 14:59:00,2529.0,7.0
2016-07-13 14:59:00,2493.0,0.0
2016-07-14 14:59:00,2502.0,2.0
2016-07-15 09:14:00,2481.0,-2.0
2016-07-15 14:29:00,2502.0,2.0
2016-07-15 14:59:00,2504.0,4.0
2016-07-18 09:14:00,2412.0,-3.0
2016-07-18 09:29:00,2410.0,-6.0
2016-07-18 14:59:00,2342.0,-6.0
2016-07-19 14:59:00,2277.0,-6.0
2016-07-20 09:14:00,2314.0,0.0
2016-07-20 14:59:00,2289.0,0.0
2016-07-21 14:59:00,2374.0,0.0
2016-07-22 11:14:00,2301.0,-1.0
2016-07-22 11:29:00,2288.0,-2.0
2016-07-22 13:44:00,2295.0,-3.0
2016-07-22 13:59:00,2294.0,-4.0
2016-07-22 14:14:00,2297.0,-6.0
2016-07-22 14:29:00,2302.0,-7.0
2016-07-22 14:59:00,2291.0,-7.0
2016-07-25 09:29:00,2336.0,0.0
2016-07-25 14:59:00,2320.0,0.0
2016-07-26 09:44:00,2320.0,-1.0
2016-07-26 10:59:00,2317.0,-2.0
2016-07-26 13:59:00,2328.0,2.0
2016-07-26 14:59:00,2352.0,3.0
2016-07-27 11:14:00,2366.0,0.0
