2015-01-06 09:57:00,2624.0,1.0
2015-01-06 09:57:00,2624.0,1.0
2015-01-06 11:08:00,2622.0,2.0
2015-01-06 14:59:00,2622.0,2.0
2015-01-07 11:01:00,2579.0,0.0
2015-01-07 14:59:00,2589.0,0.0
2015-01-08 09:00:00,2585.0,-1.0
2015-01-08 14:59:00,2583.0,-1.0
2015-01-09 09:15:00,2575.0,-2.0
2015-01-09 09:29:00,2571.0,-3.0
2015-01-09 09:32:00,2566.0,-6.0
2015-01-09 11:15:00,2557.0,-7.0
2015-01-09 14:59:00,2561.0,-7.0
2015-01-12 14:59:00,2505.0,-7.0
2015-01-13 14:59:00,2512.0,-7.0
2015-01-14 14:59:00,2490.0,-7.0
2015-01-15 09:31:00,2491.0,-6.0
2015-01-15 09:58:00,2490.0,-5.0
2015-01-15 10:04:00,2497.0,-3.0
2015-01-15 10:06:00,2499.0,-1.0
2015-01-15 10:31:00,2511.0,2.0
2015-01-15 11:01:00,2507.0,3.0
2015-01-15 11:07:00,2507.0,4.0
2015-01-15 14:43:00,2512.0,5.0
2015-01-15 14:46:00,2517.0,6.0
2015-01-15 14:59:00,2520.0,6.0
2015-01-16 14:59:00,2513.0,6.0
2015-01-19 09:00:00,2490.0,3.0
2015-01-19 09:17:00,2484.0,0.0
2015-01-19 09:21:00,2482.0,-2.0
2015-01-19 10:01:00,2513.0,-1.0
2015-01-19 14:24:00,2524.0,1.0
2015-01-19 14:29:00,2526.0,2.0
2015-01-19 14:59:00,2518.0,2.0
2015-01-20 09:10:00,2493.0,1.0
2015-01-20 14:49:00,2492.0,0.0
2015-01-20 14:57:00,2490.0,-2.0
2015-01-20 14:59:00,2490.0,-2.0
2015-01-21 13:30:00,2508.0,1.0
2015-01-21 13:31:00,2506.0,2.0
2015-01-21 13:39:00,2510.0,5.0
2015-01-21 14:02:00,2491.0,0.0
2015-01-21 14:17:00,2489.0,-3.0
2015-01-21 14:58:00,2483.0,-4.0
2015-01-21 14:59:00,2476.0,-5.0
2015-01-22 14:59:00,2483.0,-5.0
2015-01-23 11:26:00,2488.0,-4.0
2015-01-23 14:59:00,2488.0,-4.0
2015-01-26 10:11:00,2478.0,-5.0
2015-01-26 10:53:00,2457.0,-6.0
2015-01-26 14:59:00,2456.0,-6.0
2015-01-27 14:59:00,2462.0,-6.0
2015-01-28 11:01:00,2473.0,-3.0
2015-01-28 11:03:00,2470.0,-2.0
2015-01-28 11:04:00,2471.0,-1.0
2015-01-28 11:29:00,2474.0,1.0
2015-01-28 13:30:00,2476.0,4.0
2015-01-28 14:52:00,2477.0,5.0
2015-01-28 14:59:00,2479.0,5.0
2015-01-29 09:43:00,2499.0,6.0
2015-01-29 10:38:00,2519.0,7.0
2015-01-29 14:59:00,2512.0,7.0
2015-01-30 11:01:00,2500.0,5.0
2015-01-30 14:59:00,2503.0,5.0
2015-02-02 09:19:00,2498.0,3.0
2015-02-02 09:21:00,2497.0,1.0
2015-02-02 11:14:00,2495.0,-2.0
2015-02-02 11:18:00,2495.0,-3.0
2015-02-02 13:32:00,2493.0,-5.0
2015-02-02 14:59:00,2502.0,-5.0
2015-02-03 09:40:00,2507.0,-1.0
2015-02-03 10:45:00,2496.0,-3.0
2015-02-03 11:03:00,2494.0,-4.0
2015-02-03 14:59:00,2491.0,-4.0
2015-02-04 09:04:00,2503.0,-2.0
2015-02-04 09:07:00,2507.0,0.0
2015-02-04 09:09:00,2510.0,3.0
2015-02-04 09:10:00,2513.0,4.0
2015-02-04 09:15:00,2526.0,5.0
2015-02-04 14:12:00,2496.0,4.0
2015-02-04 14:18:00,2491.0,0.0
2015-02-04 14:59:00,2488.0,0.0
2015-02-05 14:59:00,2494.0,0.0
2015-02-06 09:00:00,2513.0,3.0
2015-02-06 10:37:00,2514.0,4.0
2015-02-06 14:59:00,2516.0,4.0
2015-02-09 09:12:00,2500.0,2.0
2015-02-09 10:02:00,2499.0,0.0
2015-02-09 10:06:00,2497.0,-2.0
2015-02-09 11:23:00,2493.0,-4.0
2015-02-09 14:59:00,2501.0,-4.0
2015-02-10 09:49:00,2511.0,-2.0
2015-02-10 10:00:00,2515.0,3.0
2015-02-10 11:12:00,2512.0,2.0
2015-02-10 11:26:00,2511.0,3.0
2015-02-10 13:49:00,2511.0,4.0
2015-02-10 14:59:00,2513.0,4.0
2015-02-11 14:59:00,2514.0,4.0
2015-02-12 09:00:00,2502.0,-3.0
2015-02-12 11:02:00,2500.0,-4.0
2015-02-12 11:07:00,2500.0,-5.0
2015-02-12 14:59:00,2510.0,-5.0
2015-02-13 09:14:00,2515.0,-3.0
2015-02-13 09:21:00,2516.0,-1.0
2015-02-13 09:30:00,2518.0,0.0
2015-02-13 09:44:00,2518.0,2.0
2015-02-13 11:01:00,2525.0,4.0
2015-02-13 13:30:00,2532.0,5.0
2015-02-13 13:31:00,2530.0,6.0
2015-02-13 14:59:00,2532.0,6.0
2015-02-16 09:25:00,2558.0,7.0
2015-02-16 14:59:00,2546.0,7.0
2015-02-17 09:24:00,2534.0,6.0
2015-02-17 09:35:00,2534.0,5.0
2015-02-17 11:01:00,2529.0,3.0
2015-02-17 14:59:00,2542.0,3.0
2015-02-25 09:02:00,2526.0,0.0
2015-02-25 09:06:00,2522.0,-2.0
2015-02-25 09:09:00,2502.0,-7.0
2015-02-25 14:59:00,2508.0,-7.0
2015-02-26 11:26:00,2523.0,-5.0
2015-02-26 13:30:00,2524.0,-3.0
2015-02-26 14:16:00,2528.0,-1.0
2015-02-26 14:41:00,2529.0,1.0
2015-02-26 14:42:00,2532.0,3.0
2015-02-26 14:52:00,2534.0,4.0
2015-02-26 14:59:00,2532.0,4.0
2015-02-27 14:34:00,2515.0,2.0
2015-02-27 14:36:00,2514.0,-2.0
2015-02-27 14:37:00,2512.0,-3.0
2015-02-27 14:41:00,2509.0,-5.0
2015-02-27 14:43:00,2506.0,-7.0
2015-02-27 14:59:00,2498.0,-7.0
2015-03-02 14:40:00,2520.0,-4.0
2015-03-02 14:43:00,2523.0,-2.0
2015-03-02 14:59:00,2519.0,-2.0
2015-03-03 14:59:00,2513.0,-2.0
2015-03-04 14:01:00,2503.0,-3.0
2015-03-04 14:59:00,2508.0,-3.0
2015-03-05 09:00:00,2484.0,-5.0
2015-03-05 13:52:00,2477.0,-7.0
2015-03-05 14:59:00,2484.0,-7.0
2015-03-06 11:18:00,2480.0,-6.0
2015-03-06 14:59:00,2452.0,-6.0
2015-03-09 09:22:00,2439.0,-7.0
2015-03-09 14:59:00,2444.0,-7.0
2015-03-10 14:59:00,2404.0,-7.0
2015-03-11 14:59:00,2423.0,-7.0
2015-03-12 10:01:00,2430.0,-6.0
2015-03-12 10:51:00,2441.0,-1.0
2015-03-12 10:52:00,2440.0,0.0
2015-03-12 11:01:00,2441.0,1.0
2015-03-12 11:03:00,2440.0,2.0
2015-03-12 13:30:00,2451.0,3.0
2015-03-12 13:31:00,2455.0,5.0
2015-03-12 14:59:00,2446.0,5.0
2015-03-13 09:49:00,2458.0,6.0
2015-03-13 14:59:00,2447.0,6.0
2015-03-16 14:59:00,2476.0,6.0
2015-03-17 14:59:00,2472.0,6.0
2015-03-18 13:30:00,2460.0,2.0
2015-03-18 13:31:00,2460.0,0.0
2015-03-18 13:33:00,2457.0,-1.0
2015-03-18 13:34:00,2458.0,-2.0
2015-03-18 14:59:00,2457.0,-2.0
2015-03-19 14:59:00,2457.0,-2.0
2015-03-20 14:55:00,2458.0,-4.0
2015-03-20 14:59:00,2457.0,-4.0
2015-03-23 09:00:00,2495.0,4.0
2015-03-23 09:01:00,2504.0,5.0
2015-03-23 13:41:00,2509.0,7.0
2015-03-23 14:59:00,2526.0,7.0
2015-03-24 14:59:00,2525.0,7.0
2015-03-25 10:57:00,2512.0,5.0
2015-03-25 11:01:00,2509.0,4.0
2015-03-25 11:06:00,2510.0,3.0
2015-03-25 11:10:00,2508.0,1.0
2015-03-25 11:24:00,2508.0,0.0
2015-03-25 11:25:00,2504.0,-1.0
2015-03-25 13:30:00,2502.0,-3.0
2015-03-25 13:31:00,2501.0,-4.0
2015-03-25 14:59:00,2494.0,-4.0
2015-03-26 09:31:00,2480.0,-5.0
2015-03-26 09:34:00,2480.0,-6.0
2015-03-26 14:59:00,2476.0,-6.0
2015-03-27 09:44:00,2417.0,-7.0
2015-03-27 13:59:00,2452.0,-4.0
2015-03-27 14:58:00,2468.0,-2.0
2015-03-27 14:59:00,2468.0,-2.0
2015-03-30 14:59:00,2446.0,-2.0
2015-03-31 09:06:00,2432.0,-3.0
2015-03-31 13:40:00,2432.0,-4.0
2015-03-31 13:45:00,2430.0,-6.0
2015-03-31 14:59:00,2426.0,-6.0
2015-04-01 14:59:00,2388.0,-6.0
2015-04-02 14:59:00,2343.0,-6.0
2015-04-03 14:59:00,2343.0,-6.0
2015-04-07 14:59:00,2310.0,-6.0
2015-04-08 14:00:00,2332.0,-3.0
2015-04-08 14:59:00,2323.0,-3.0
2015-04-09 09:56:00,2291.0,-4.0
2015-04-09 14:57:00,2292.0,-5.0
2015-04-09 14:59:00,2289.0,-5.0
2015-04-10 09:00:00,2283.0,-6.0
2015-04-10 11:01:00,2276.0,-7.0
2015-04-10 14:59:00,2265.0,-7.0
2015-04-13 13:57:00,2281.0,-5.0
2015-04-13 13:59:00,2283.0,-3.0
2015-04-13 14:22:00,2298.0,-1.0
2015-04-13 14:23:00,2294.0,1.0
2015-04-13 14:24:00,2301.0,2.0
2015-04-13 14:36:00,2316.0,4.0
2015-04-13 14:45:00,2323.0,5.0
2015-04-13 14:59:00,2327.0,5.0
2015-04-14 14:59:00,2322.0,5.0
2015-04-15 14:33:00,2307.0,3.0
2015-04-15 14:52:00,2304.0,-1.0
2015-04-15 14:55:00,2301.0,-5.0
2015-04-15 14:56:00,2298.0,-6.0
2015-04-15 14:59:00,2297.0,-6.0
2015-04-16 09:59:00,2318.0,-2.0
2015-04-16 11:05:00,2322.0,1.0
2015-04-16 11:13:00,2321.0,3.0
2015-04-16 13:41:00,2328.0,5.0
2015-04-16 13:42:00,2326.0,6.0
2015-04-16 14:59:00,2317.0,6.0
2015-04-17 09:41:00,2313.0,5.0
2015-04-17 10:02:00,2311.0,4.0
2015-04-17 10:55:00,2313.0,5.0
2015-04-17 11:01:00,2312.0,3.0
2015-04-17 14:59:00,2311.0,3.0
2015-04-20 09:00:00,2307.0,-1.0
2015-04-20 09:02:00,2305.0,-4.0
2015-04-20 09:08:00,2296.0,-5.0
2015-04-20 14:59:00,2280.0,-5.0
2015-04-21 14:59:00,2281.0,-5.0
2015-04-22 10:59:00,2302.0,-1.0
2015-04-22 11:01:00,2301.0,1.0
2015-04-22 11:12:00,2303.0,2.0
2015-04-22 11:14:00,2304.0,3.0
2015-04-22 11:15:00,2305.0,5.0
2015-04-22 11:16:00,2307.0,6.0
2015-04-22 14:59:00,2326.0,6.0
2015-04-23 14:59:00,2322.0,6.0
2015-04-24 09:38:00,2380.0,7.0
2015-04-24 14:59:00,2377.0,7.0
2015-04-27 14:59:00,2407.0,7.0
2015-04-28 10:09:00,2405.0,6.0
2015-04-28 11:18:00,2405.0,5.0
2015-04-28 14:40:00,2389.0,3.0
2015-04-28 14:59:00,2397.0,3.0
2015-04-29 13:30:00,2384.0,2.0
2015-04-29 13:34:00,2383.0,1.0
2015-04-29 13:46:00,2378.0,0.0
2015-04-29 13:48:00,2378.0,-1.0
2015-04-29 13:58:00,2372.0,-3.0
2015-04-29 14:08:00,2364.0,-4.0
2015-04-29 14:09:00,2354.0,-5.0
2015-04-29 14:10:00,2353.0,-6.0
2015-04-29 14:59:00,2340.0,-6.0
2015-04-30 14:59:00,2365.0,-6.0
2015-05-04 09:00:00,2379.0,-4.0
2015-05-04 09:01:00,2383.0,0.0
2015-05-04 09:30:00,2385.0,1.0
2015-05-04 09:37:00,2393.0,3.0
2015-05-04 10:49:00,2411.0,4.0
2015-05-04 11:01:00,2418.0,6.0
2015-05-04 14:59:00,2413.0,6.0
2015-05-05 09:37:00,2437.0,7.0
2015-05-05 14:59:00,2430.0,7.0
2015-05-06 14:59:00,2432.0,7.0
2015-05-07 09:00:00,2409.0,2.0
2015-05-07 09:44:00,2414.0,1.0
2015-05-07 10:59:00,2407.0,0.0
2015-05-07 11:00:00,2405.0,-1.0
2015-05-07 11:01:00,2405.0,-3.0
2015-05-07 11:03:00,2406.0,-4.0
2015-05-07 14:59:00,2409.0,-4.0
2015-05-08 11:02:00,2418.0,-2.0
2015-05-08 14:59:00,2414.0,-2.0
2015-05-11 09:00:00,2430.0,3.0
2015-05-11 14:59:00,2422.0,3.0
2015-05-12 09:00:00,2396.0,0.0
2015-05-12 09:22:00,2395.0,-1.0
2015-05-12 09:26:00,2396.0,-2.0
2015-05-12 09:44:00,2400.0,-4.0
2015-05-12 13:30:00,2399.0,-6.0
2015-05-12 14:59:00,2393.0,-6.0
2015-05-13 11:02:00,2407.0,-4.0
2015-05-13 11:26:00,2390.0,-6.0
2015-05-13 14:59:00,2386.0,-6.0
2015-05-14 14:59:00,2367.0,-6.0
2015-05-15 14:30:00,2373.0,-4.0
2015-05-15 14:34:00,2376.0,0.0
2015-05-15 14:59:00,2376.0,0.0
2015-05-18 09:08:00,2376.0,1.0
2015-05-18 09:10:00,2376.0,2.0
2015-05-18 09:14:00,2377.0,3.0
2015-05-18 10:48:00,2362.0,1.0
2015-05-18 14:33:00,2362.0,0.0
2015-05-18 14:37:00,2360.0,-2.0
2015-05-18 14:52:00,2358.0,-4.0
2015-05-18 14:59:00,2356.0,-6.0
2015-05-19 14:59:00,2350.0,-6.0
2015-05-20 14:59:00,2320.0,-6.0
2015-05-21 10:41:00,2345.0,-4.0
2015-05-21 11:01:00,2343.0,-2.0
2015-05-21 13:30:00,2355.0,0.0
2015-05-21 14:59:00,2350.0,0.0
2015-05-22 09:03:00,2358.0,1.0
2015-05-22 14:59:00,2357.0,1.0
2015-05-25 09:40:00,2337.0,0.0
2015-05-25 09:44:00,2335.0,-2.0
2015-05-25 10:50:00,2353.0,0.0
2015-05-25 14:48:00,2355.0,1.0
2015-05-25 14:59:00,2354.0,1.0
2015-05-26 09:00:00,2371.0,3.0
2015-05-26 09:01:00,2371.0,4.0
2015-05-26 09:30:00,2374.0,5.0
2015-05-26 09:36:00,2380.0,6.0
2015-05-26 14:53:00,2363.0,4.0
2015-05-26 14:59:00,2359.0,4.0
2015-05-27 09:47:00,2360.0,2.0
2015-05-27 14:59:00,2363.0,2.0
2015-05-28 13:57:00,2361.0,0.0
2015-05-28 14:03:00,2354.0,-2.0
2015-05-28 14:59:00,2364.0,-2.0
2015-05-29 09:17:00,2347.0,-5.0
2015-05-29 14:59:00,2370.0,-5.0
2015-06-01 09:00:00,2374.0,-3.0
2015-06-01 09:02:00,2379.0,-1.0
2015-06-01 14:34:00,2381.0,1.0
2015-06-01 14:35:00,2384.0,3.0
2015-06-01 14:41:00,2392.0,4.0
2015-06-01 14:59:00,2383.0,4.0
2015-06-02 14:59:00,2386.0,4.0
2015-06-03 09:31:00,2370.0,0.0
2015-06-03 11:01:00,2371.0,-2.0
2015-06-03 11:15:00,2368.0,-5.0
2015-06-03 11:16:00,2367.0,-6.0
2015-06-03 14:59:00,2360.0,-7.0
2015-06-04 13:41:00,2365.0,-6.0
2015-06-04 14:59:00,2367.0,-6.0
2015-06-05 14:59:00,2352.0,-6.0
2015-06-08 14:59:00,2344.0,-6.0
2015-06-09 09:00:00,2355.0,-4.0
2015-06-09 09:23:00,2355.0,-3.0
2015-06-09 09:37:00,2357.0,-1.0
2015-06-09 09:42:00,2359.0,2.0
2015-06-09 09:44:00,2359.0,4.0
2015-06-09 11:01:00,2359.0,5.0
2015-06-09 11:04:00,2358.0,6.0
2015-06-09 14:56:00,2349.0,4.0
2015-06-09 14:59:00,2346.0,4.0
2015-06-10 09:32:00,2350.0,2.0
2015-06-10 14:44:00,2345.0,-3.0
2015-06-10 14:47:00,2342.0,-5.0
2015-06-10 14:59:00,2347.0,-5.0
2015-06-11 09:04:00,2358.0,0.0
2015-06-11 11:22:00,2358.0,2.0
2015-06-11 13:32:00,2359.0,4.0
2015-06-11 14:59:00,2364.0,4.0
2015-06-12 09:00:00,2336.0,-4.0
2015-06-12 11:01:00,2323.0,-6.0
2015-06-12 14:56:00,2317.0,-7.0
2015-06-12 14:59:00,2309.0,-7.0
2015-06-15 14:59:00,2291.0,-7.0
2015-06-16 14:59:00,2256.0,-7.0
2015-06-17 14:59:00,2234.0,-7.0
2015-06-18 09:24:00,2249.0,-6.0
2015-06-18 09:25:00,2249.0,-5.0
2015-06-18 09:45:00,2260.0,-4.0
2015-06-18 09:46:00,2258.0,-3.0
2015-06-18 11:01:00,2258.0,-2.0
2015-06-18 11:06:00,2259.0,-1.0
2015-06-18 14:07:00,2258.0,0.0
2015-06-18 14:20:00,2257.0,1.0
2015-06-18 14:30:00,2259.0,2.0
2015-06-18 14:31:00,2259.0,3.0
2015-06-18 14:59:00,2256.0,3.0
2015-06-19 09:00:00,2267.0,4.0
2015-06-19 09:01:00,2267.0,5.0
2015-06-19 09:04:00,2269.0,7.0
2015-06-19 14:55:00,2257.0,5.0
2015-06-19 14:59:00,2257.0,5.0
2015-06-23 09:02:00,2249.0,3.0
2015-06-23 09:04:00,2248.0,1.0
2015-06-23 09:32:00,2247.0,-2.0
2015-06-23 09:34:00,2246.0,-4.0
2015-06-23 09:39:00,2244.0,-5.0
2015-06-23 14:59:00,2251.0,-5.0
2015-06-24 09:00:00,2255.0,-3.0
2015-06-24 13:33:00,2255.0,0.0
2015-06-24 14:59:00,2254.0,0.0
2015-06-25 09:09:00,2241.0,-1.0
2015-06-25 09:24:00,2240.0,-2.0
2015-06-25 11:06:00,2239.0,-4.0
2015-06-25 14:59:00,2232.0,-4.0
2015-06-26 09:28:00,2250.0,0.0
2015-06-26 14:36:00,2229.0,-2.0
2015-06-26 14:39:00,2223.0,-4.0
2015-06-26 14:59:00,2230.0,-4.0
2015-06-29 13:34:00,2214.0,-5.0
2015-06-29 14:59:00,2201.0,-5.0
2015-06-30 09:00:00,2155.0,-6.0
2015-06-30 09:25:00,2124.0,-7.0
2015-06-30 13:46:00,2161.0,-4.0
2015-06-30 14:59:00,2158.0,-4.0
2015-07-01 14:59:00,2151.0,-4.0
2015-07-02 11:18:00,2165.0,-3.0
2015-07-02 11:23:00,2166.0,-2.0
2015-07-02 11:25:00,2167.0,-1.0
2015-07-02 11:29:00,2170.0,0.0
2015-07-02 14:59:00,2158.0,0.0
2015-07-03 09:01:00,2170.0,1.0
2015-07-03 10:01:00,2154.0,0.0
2015-07-03 10:56:00,2164.0,1.0
2015-07-03 14:44:00,2154.0,0.0
2015-07-03 14:59:00,2153.0,0.0
2015-07-06 09:00:00,2090.0,-6.0
2015-07-06 11:10:00,2065.0,-7.0
2015-07-06 14:59:00,2057.0,-7.0
2015-07-07 14:59:00,1972.0,-7.0
2015-07-08 09:01:00,1967.0,-6.0
2015-07-08 14:59:00,1911.0,-6.0
2015-07-09 09:00:00,1986.0,-3.0
2015-07-09 09:55:00,1985.0,-2.0
2015-07-09 09:56:00,1988.0,-1.0
2015-07-09 09:57:00,1993.0,0.0
2015-07-09 09:59:00,1999.0,1.0
2015-07-09 10:09:00,2004.0,2.0
2015-07-09 11:02:00,2002.0,3.0
2015-07-09 13:32:00,2024.0,4.0
2015-07-09 14:41:00,2025.0,1.0
2015-07-09 14:43:00,2026.0,3.0
2015-07-09 14:44:00,2022.0,1.0
2015-07-09 14:45:00,2026.0,3.0
2015-07-09 14:46:00,2022.0,1.0
2015-07-09 14:49:00,2027.0,3.0
2015-07-09 14:52:00,2020.0,1.0
2015-07-09 14:56:00,2028.0,3.0
2015-07-09 14:59:00,2026.0,3.0
2015-07-10 09:00:00,2064.0,4.0
2015-07-10 14:32:00,2044.0,1.0
2015-07-10 14:59:00,2036.0,0.0
2015-07-13 13:44:00,2036.0,-1.0
2015-07-13 13:50:00,2033.0,-2.0
2015-07-13 14:14:00,2027.0,-3.0
2015-07-13 14:32:00,2020.0,-4.0
2015-07-13 14:59:00,2033.0,-4.0
2015-07-14 09:09:00,2059.0,-2.0
2015-07-14 09:44:00,2053.0,-1.0
2015-07-14 14:59:00,2035.0,-1.0
2015-07-15 09:48:00,2029.0,-2.0
2015-07-15 09:52:00,2028.0,-3.0
2015-07-15 09:54:00,2024.0,-4.0
2015-07-15 13:44:00,2016.0,-6.0
2015-07-15 14:59:00,2017.0,-6.0
2015-07-16 11:28:00,2028.0,-2.0
2015-07-16 11:29:00,2033.0,-1.0
2015-07-16 14:59:00,2028.0,-1.0
2015-07-17 14:43:00,2031.0,0.0
2015-07-17 14:59:00,2032.0,0.0
2015-07-20 09:00:00,2067.0,4.0
2015-07-20 09:01:00,2078.0,6.0
2015-07-20 14:59:00,2096.0,6.0
2015-07-21 09:24:00,2089.0,5.0
2015-07-21 10:32:00,2081.0,4.0
2015-07-21 10:33:00,2083.0,5.0
2015-07-21 10:34:00,2080.0,4.0
2015-07-21 10:37:00,2084.0,5.0
2015-07-21 10:38:00,2082.0,4.0
2015-07-21 10:41:00,2084.0,5.0
2015-07-21 10:42:00,2082.0,4.0
2015-07-21 11:00:00,2071.0,3.0
2015-07-21 14:59:00,2069.0,3.0
2015-07-22 09:08:00,2068.0,2.0
2015-07-22 09:09:00,2068.0,1.0
2015-07-22 09:27:00,2065.0,0.0
2015-07-22 09:45:00,2061.0,-2.0
2015-07-22 09:57:00,2059.0,-3.0
2015-07-22 11:01:00,2053.0,-4.0
2015-07-22 13:30:00,2041.0,-3.0
2015-07-22 13:47:00,2023.0,-4.0
2015-07-22 14:59:00,2021.0,-4.0
2015-07-23 14:59:00,2037.0,-4.0
2015-07-24 13:30:00,2045.0,-2.0
2015-07-24 14:59:00,2028.0,-2.0
2015-07-27 09:00:00,2067.0,5.0
2015-07-27 14:53:00,2055.0,3.0
2015-07-27 14:59:00,2060.0,3.0
2015-07-28 09:11:00,2068.0,4.0
2015-07-28 11:03:00,2076.0,6.0
2015-07-28 14:59:00,2060.0,6.0
2015-07-29 09:23:00,2090.0,7.0
2015-07-29 14:59:00,2104.0,7.0
2015-07-30 14:59:00,2083.0,7.0
2015-07-31 14:59:00,2101.0,7.0
2015-08-03 13:40:00,2099.0,4.0
2015-08-03 14:47:00,2091.0,3.0
2015-08-03 14:48:00,2088.0,2.0
2015-08-03 14:59:00,2088.0,2.0
2015-08-04 14:59:00,2105.0,2.0
2015-08-05 11:18:00,2093.0,1.0
2015-08-05 11:19:00,2093.0,0.0
2015-08-05 14:25:00,2104.0,1.0
2015-08-05 14:38:00,2099.0,0.0
2015-08-05 14:57:00,2105.0,1.0
2015-08-05 14:59:00,2105.0,1.0
2015-08-06 09:00:00,2093.0,0.0
2015-08-06 09:08:00,2089.0,-2.0
2015-08-06 09:09:00,2089.0,-3.0
2015-08-06 09:21:00,2087.0,-4.0
2015-08-06 09:26:00,2083.0,-5.0
2015-08-06 11:08:00,2086.0,-6.0
2015-08-06 14:59:00,2086.0,-6.0
2015-08-07 14:59:00,2072.0,-6.0
2015-08-10 13:30:00,2052.0,-7.0
2015-08-10 14:59:00,2054.0,-7.0
2015-08-11 09:06:00,2075.0,-5.0
2015-08-11 09:19:00,2077.0,-4.0
2015-08-11 10:01:00,2070.0,-3.0
2015-08-11 10:02:00,2070.0,-2.0
2015-08-11 11:20:00,2075.0,-1.0
2015-08-11 11:22:00,2076.0,0.0
2015-08-11 14:58:00,2057.0,-1.0
2015-08-11 14:59:00,2056.0,-1.0
2015-08-12 14:59:00,2076.0,1.0
2015-08-13 09:01:00,2094.0,2.0
2015-08-13 09:58:00,2095.0,3.0
2015-08-13 10:02:00,2095.0,4.0
2015-08-13 13:43:00,2096.0,6.0
2015-08-13 14:59:00,2098.0,6.0
2015-08-14 14:59:00,2091.0,6.0
2015-08-17 09:00:00,2081.0,-1.0
2015-08-17 09:04:00,2078.0,-2.0
2015-08-17 09:21:00,2075.0,-3.0
2015-08-17 09:30:00,2075.0,-4.0
2015-08-17 11:23:00,2073.0,-6.0
2015-08-17 14:59:00,2066.0,-7.0
2015-08-18 14:59:00,2056.0,-7.0
2015-08-19 14:57:00,2052.0,-5.0
2015-08-19 14:59:00,2050.0,-5.0
2015-08-20 11:28:00,2036.0,-7.0
2015-08-20 14:59:00,2032.0,-7.0
2015-08-21 14:59:00,2025.0,-7.0
2015-08-24 14:59:00,1938.0,-7.0
2015-08-25 14:59:00,1938.0,-7.0
2015-08-26 11:20:00,1957.0,-6.0
2015-08-26 11:21:00,1957.0,-5.0
2015-08-26 14:59:00,1942.0,-5.0
2015-08-27 09:05:00,1960.0,-4.0
2015-08-27 09:15:00,1965.0,-3.0
2015-08-27 09:16:00,1967.0,-1.0
2015-08-27 09:18:00,1968.0,2.0
2015-08-27 09:22:00,1969.0,3.0
2015-08-27 09:23:00,1975.0,4.0
2015-08-27 09:26:00,1976.0,5.0
2015-08-27 11:01:00,1966.0,6.0
2015-08-27 11:03:00,1965.0,7.0
2015-08-27 14:59:00,1971.0,7.0
2015-08-28 14:59:00,1978.0,7.0
2015-08-31 09:00:00,1963.0,4.0
2015-08-31 09:20:00,1957.0,2.0
2015-08-31 09:27:00,1957.0,0.0
2015-08-31 11:04:00,1959.0,-2.0
2015-08-31 14:59:00,1954.0,-3.0
2015-09-01 14:59:00,1964.0,-3.0
2015-09-02 09:00:00,1955.0,-5.0
2015-09-02 11:00:00,1951.0,-6.0
2015-09-02 14:59:00,1956.0,-6.0
2015-09-07 09:00:00,1927.0,-4.0
2015-09-07 09:01:00,1938.0,-5.0
2015-09-07 09:25:00,1928.0,-6.0
2015-09-07 11:01:00,1922.0,-7.0
2015-09-07 14:59:00,1922.0,-7.0
2015-09-08 11:05:00,1930.0,-6.0
2015-09-08 11:10:00,1930.0,-5.0
2015-09-08 14:10:00,1931.0,-3.0
2015-09-08 14:29:00,1939.0,-1.0
2015-09-08 14:34:00,1941.0,0.0
2015-09-08 14:42:00,1941.0,2.0
2015-09-08 14:43:00,1941.0,3.0
2015-09-08 14:52:00,1947.0,5.0
2015-09-08 14:59:00,1950.0,5.0
2015-09-09 14:06:00,1955.0,3.0
2015-09-09 14:52:00,1949.0,1.0
2015-09-09 14:59:00,1951.0,1.0
2015-09-10 14:00:00,1966.0,2.0
2015-09-10 14:03:00,1969.0,3.0
2015-09-10 14:59:00,1959.0,3.0
2015-09-11 14:38:00,1951.0,2.0
2015-09-11 14:39:00,1949.0,0.0
2015-09-11 14:59:00,1948.0,-2.0
2015-09-14 09:00:00,1935.0,-5.0
2015-09-14 10:39:00,1939.0,-4.0
2015-09-14 14:59:00,1934.0,-4.0
2015-09-15 14:50:00,1916.0,-5.0
2015-09-15 14:56:00,1914.0,-6.0
2015-09-15 14:59:00,1915.0,-6.0
2015-09-16 09:00:00,1936.0,-5.0
2015-09-16 09:01:00,1938.0,-4.0
2015-09-16 09:44:00,1933.0,-3.0
2015-09-16 09:45:00,1933.0,-2.0
2015-09-16 14:42:00,1938.0,-1.0
2015-09-16 14:59:00,1938.0,-1.0
2015-09-17 09:01:00,1939.0,0.0
2015-09-17 10:31:00,1941.0,1.0
2015-09-17 11:17:00,1941.0,2.0
2015-09-17 11:23:00,1940.0,3.0
2015-09-17 14:04:00,1945.0,5.0
2015-09-17 14:54:00,1932.0,3.0
2015-09-17 14:59:00,1931.0,3.0
2015-09-18 10:59:00,1930.0,1.0
2015-09-18 13:42:00,1926.0,-1.0
2015-09-18 14:22:00,1924.0,-3.0
2015-09-18 14:59:00,1927.0,-3.0
2015-09-21 09:40:00,1914.0,-5.0
2015-09-21 14:59:00,1909.0,-5.0
2015-09-22 14:59:00,1896.0,-5.0
2015-09-23 14:08:00,1905.0,0.0
2015-09-23 14:59:00,1906.0,0.0
2015-09-24 11:02:00,1895.0,-1.0
2015-09-24 11:15:00,1893.0,-3.0
2015-09-24 14:59:00,1896.0,-3.0
2015-09-25 09:00:00,1906.0,1.0
2015-09-25 09:01:00,1905.0,2.0
2015-09-25 09:43:00,1907.0,3.0
2015-09-25 09:45:00,1907.0,4.0
2015-09-25 09:49:00,1907.0,5.0
2015-09-25 14:56:00,1892.0,1.0
2015-09-25 14:59:00,1893.0,1.0
2015-09-28 09:00:00,1879.0,-4.0
2015-09-28 09:59:00,1877.0,-6.0
2015-09-28 14:40:00,1866.0,-7.0
2015-09-28 14:59:00,1862.0,-7.0
2015-09-29 14:59:00,1836.0,-7.0
2015-09-30 14:59:00,1826.0,-7.0
2015-10-08 10:30:00,1836.0,-6.0
2015-10-08 10:31:00,1835.0,-5.0
2015-10-08 10:37:00,1845.0,-3.0
2015-10-08 10:38:00,1843.0,-2.0
2015-10-08 10:40:00,1847.0,-1.0
2015-10-08 10:41:00,1852.0,0.0
2015-10-08 11:01:00,1845.0,2.0
2015-10-08 14:59:00,1833.0,2.0
2015-10-09 10:33:00,1846.0,4.0
2015-10-09 13:31:00,1855.0,5.0
2015-10-09 14:59:00,1860.0,5.0
2015-10-12 14:59:00,1855.0,5.0
2015-10-13 09:00:00,1843.0,1.0
2015-10-13 09:03:00,1839.0,-2.0
2015-10-13 09:06:00,1838.0,-3.0
2015-10-13 11:01:00,1832.0,-5.0
2015-10-13 14:56:00,1847.0,-3.0
2015-10-13 14:59:00,1846.0,-3.0
2015-10-14 09:31:00,1847.0,-2.0
2015-10-14 14:59:00,1837.0,-2.0
2015-10-15 10:09:00,1844.0,0.0
2015-10-15 11:05:00,1847.0,1.0
2015-10-15 14:20:00,1849.0,3.0
2015-10-15 14:59:00,1841.0,3.0
2015-10-16 09:00:00,1835.0,0.0
2015-10-16 09:29:00,1832.0,-1.0
2015-10-16 09:30:00,1831.0,-2.0
2015-10-16 09:35:00,1831.0,-3.0
2015-10-16 09:44:00,1830.0,-4.0
2015-10-16 14:59:00,1836.0,-4.0
2015-10-19 09:03:00,1843.0,-2.0
2015-10-19 11:29:00,1832.0,-4.0
2015-10-19 13:30:00,1822.0,-7.0
2015-10-19 14:59:00,1815.0,-7.0
2015-10-20 14:59:00,1809.0,-7.0
2015-10-21 14:59:00,1808.0,-7.0
2015-10-22 09:00:00,1820.0,-2.0
2015-10-22 14:59:00,1806.0,-2.0
2015-10-23 09:04:00,1802.0,-4.0
2015-10-23 09:05:00,1800.0,-5.0
2015-10-23 09:06:00,1799.0,-6.0
2015-10-23 13:58:00,1788.0,-7.0
2015-10-23 14:59:00,1802.0,-7.0
2015-10-26 14:59:00,1797.0,-7.0
2015-10-27 10:35:00,1806.0,-1.0
2015-10-27 10:41:00,1808.0,0.0
2015-10-27 11:01:00,1809.0,1.0
2015-10-27 11:04:00,1807.0,2.0
2015-10-27 14:59:00,1803.0,2.0
2015-10-28 09:44:00,1796.0,0.0
2015-10-28 10:32:00,1790.0,-4.0
2015-10-28 11:21:00,1791.0,-6.0
2015-10-28 14:59:00,1794.0,-6.0
2015-10-29 09:55:00,1798.0,-5.0
2015-10-29 09:57:00,1798.0,-4.0
2015-10-29 11:01:00,1798.0,-2.0
2015-10-29 14:59:00,1797.0,-2.0
2015-10-30 09:31:00,1792.0,-4.0
2015-10-30 11:20:00,1792.0,-6.0
2015-10-30 14:59:00,1788.0,-6.0
2015-11-02 09:53:00,1795.0,-4.0
2015-11-02 10:02:00,1797.0,0.0
2015-11-02 10:14:00,1798.0,2.0
2015-11-02 10:30:00,1799.0,4.0
2015-11-02 14:59:00,1792.0,4.0
2015-11-03 09:00:00,1786.0,-3.0
2015-11-03 09:08:00,1784.0,-4.0
2015-11-03 09:53:00,1781.0,-6.0
2015-11-03 14:59:00,1778.0,-6.0
2015-11-04 14:59:00,1780.0,-6.0
2015-11-05 14:59:00,1777.0,-6.0
2015-11-06 09:44:00,1781.0,-4.0
2015-11-06 10:50:00,1783.0,-2.0
2015-11-06 11:00:00,1785.0,0.0
2015-11-06 11:01:00,1786.0,4.0
2015-11-06 14:59:00,1788.0,4.0
2015-11-09 14:59:00,1796.0,4.0
2015-11-10 13:30:00,1791.0,2.0
2015-11-10 13:33:00,1790.0,0.0
2015-11-10 13:36:00,1789.0,-2.0
2015-11-10 14:08:00,1786.0,-3.0
2015-11-10 14:25:00,1785.0,-4.0
2015-11-10 14:59:00,1790.0,-4.0
2015-11-11 14:59:00,1771.0,-4.0
2015-11-12 09:55:00,1762.0,-6.0
2015-11-12 14:59:00,1763.0,-6.0
2015-11-13 11:01:00,1767.0,-4.0
2015-11-13 14:59:00,1760.0,-4.0
2015-11-16 09:18:00,1767.0,-2.0
2015-11-16 09:21:00,1768.0,4.0
2015-11-16 13:37:00,1759.0,2.0
2015-11-16 14:29:00,1756.0,0.0
2015-11-16 14:46:00,1757.0,-2.0
2015-11-16 14:59:00,1757.0,-2.0
2015-11-17 09:57:00,1755.0,-4.0
2015-11-17 14:59:00,1754.0,-4.0
2015-11-18 09:00:00,1748.0,-5.0
2015-11-18 11:25:00,1737.0,-6.0
2015-11-18 14:31:00,1732.0,-7.0
2015-11-18 14:59:00,1736.0,-7.0
2015-11-19 14:59:00,1707.0,-7.0
2015-11-20 14:59:00,1697.0,-7.0
2015-11-23 14:59:00,1659.0,-7.0
2015-11-24 14:59:00,1669.0,-7.0
2015-11-25 09:00:00,1683.0,-4.0
2015-11-25 09:01:00,1682.0,-3.0
2015-11-25 09:18:00,1680.0,-2.0
2015-11-25 13:46:00,1675.0,-1.0
2015-11-25 13:56:00,1671.0,-2.0
2015-11-25 14:12:00,1679.0,-1.0
2015-11-25 14:59:00,1674.0,-1.0
2015-11-26 09:29:00,1687.0,0.0
2015-11-26 09:34:00,1688.0,1.0
2015-11-26 09:40:00,1695.0,2.0
2015-11-26 11:02:00,1683.0,3.0
2015-11-26 11:08:00,1684.0,4.0
2015-11-26 13:30:00,1706.0,5.0
2015-11-26 14:41:00,1684.0,2.0
2015-11-26 14:59:00,1677.0,2.0
2015-11-27 09:30:00,1669.0,0.0
2015-11-27 09:48:00,1668.0,-1.0
2015-11-27 09:54:00,1667.0,-2.0
2015-11-27 09:56:00,1664.0,-3.0
2015-11-27 11:19:00,1658.0,-4.0
2015-11-27 11:22:00,1658.0,-6.0
2015-11-27 14:59:00,1656.0,-6.0
2015-11-30 14:59:00,1624.0,-6.0
2015-12-01 14:00:00,1633.0,-5.0
2015-12-01 14:01:00,1637.0,-3.0
2015-12-01 14:03:00,1636.0,-2.0
2015-12-01 14:59:00,1629.0,-2.0
2015-12-02 09:00:00,1665.0,1.0
2015-12-02 09:01:00,1663.0,3.0
2015-12-02 09:57:00,1664.0,5.0
2015-12-02 11:17:00,1649.0,4.0
2015-12-02 11:19:00,1650.0,5.0
2015-12-02 14:59:00,1655.0,5.0
2015-12-03 11:01:00,1642.0,3.0
2015-12-03 13:40:00,1633.0,0.0
2015-12-03 14:48:00,1630.0,-2.0
2015-12-03 14:55:00,1629.0,-3.0
2015-12-03 14:59:00,1631.0,-3.0
2015-12-04 09:21:00,1627.0,-5.0
2015-12-04 13:37:00,1646.0,-3.0
2015-12-04 14:59:00,1642.0,-3.0
2015-12-07 09:05:00,1645.0,-1.0
2015-12-07 09:08:00,1651.0,0.0
2015-12-07 09:10:00,1654.0,1.0
2015-12-07 09:13:00,1659.0,3.0
2015-12-07 14:59:00,1662.0,3.0
2015-12-08 09:58:00,1642.0,1.0
2015-12-08 14:59:00,1649.0,1.0
2015-12-09 14:59:00,1651.0,1.0
2015-12-10 09:00:00,1643.0,-2.0
2015-12-10 09:06:00,1640.0,-3.0
2015-12-10 11:22:00,1644.0,-2.0
2015-12-10 14:02:00,1639.0,-3.0
2015-12-10 14:59:00,1642.0,-3.0
2015-12-11 11:05:00,1648.0,-2.0
2015-12-11 11:15:00,1650.0,1.0
2015-12-11 13:50:00,1652.0,3.0
2015-12-11 14:39:00,1652.0,4.0
2015-12-11 14:59:00,1652.0,4.0
2015-12-14 09:48:00,1646.0,2.0
2015-12-14 10:55:00,1655.0,3.0
2015-12-14 10:59:00,1660.0,4.0
2015-12-14 14:59:00,1660.0,4.0
2015-12-15 14:59:00,1656.0,4.0
2015-12-16 14:59:00,1671.0,4.0
2015-12-17 09:50:00,1690.0,5.0
2015-12-17 14:59:00,1679.0,5.0
2015-12-18 13:33:00,1703.0,6.0
2015-12-18 14:17:00,1708.0,7.0
2015-12-18 14:59:00,1713.0,7.0
2015-12-21 09:01:00,1743.0,6.0
2015-12-21 14:59:00,1752.0,6.0
2015-12-22 09:55:00,1738.0,5.0
2015-12-22 11:01:00,1726.0,4.0
2015-12-22 11:07:00,1726.0,3.0
2015-12-22 14:59:00,1737.0,3.0
2015-12-23 09:00:00,1723.0,0.0
2015-12-23 09:01:00,1724.0,-1.0
2015-12-23 09:12:00,1723.0,-2.0
2015-12-23 09:30:00,1716.0,-3.0
2015-12-23 14:59:00,1723.0,-3.0
2015-12-24 09:26:00,1740.0,-1.0
2015-12-24 13:32:00,1742.0,1.0
2015-12-24 13:33:00,1745.0,6.0
2015-12-24 14:59:00,1731.0,6.0
2015-12-25 14:59:00,1742.0,6.0
2015-12-28 09:10:00,1729.0,5.0
2015-12-28 09:11:00,1730.0,4.0
2015-12-28 09:25:00,1729.0,2.0
2015-12-28 09:27:00,1728.0,0.0
2015-12-28 09:31:00,1727.0,-2.0
2015-12-28 13:42:00,1745.0,1.0
2015-12-28 14:03:00,1746.0,2.0
2015-12-28 14:24:00,1750.0,3.0
2015-12-28 14:59:00,1745.0,3.0
2015-12-29 09:11:00,1763.0,4.0
2015-12-29 13:30:00,1779.0,5.0
2015-12-29 13:46:00,1791.0,6.0
2015-12-29 14:59:00,1784.0,6.0
2015-12-30 09:21:00,1799.0,7.0
2015-12-30 14:20:00,1782.0,6.0
2015-12-30 14:21:00,1781.0,5.0
2015-12-30 14:59:00,1783.0,5.0
2015-12-31 09:02:00,1796.0,6.0
2015-12-31 14:59:00,1786.0,6.0
2016-01-04 11:15:00,1793.0,3.0
2016-01-04 13:30:00,1789.0,1.0
2016-01-04 14:26:00,1780.0,0.0
2016-01-04 14:27:00,1777.0,-2.0
2016-01-04 14:28:00,1780.0,-3.0
2016-01-04 14:59:00,1779.0,-3.0
2016-01-05 09:03:00,1769.0,-4.0
2016-01-05 14:59:00,1790.0,-4.0
2016-01-06 14:58:00,1776.0,-5.0
2016-01-06 14:59:00,1777.0,-5.0
2016-01-07 09:00:00,1783.0,-3.0
2016-01-07 10:01:00,1770.0,-4.0
2016-01-07 14:59:00,1775.0,-4.0
2016-01-08 09:00:00,1770.0,-6.0
2016-01-08 14:59:00,1761.0,-6.0
2016-01-11 14:12:00,1770.0,-5.0
2016-01-11 14:14:00,1770.0,-4.0
2016-01-11 14:15:00,1771.0,-3.0
2016-01-11 14:59:00,1759.0,-3.0
2016-01-12 09:05:00,1751.0,-4.0
2016-01-12 11:09:00,1747.0,-6.0
2016-01-12 14:59:00,1741.0,-6.0
2016-01-13 14:59:00,1741.0,-6.0
2016-01-14 09:59:00,1745.0,-5.0
2016-01-14 10:01:00,1745.0,-4.0
2016-01-14 10:31:00,1749.0,0.0
2016-01-14 11:12:00,1749.0,2.0
2016-01-14 11:14:00,1750.0,4.0
2016-01-14 11:15:00,1750.0,5.0
2016-01-14 13:31:00,1750.0,6.0
2016-01-14 14:59:00,1759.0,7.0
2016-01-15 14:59:00,1778.0,7.0
2016-01-18 14:59:00,1827.0,7.0
2016-01-19 14:59:00,1840.0,7.0
2016-01-20 09:40:00,1823.0,6.0
2016-01-20 09:41:00,1823.0,5.0
2016-01-20 09:44:00,1821.0,4.0
2016-01-20 09:45:00,1822.0,3.0
2016-01-20 11:25:00,1817.0,2.0
2016-01-20 11:26:00,1815.0,-2.0
2016-01-20 11:27:00,1816.0,-4.0
2016-01-20 13:30:00,1815.0,-5.0
2016-01-20 14:59:00,1818.0,-5.0
2016-01-21 14:59:00,1808.0,-5.0
2016-01-22 09:00:00,1841.0,4.0
2016-01-22 14:59:00,1823.0,4.0
2016-01-25 11:01:00,1846.0,6.0
2016-01-25 11:08:00,1851.0,7.0
2016-01-25 14:59:00,1839.0,7.0
2016-01-26 14:59:00,1844.0,7.0
2016-01-27 14:59:00,1861.0,7.0
2016-01-28 11:12:00,1840.0,6.0
2016-01-28 11:13:00,1837.0,3.0
2016-01-28 11:14:00,1839.0,2.0
2016-01-28 13:40:00,1834.0,0.0
2016-01-28 13:44:00,1833.0,-2.0
2016-01-28 13:52:00,1832.0,-3.0
2016-01-28 14:34:00,1825.0,-5.0
2016-01-28 14:53:00,1817.0,-6.0
2016-01-28 14:59:00,1815.0,-6.0
2016-01-29 14:59:00,1814.0,-6.0
2016-02-01 09:28:00,1835.0,-5.0
2016-02-01 14:59:00,1819.0,-5.0
2016-02-02 09:40:00,1815.0,-6.0
2016-02-02 09:43:00,1814.0,-7.0
2016-02-02 14:59:00,1815.0,-7.0
2016-02-03 11:01:00,1819.0,-6.0
2016-02-03 11:07:00,1819.0,-5.0
2016-02-03 11:11:00,1821.0,-3.0
2016-02-03 11:23:00,1824.0,-1.0
2016-02-03 14:00:00,1823.0,0.0
2016-02-03 14:03:00,1823.0,1.0
2016-02-03 14:07:00,1825.0,2.0
2016-02-03 14:10:00,1827.0,3.0
2016-02-03 14:59:00,1825.0,3.0
2016-02-04 09:03:00,1844.0,4.0
2016-02-04 09:21:00,1852.0,5.0
2016-02-04 09:30:00,1852.0,6.0
2016-02-04 14:59:00,1850.0,6.0
2016-02-05 11:07:00,1835.0,4.0
2016-02-05 14:00:00,1830.0,2.0
2016-02-05 14:59:00,1842.0,2.0
2016-02-15 10:00:00,1851.0,4.0
2016-02-15 10:31:00,1851.0,5.0
2016-02-15 11:01:00,1857.0,7.0
2016-02-15 14:59:00,1871.0,7.0
2016-02-16 14:59:00,1864.0,7.0
2016-02-17 11:26:00,1860.0,4.0
2016-02-17 11:27:00,1859.0,1.0
2016-02-17 14:27:00,1858.0,0.0
2016-02-17 14:59:00,1860.0,0.0
2016-02-18 14:55:00,1866.0,2.0
2016-02-18 14:56:00,1867.0,4.0
2016-02-18 14:59:00,1868.0,4.0
2016-02-19 09:00:00,1869.0,5.0
2016-02-19 10:30:00,1871.0,6.0
2016-02-19 14:59:00,1889.0,6.0
2016-02-22 09:13:00,1946.0,7.0
2016-02-22 14:59:00,1948.0,7.0
2016-02-23 11:22:00,1918.0,5.0
2016-02-23 11:23:00,1918.0,4.0
2016-02-23 11:24:00,1918.0,3.0
2016-02-23 14:56:00,1919.0,2.0
2016-02-23 14:57:00,1917.0,0.0
2016-02-23 14:58:00,1918.0,-1.0
2016-02-23 14:59:00,1920.0,-1.0
2016-02-24 09:00:00,1911.0,-2.0
2016-02-24 09:14:00,1912.0,-3.0
2016-02-24 14:59:00,1919.0,-3.0
2016-02-25 09:00:00,1936.0,2.0
2016-02-25 09:04:00,1938.0,3.0
2016-02-25 09:06:00,1940.0,4.0
2016-02-25 14:59:00,1916.0,4.0
2016-02-26 09:00:00,1894.0,-2.0
2016-02-26 14:11:00,1912.0,-1.0
2016-02-26 14:59:00,1909.0,-1.0
2016-02-29 10:11:00,1927.0,0.0
2016-02-29 10:51:00,1930.0,-1.0
2016-02-29 11:01:00,1932.0,0.0
2016-02-29 11:03:00,1931.0,1.0
2016-02-29 11:07:00,1937.0,4.0
2016-02-29 14:57:00,1950.0,6.0
2016-02-29 14:59:00,1952.0,6.0
2016-03-01 09:36:00,1963.0,7.0
2016-03-01 14:59:00,1977.0,7.0
2016-03-02 14:59:00,1986.0,7.0
2016-03-03 11:05:00,1973.0,6.0
2016-03-03 11:06:00,1972.0,5.0
2016-03-03 11:08:00,1971.0,4.0
2016-03-03 11:10:00,1971.0,3.0
2016-03-03 11:14:00,1969.0,1.0
2016-03-03 13:42:00,1969.0,0.0
2016-03-03 13:43:00,1969.0,-1.0
2016-03-03 13:44:00,1968.0,-2.0
2016-03-03 13:45:00,1966.0,-4.0
2016-03-03 14:59:00,1967.0,-4.0
2016-03-04 09:02:00,1990.0,-2.0
2016-03-04 09:03:00,1992.0,0.0
2016-03-04 09:45:00,1962.0,-3.0
2016-03-04 09:52:00,1955.0,-5.0
2016-03-04 14:33:00,1986.0,-3.0
2016-03-04 14:59:00,1990.0,-2.0
2016-03-07 09:00:00,2072.0,4.0
2016-03-07 14:59:00,2072.0,4.0
2016-03-08 10:06:00,2145.0,1.0
2016-03-08 10:09:00,2096.0,0.0
2016-03-08 10:10:00,2135.0,1.0
2016-03-08 10:47:00,2114.0,0.0
2016-03-08 11:18:00,2123.0,1.0
2016-03-08 11:19:00,2120.0,0.0
2016-03-08 11:25:00,2130.0,1.0
2016-03-08 14:57:00,2192.0,2.0
2016-03-08 14:59:00,2192.0,2.0
2016-03-09 09:00:00,2053.0,1.0
2016-03-09 09:23:00,2067.0,2.0
2016-03-09 09:45:00,2061.0,1.0
2016-03-09 14:08:00,2089.0,2.0
2016-03-09 14:22:00,2072.0,1.0
2016-03-09 14:37:00,2085.0,2.0
2016-03-09 14:48:00,2074.0,1.0
2016-03-09 14:59:00,2080.0,1.0
2016-03-10 09:00:00,2147.0,2.0
2016-03-10 09:01:00,2139.0,1.0
2016-03-10 09:02:00,2133.0,0.0
2016-03-10 14:59:00,2106.0,0.0
2016-03-11 13:42:00,2066.0,-1.0
2016-03-11 13:46:00,2064.0,-2.0
2016-03-11 13:52:00,2058.0,-4.0
2016-03-11 13:53:00,2056.0,-5.0
2016-03-11 14:59:00,2049.0,-5.0
2016-03-14 10:14:00,2061.0,-4.0
2016-03-14 10:30:00,2064.0,-3.0
2016-03-14 10:59:00,2089.0,0.0
2016-03-14 11:15:00,2060.0,-1.0
2016-03-14 11:19:00,2062.0,0.0
2016-03-14 11:21:00,2059.0,-1.0
2016-03-14 11:22:00,2061.0,0.0
2016-03-14 11:26:00,2059.0,-1.0
2016-03-14 14:52:00,2021.0,-2.0
2016-03-14 14:55:00,2008.0,-3.0
2016-03-14 14:59:00,2005.0,-3.0
2016-03-15 14:59:00,1988.0,-3.0
2016-03-16 09:59:00,2020.0,-2.0
2016-03-16 13:45:00,2017.0,-1.0
2016-03-16 14:28:00,2018.0,0.0
2016-03-16 14:31:00,2017.0,1.0
2016-03-16 14:46:00,2021.0,2.0
2016-03-16 14:59:00,2026.0,3.0
2016-03-17 09:00:00,2070.0,5.0
2016-03-17 09:01:00,2070.0,6.0
2016-03-17 14:59:00,2095.0,6.0
2016-03-18 14:59:00,2128.0,6.0
2016-03-21 13:41:00,2170.0,3.0
2016-03-21 14:59:00,2156.0,3.0
2016-03-22 14:59:00,2170.0,3.0
2016-03-23 09:00:00,2225.0,6.0
2016-03-23 14:08:00,2205.0,3.0
2016-03-23 14:59:00,2210.0,3.0
2016-03-24 09:16:00,2157.0,-1.0
2016-03-24 09:17:00,2156.0,-2.0
2016-03-24 09:40:00,2154.0,-3.0
2016-03-24 09:48:00,2152.0,-4.0
2016-03-24 11:04:00,2179.0,-5.0
2016-03-24 14:40:00,2140.0,-6.0
2016-03-24 14:59:00,2145.0,-6.0
2016-03-25 09:09:00,2179.0,-4.0
2016-03-25 14:28:00,2193.0,-2.0
2016-03-25 14:38:00,2195.0,-1.0
2016-03-25 14:44:00,2201.0,0.0
2016-03-25 14:55:00,2207.0,1.0
2016-03-25 14:58:00,2211.0,3.0
2016-03-25 14:59:00,2213.0,3.0
2016-03-28 09:00:00,2249.0,5.0
2016-03-28 14:21:00,2203.0,1.0
2016-03-28 14:22:00,2199.0,0.0
2016-03-28 14:40:00,2174.0,-2.0
2016-03-28 14:52:00,2164.0,-3.0
2016-03-28 14:59:00,2163.0,-3.0
2016-03-29 09:50:00,2162.0,-4.0
2016-03-29 10:01:00,2158.0,-5.0
2016-03-29 14:59:00,2183.0,-5.0
2016-03-30 09:00:00,2141.0,-6.0
2016-03-30 14:59:00,2134.0,-6.0
2016-03-31 14:08:00,2144.0,-5.0
2016-03-31 14:43:00,2147.0,-4.0
2016-03-31 14:44:00,2147.0,-3.0
2016-03-31 14:59:00,2150.0,-3.0
2016-04-01 09:00:00,2177.0,1.0
2016-04-01 09:01:00,2176.0,3.0
2016-04-01 14:55:00,2203.0,4.0
2016-04-01 14:59:00,2203.0,4.0
2016-04-05 09:30:00,2174.0,2.0
2016-04-05 09:35:00,2169.0,1.0
2016-04-05 10:33:00,2180.0,2.0
2016-04-05 10:34:00,2178.0,1.0
2016-04-05 10:36:00,2180.0,2.0
2016-04-05 10:37:00,2178.0,1.0
2016-04-05 10:45:00,2180.0,2.0
2016-04-05 13:39:00,2205.0,4.0
2016-04-05 14:59:00,2205.0,4.0
2016-04-06 13:33:00,2180.0,3.0
2016-04-06 13:34:00,2177.0,1.0
2016-04-06 13:54:00,2175.0,0.0
2016-04-06 14:10:00,2180.0,1.0
2016-04-06 14:44:00,2178.0,0.0
2016-04-06 14:47:00,2180.0,1.0
2016-04-06 14:48:00,2179.0,0.0
2016-04-06 14:50:00,2182.0,1.0
2016-04-06 14:59:00,2193.0,1.0
2016-04-07 09:34:00,2199.0,2.0
2016-04-07 14:13:00,2202.0,4.0
2016-04-07 14:18:00,2207.0,5.0
2016-04-07 14:49:00,2218.0,6.0
2016-04-07 14:59:00,2201.0,6.0
2016-04-08 14:59:00,2207.0,6.0
2016-04-11 09:01:00,2279.0,7.0
2016-04-11 14:59:00,2299.0,7.0
2016-04-12 14:59:00,2344.0,7.0
2016-04-13 10:48:00,2373.0,4.0
2016-04-13 11:05:00,2348.0,3.0
2016-04-13 14:59:00,2352.0,3.0
2016-04-14 11:27:00,2344.0,2.0
2016-04-14 13:38:00,2329.0,1.0
2016-04-14 13:39:00,2326.0,0.0
2016-04-14 13:40:00,2328.0,-1.0
2016-04-14 13:46:00,2322.0,-2.0
2016-04-14 14:01:00,2319.0,-3.0
2016-04-14 14:59:00,2322.0,-3.0
2016-04-15 14:59:00,2297.0,-3.0
2016-04-18 09:00:00,2352.0,-1.0
2016-04-18 09:01:00,2347.0,0.0
2016-04-18 09:02:00,2340.0,1.0
2016-04-18 09:21:00,2361.0,2.0
2016-04-18 09:27:00,2363.0,3.0
2016-04-18 09:29:00,2365.0,4.0
2016-04-18 10:09:00,2370.0,5.0
2016-04-18 11:01:00,2370.0,6.0
2016-04-18 11:09:00,2376.0,7.0
2016-04-18 11:10:00,2374.0,6.0
2016-04-18 11:28:00,2375.0,7.0
2016-04-18 14:59:00,2387.0,7.0
2016-04-19 14:59:00,2492.0,7.0
2016-04-20 14:59:00,2590.0,7.0
2016-04-21 09:38:00,2674.0,4.0
2016-04-21 09:55:00,2694.0,5.0
2016-04-21 09:59:00,2678.0,4.0
2016-04-21 10:30:00,2705.0,5.0
2016-04-21 13:40:00,2757.0,6.0
2016-04-21 14:59:00,2747.0,6.0
2016-04-22 09:00:00,2665.0,1.0
2016-04-22 13:34:00,2625.0,-1.0
2016-04-22 14:59:00,2615.0,-1.0
2016-04-25 09:04:00,2659.0,0.0
2016-04-25 09:11:00,2645.0,-1.0
2016-04-25 09:48:00,2590.0,-2.0
2016-04-25 09:49:00,2594.0,-3.0
2016-04-25 14:59:00,2636.0,-3.0
2016-04-26 09:37:00,2639.0,-2.0
2016-04-26 11:16:00,2591.0,-4.0
2016-04-26 11:22:00,2589.0,-5.0
2016-04-26 14:59:00,2548.0,-5.0
2016-04-27 14:57:00,2498.0,-2.0
2016-04-27 14:59:00,2493.0,-2.0
2016-04-28 13:30:00,2538.0,-1.0
2016-04-28 14:59:00,2530.0,-1.0
2016-04-29 09:01:00,2576.0,1.0
2016-04-29 09:25:00,2549.0,0.0
2016-04-29 10:44:00,2551.0,1.0
2016-04-29 10:45:00,2548.0,0.0
2016-04-29 10:46:00,2552.0,1.0
2016-04-29 10:47:00,2550.0,0.0
2016-04-29 10:53:00,2550.0,1.0
2016-04-29 11:01:00,2548.0,0.0
2016-04-29 13:30:00,2551.0,1.0
2016-04-29 14:59:00,2571.0,1.0
2016-05-03 09:00:00,2523.0,-1.0
2016-05-03 09:03:00,2507.0,-2.0
2016-05-03 09:04:00,2485.0,-4.0
2016-05-03 09:30:00,2476.0,-6.0
2016-05-03 11:01:00,2453.0,-7.0
2016-05-03 14:59:00,2442.0,-7.0
2016-05-04 14:59:00,2371.0,-7.0
2016-05-05 14:59:00,2298.0,-7.0
2016-05-06 14:14:00,2320.0,-4.0
2016-05-06 14:59:00,2326.0,-4.0
2016-05-09 09:00:00,2237.0,-7.0
2016-05-09 14:59:00,2165.0,-7.0
2016-05-10 11:29:00,2129.0,-4.0
2016-05-10 13:30:00,2147.0,-2.0
2016-05-10 13:33:00,2149.0,-1.0
2016-05-10 14:59:00,2138.0,-1.0
2016-05-11 14:59:00,2139.0,-1.0
2016-05-12 10:54:00,2126.0,-2.0
2016-05-12 13:31:00,2119.0,-3.0
2016-05-12 13:33:00,2115.0,-4.0
2016-05-12 13:45:00,2109.0,-5.0
2016-05-12 13:47:00,2104.0,-6.0
2016-05-12 14:59:00,2069.0,-6.0
2016-05-13 14:40:00,2038.0,-3.0
2016-05-13 14:59:00,2024.0,-3.0
2016-05-16 09:37:00,2049.0,-2.0
2016-05-16 10:12:00,2059.0,-1.0
2016-05-16 11:01:00,2059.0,0.0
2016-05-16 13:36:00,2050.0,1.0
2016-05-16 14:59:00,2046.0,1.0
2016-05-17 13:55:00,2069.0,3.0
2016-05-17 14:01:00,2076.0,4.0
2016-05-17 14:05:00,2084.0,5.0
2016-05-17 14:35:00,2089.0,6.0
2016-05-17 14:59:00,2105.0,6.0
2016-05-18 11:28:00,2080.0,3.0
2016-05-18 14:14:00,2055.0,1.0
2016-05-18 14:45:00,2040.0,0.0
2016-05-18 14:46:00,2034.0,-1.0
2016-05-18 14:47:00,2032.0,-2.0
2016-05-18 14:59:00,2047.0,-2.0
2016-05-19 13:37:00,2023.0,-3.0
2016-05-19 14:59:00,2036.0,-3.0
2016-05-20 09:00:00,2067.0,0.0
2016-05-20 14:10:00,2064.0,3.0
2016-05-20 14:59:00,2055.0,3.0
2016-05-23 09:00:00,1967.0,-4.0
2016-05-23 09:01:00,1969.0,-5.0
2016-05-23 09:21:00,1958.0,-6.0
2016-05-23 11:07:00,1945.0,-7.0
2016-05-23 14:59:00,1942.0,-7.0
2016-05-24 14:59:00,1950.0,-7.0
2016-05-25 09:12:00,1954.0,-5.0
2016-05-25 14:59:00,1912.0,-5.0
2016-05-26 09:52:00,1941.0,-3.0
2016-05-26 09:53:00,1939.0,-2.0
2016-05-26 09:54:00,1941.0,-1.0
2016-05-26 09:56:00,1944.0,1.0
2016-05-26 10:01:00,1943.0,3.0
2016-05-26 11:01:00,1940.0,4.0
2016-05-26 14:14:00,1924.0,3.0
2016-05-26 14:56:00,1946.0,5.0
2016-05-26 14:57:00,1950.0,6.0
2016-05-26 14:59:00,1946.0,6.0
2016-05-27 09:15:00,1929.0,4.0
2016-05-27 11:05:00,1943.0,5.0
2016-05-27 11:14:00,1946.0,6.0
2016-05-27 14:59:00,2024.0,6.0
2016-05-30 09:00:00,1938.0,1.0
2016-05-30 09:01:00,1937.0,0.0
2016-05-30 09:45:00,1958.0,-1.0
2016-05-30 11:00:00,1985.0,0.0
2016-05-30 11:09:00,1999.0,1.0
2016-05-30 11:18:00,1982.0,0.0
2016-05-30 11:19:00,1983.0,1.0
2016-05-30 11:20:00,1980.0,0.0
2016-05-30 11:25:00,1984.0,1.0
2016-05-30 11:26:00,1983.0,0.0
2016-05-30 13:42:00,1984.0,1.0
2016-05-30 13:44:00,1983.0,0.0
2016-05-30 13:45:00,1987.0,1.0
2016-05-30 14:17:00,1975.0,0.0
2016-05-30 14:21:00,1984.0,1.0
2016-05-30 14:41:00,1981.0,0.0
2016-05-30 14:42:00,1985.0,1.0
2016-05-30 14:43:00,1981.0,0.0
2016-05-30 14:48:00,1984.0,1.0
2016-05-30 14:52:00,1983.0,0.0
2016-05-30 14:53:00,1990.0,1.0
2016-05-30 14:59:00,1984.0,1.0
2016-05-31 09:51:00,1999.0,2.0
2016-05-31 09:52:00,2000.0,3.0
2016-05-31 14:12:00,2000.0,4.0
2016-05-31 14:55:00,1969.0,2.0
2016-05-31 14:59:00,1973.0,2.0
2016-06-01 09:00:00,1955.0,-2.0
2016-06-01 09:24:00,1954.0,-3.0
2016-06-01 09:29:00,1949.0,-4.0
2016-06-01 09:30:00,1949.0,-5.0
2016-06-01 14:25:00,1940.0,-6.0
2016-06-01 14:59:00,1951.0,-6.0
2016-06-02 09:17:00,1969.0,-4.0
2016-06-02 09:59:00,1971.0,-2.0
2016-06-02 13:40:00,1965.0,0.0
2016-06-02 14:44:00,1948.0,-1.0
2016-06-02 14:59:00,1951.0,-1.0
2016-06-03 09:00:00,1970.0,2.0
2016-06-03 09:01:00,1969.0,3.0
2016-06-03 09:04:00,1974.0,4.0
2016-06-03 09:05:00,1975.0,5.0
2016-06-03 09:08:00,1987.0,6.0
2016-06-03 14:59:00,1985.0,6.0
2016-06-06 11:07:00,2038.0,7.0
2016-06-06 14:59:00,2054.0,7.0
2016-06-07 09:57:00,2056.0,6.0
2016-06-07 14:59:00,2070.0,6.0
2016-06-08 09:09:00,2060.0,7.0
2016-06-08 14:59:00,2089.0,7.0
2016-06-13 14:59:00,2156.0,7.0
2016-06-14 09:14:00,2137.0,6.0
2016-06-14 09:15:00,2135.0,5.0
2016-06-14 09:16:00,2130.0,2.0
2016-06-14 09:49:00,2143.0,3.0
2016-06-14 09:58:00,2134.0,2.0
2016-06-14 10:01:00,2122.0,1.0
2016-06-14 10:38:00,2117.0,0.0
2016-06-14 10:47:00,2100.0,-1.0
2016-06-14 11:04:00,2099.0,-2.0
2016-06-14 11:19:00,2083.0,-4.0
2016-06-14 13:55:00,2074.0,-5.0
2016-06-14 14:59:00,2064.0,-5.0
2016-06-15 09:19:00,2085.0,-4.0
2016-06-15 09:20:00,2087.0,-3.0
2016-06-15 09:31:00,2083.0,-4.0
2016-06-15 09:33:00,2085.0,-3.0
2016-06-15 09:38:00,2082.0,-4.0
2016-06-15 14:59:00,2058.0,-4.0
2016-06-16 10:03:00,2088.0,-2.0
2016-06-16 10:07:00,2101.0,-1.0
2016-06-16 11:09:00,2082.0,0.0
2016-06-16 11:10:00,2081.0,1.0
2016-06-16 14:59:00,2065.0,1.0
2016-06-17 09:00:00,2045.0,0.0
2016-06-17 09:01:00,2044.0,-1.0
2016-06-17 10:44:00,2060.0,0.0
2016-06-17 10:48:00,2056.0,-1.0
2016-06-17 10:50:00,2057.0,0.0
2016-06-17 10:51:00,2054.0,-1.0
2016-06-17 10:56:00,2057.0,0.0
2016-06-17 10:58:00,2055.0,-1.0
2016-06-17 10:59:00,2057.0,0.0
2016-06-17 11:05:00,2050.0,-1.0
2016-06-17 13:35:00,2041.0,-3.0
2016-06-17 13:36:00,2039.0,-4.0
2016-06-17 14:46:00,2055.0,-3.0
2016-06-17 14:58:00,2070.0,-1.0
2016-06-17 14:59:00,2067.0,-1.0
2016-06-20 09:01:00,2072.0,-3.0
2016-06-20 14:45:00,2067.0,-1.0
2016-06-20 14:59:00,2055.0,-1.0
2016-06-21 09:00:00,2075.0,3.0
2016-06-21 09:01:00,2078.0,4.0
2016-06-21 09:12:00,2081.0,5.0
2016-06-21 09:21:00,2092.0,6.0
2016-06-21 09:30:00,2099.0,7.0
2016-06-21 14:59:00,2072.0,7.0
2016-06-22 14:59:00,2131.0,7.0
2016-06-23 09:10:00,2123.0,6.0
2016-06-23 14:18:00,2125.0,5.0
2016-06-23 14:50:00,2134.0,6.0
2016-06-23 14:59:00,2129.0,6.0
2016-06-24 09:11:00,2123.0,5.0
2016-06-24 09:25:00,2137.0,6.0
2016-06-24 10:44:00,2120.0,5.0
2016-06-24 10:45:00,2114.0,3.0
2016-06-24 11:01:00,2117.0,2.0
2016-06-24 11:06:00,2116.0,1.0
2016-06-24 13:30:00,2103.0,0.0
2016-06-24 13:40:00,2134.0,1.0
2016-06-24 14:31:00,2119.0,0.0
2016-06-24 14:50:00,2116.0,-2.0
2016-06-24 14:53:00,2112.0,-4.0
2016-06-24 14:59:00,2116.0,-4.0
2016-06-27 09:00:00,2163.0,4.0
2016-06-27 09:01:00,2174.0,5.0
2016-06-27 09:37:00,2195.0,6.0
2016-06-27 11:01:00,2215.0,7.0
2016-06-27 14:59:00,2256.0,7.0
2016-06-28 09:04:00,2238.0,6.0
2016-06-28 14:59:00,2252.0,6.0
2016-06-29 09:16:00,2263.0,7.0
2016-06-29 10:59:00,2235.0,6.0
2016-06-29 11:00:00,2232.0,5.0
2016-06-29 11:01:00,2235.0,4.0
2016-06-29 11:02:00,2228.0,3.0
2016-06-29 13:31:00,2223.0,1.0
2016-06-29 13:32:00,2223.0,-1.0
2016-06-29 14:59:00,2232.0,-1.0
2016-06-30 09:39:00,2265.0,2.0
2016-06-30 09:41:00,2269.0,4.0
2016-06-30 09:44:00,2266.0,5.0
2016-06-30 09:53:00,2281.0,6.0
2016-06-30 11:01:00,2312.0,7.0
2016-06-30 14:59:00,2324.0,7.0
2016-07-01 09:10:00,2300.0,4.0
2016-07-01 09:11:00,2301.0,5.0
2016-07-01 14:59:00,2334.0,5.0
2016-07-04 09:00:00,2384.0,4.0
2016-07-04 09:01:00,2385.0,3.0
2016-07-04 09:33:00,2393.0,4.0
2016-07-04 09:39:00,2392.0,3.0
2016-07-04 09:40:00,2396.0,4.0
2016-07-04 09:46:00,2413.0,5.0
2016-07-04 09:54:00,2391.0,4.0
2016-07-04 11:14:00,2393.0,5.0
2016-07-04 11:15:00,2392.0,4.0
2016-07-04 11:16:00,2396.0,5.0
2016-07-04 14:59:00,2408.0,5.0
2016-07-05 09:02:00,2370.0,2.0
2016-07-05 09:28:00,2359.0,1.0
2016-07-05 09:29:00,2352.0,-1.0
2016-07-05 09:33:00,2331.0,-2.0
2016-07-05 09:45:00,2313.0,-3.0
2016-07-05 11:06:00,2345.0,-4.0
2016-07-05 13:58:00,2361.0,-3.0
2016-07-05 14:45:00,2392.0,-1.0
2016-07-05 14:51:00,2399.0,0.0
2016-07-05 14:59:00,2389.0,0.0
2016-07-06 09:00:00,2338.0,-1.0
2016-07-06 09:03:00,2350.0,0.0
2016-07-06 09:12:00,2325.0,-1.0
2016-07-06 09:21:00,2313.0,-2.0
2016-07-06 13:38:00,2362.0,-1.0
2016-07-06 13:56:00,2374.0,1.0
2016-07-06 14:39:00,2338.0,0.0
2016-07-06 14:58:00,2361.0,1.0
2016-07-06 14:59:00,2361.0,1.0
2016-07-07 09:03:00,2385.0,2.0
2016-07-07 09:04:00,2396.0,3.0
2016-07-07 09:33:00,2401.0,4.0
2016-07-07 09:44:00,2397.0,5.0
2016-07-07 11:01:00,2427.0,6.0
2016-07-07 14:00:00,2380.0,4.0
2016-07-07 14:49:00,2354.0,3.0
2016-07-07 14:59:00,2369.0,3.0
2016-07-08 14:53:00,2418.0,4.0
2016-07-08 14:55:00,2424.0,5.0
2016-07-08 14:59:00,2423.0,5.0
2016-07-11 09:00:00,2365.0,3.0
2016-07-11 09:01:00,2371.0,2.0
2016-07-11 09:02:00,2365.0,1.0
2016-07-11 10:00:00,2364.0,0.0
2016-07-11 14:09:00,2407.0,1.0
2016-07-11 14:14:00,2409.0,3.0
2016-07-11 14:23:00,2411.0,4.0
2016-07-11 14:59:00,2407.0,4.0
2016-07-12 09:20:00,2439.0,5.0
2016-07-12 10:05:00,2481.0,6.0
2016-07-12 14:59:00,2529.0,6.0
2016-07-13 09:11:00,2533.0,7.0
2016-07-13 14:14:00,2505.0,4.0
2016-07-13 14:59:00,2493.0,4.0
2016-07-14 09:08:00,2484.0,3.0
2016-07-14 09:10:00,2481.0,1.0
2016-07-14 09:14:00,2478.0,0.0
2016-07-14 09:29:00,2475.0,-1.0
2016-07-14 09:31:00,2473.0,-2.0
2016-07-14 09:46:00,2460.0,-3.0
2016-07-14 14:59:00,2502.0,-3.0
2016-07-15 14:12:00,2505.0,-2.0
2016-07-15 14:14:00,2509.0,0.0
2016-07-15 14:40:00,2511.0,1.0
2016-07-15 14:41:00,2508.0,0.0
2016-07-15 14:54:00,2509.0,1.0
2016-07-15 14:55:00,2507.0,0.0
2016-07-15 14:56:00,2511.0,1.0
2016-07-15 14:58:00,2506.0,0.0
2016-07-15 14:59:00,2504.0,0.0
2016-07-18 09:00:00,2443.0,-3.0
2016-07-18 09:01:00,2452.0,-6.0
2016-07-18 11:07:00,2387.0,-7.0
2016-07-18 14:59:00,2342.0,-7.0
2016-07-19 14:59:00,2277.0,-7.0
2016-07-20 09:03:00,2295.0,-4.0
2016-07-20 14:59:00,2289.0,-4.0
2016-07-21 09:41:00,2309.0,-3.0
2016-07-21 09:43:00,2313.0,-1.0
2016-07-21 09:45:00,2323.0,0.0
2016-07-21 10:01:00,2324.0,1.0
2016-07-21 11:01:00,2340.0,2.0
2016-07-21 11:03:00,2338.0,3.0
2016-07-21 11:29:00,2354.0,4.0
2016-07-21 14:37:00,2393.0,6.0
2016-07-21 14:59:00,2374.0,6.0
2016-07-22 09:00:00,2335.0,3.0
2016-07-22 10:37:00,2307.0,1.0
2016-07-22 10:38:00,2305.0,0.0
2016-07-22 11:01:00,2302.0,-1.0
2016-07-22 11:17:00,2291.0,-3.0
2016-07-22 11:23:00,2282.0,-4.0
2016-07-22 14:59:00,2291.0,-4.0
2016-07-25 09:16:00,2329.0,-2.0
2016-07-25 09:17:00,2342.0,-1.0
2016-07-25 09:34:00,2309.0,-2.0
2016-07-25 10:11:00,2328.0,-1.0
2016-07-25 11:14:00,2337.0,0.0
2016-07-25 14:59:00,2320.0,0.0
2016-07-26 09:34:00,2296.0,-1.0
2016-07-26 14:36:00,2340.0,1.0
2016-07-26 14:41:00,2345.0,2.0
2016-07-26 14:55:00,2350.0,3.0
2016-07-26 14:59:00,2352.0,3.0
2016-07-27 09:00:00,2390.0,5.0
2016-07-27 09:17:00,2402.0,6.0
2016-07-27 09:21:00,2411.0,7.0
2016-07-27 11:12:00,2365.0,4.0
2016-07-27 14:59:00,2399.0,4.0
2016-07-28 09:00:00,2418.0,5.0
2016-07-28 09:05:00,2439.0,6.0
2016-07-28 14:59:00,2461.0,6.0
2016-07-29 09:56:00,2444.0,5.0
2016-07-29 09:58:00,2438.0,4.0
2016-07-29 10:00:00,2426.0,1.0
2016-07-29 10:01:00,2429.0,0.0
2016-07-29 10:32:00,2407.0,-1.0
2016-07-29 11:26:00,2425.0,-2.0
2016-07-29 14:03:00,2396.0,-4.0
2016-07-29 14:07:00,2389.0,-5.0
