2015-01-05 09:01:00,0.0
2015-01-05 09:01:00,0.0
2015-01-05 10:31:00,-8.0
2015-01-05 11:11:00,2.0
2015-01-05 14:59:00,-8.0
2015-01-06 09:00:00,-222.0
2015-01-06 09:01:00,-224.0
2015-01-06 09:04:00,-248.0
2015-01-06 09:05:00,-246.0
2015-01-06 09:06:00,-252.0
2015-01-06 09:11:00,-250.0
2015-01-06 09:16:00,-256.0
2015-01-06 09:24:00,-255.0
2015-01-06 09:45:00,-257.0
2015-01-06 10:31:00,-258.0
2015-01-06 10:36:00,-266.0
2015-01-06 10:44:00,-265.0
2015-01-06 10:47:00,-273.0
2015-01-06 10:48:00,-270.0
2015-01-06 10:52:00,-281.0
2015-01-06 10:57:00,-281.0
2015-01-06 10:59:00,-290.0
2015-01-06 11:11:00,-295.0
2015-01-06 14:59:00,-300.0
2015-01-07 09:00:00,-198.0
2015-01-07 09:01:00,-225.0
2015-01-07 11:11:00,-213.0
2015-01-07 13:45:00,-250.0
2015-01-07 14:59:00,-264.0
2015-01-08 11:11:00,-167.0
2015-01-08 14:59:00,-237.0
2015-01-09 10:31:00,-63.0
2015-01-09 14:59:00,-43.0
2015-01-12 14:59:00,517.0
2015-01-13 14:59:00,447.0
2015-01-14 14:59:00,667.0
2015-01-15 10:00:00,616.0
2015-01-15 10:02:00,606.0
2015-01-15 10:03:00,590.0
2015-01-15 10:08:00,559.0
2015-01-15 10:09:00,540.0
2015-01-15 10:10:00,527.0
2015-01-15 10:13:00,529.0
2015-01-15 10:14:00,526.0
2015-01-15 10:31:00,516.0
2015-01-15 13:55:00,485.0
2015-01-15 14:23:00,490.0
2015-01-15 14:45:00,550.0
2015-01-15 14:46:00,563.0
2015-01-15 14:48:00,578.0
2015-01-15 14:59:00,587.0
2015-01-16 11:11:00,461.0
2015-01-16 14:59:00,534.0
2015-01-19 09:00:00,317.0
2015-01-19 09:02:00,327.0
2015-01-19 09:04:00,325.0
2015-01-19 09:05:00,322.0
2015-01-19 09:08:00,320.0
2015-01-19 10:00:00,292.0
2015-01-19 10:08:00,288.0
2015-01-19 10:31:00,280.0
2015-01-19 11:11:00,285.0
2015-01-19 13:56:00,295.0
2015-01-19 13:58:00,298.0
2015-01-19 14:23:00,297.0
2015-01-19 14:24:00,324.0
2015-01-19 14:29:00,339.0
2015-01-19 14:59:00,269.0
2015-01-20 09:07:00,103.0
2015-01-20 09:10:00,50.0
2015-01-20 09:12:00,60.0
2015-01-20 10:31:00,77.0
2015-01-20 11:16:00,75.0
2015-01-20 11:20:00,73.0
2015-01-20 13:44:00,65.0
2015-01-20 13:46:00,64.0
2015-01-20 14:59:00,74.0
2015-01-21 10:02:00,46.0
2015-01-21 11:01:00,45.0
2015-01-21 13:30:00,40.0
2015-01-21 13:33:00,44.0
2015-01-21 13:34:00,38.0
2015-01-21 13:39:00,49.0
2015-01-21 13:46:00,61.0
2015-01-21 14:00:00,-52.0
2015-01-21 14:01:00,-73.0
2015-01-21 14:02:00,-89.0
2015-01-21 14:03:00,-78.0
2015-01-21 14:11:00,-83.0
2015-01-21 14:17:00,-90.0
2015-01-21 14:18:00,-91.0
2015-01-21 14:57:00,-80.0
2015-01-21 14:58:00,-79.0
2015-01-21 14:59:00,-35.0
2015-01-22 09:01:00,-102.0
2015-01-22 09:10:00,-89.0
2015-01-22 14:10:00,-157.0
2015-01-22 14:59:00,-86.0
2015-01-23 09:10:00,-187.0
2015-01-23 10:41:00,-105.0
2015-01-23 13:41:00,-161.0
2015-01-23 14:59:00,-152.0
2015-01-26 09:02:00,-120.0
2015-01-26 10:32:00,-110.0
2015-01-26 10:38:00,-100.0
2015-01-26 14:59:00,83.0
2015-01-27 13:55:00,39.0
2015-01-27 14:59:00,29.0
2015-01-28 10:37:00,-38.0
2015-01-28 10:38:00,-39.0
2015-01-28 10:39:00,-49.0
2015-01-28 11:01:00,-76.0
2015-01-28 11:11:00,-66.0
2015-01-28 11:19:00,-70.0
2015-01-28 13:31:00,-72.0
2015-01-28 14:19:00,-73.0
2015-01-28 14:20:00,-74.0
2015-01-28 14:47:00,-79.0
2015-01-28 14:54:00,-70.0
2015-01-28 14:59:00,-70.0
2015-01-29 09:00:00,-23.0
2015-01-29 09:01:00,-18.0
2015-01-29 09:42:00,18.0
2015-01-29 09:48:00,101.0
2015-01-29 10:31:00,100.0
2015-01-29 14:59:00,120.0
2015-01-30 10:59:00,-12.0
2015-01-30 11:00:00,-22.0
2015-01-30 11:11:00,4.0
2015-01-30 14:59:00,12.0
2015-02-02 09:21:00,-34.0
2015-02-02 11:07:00,-35.0
2015-02-02 11:12:00,-31.0
2015-02-02 11:14:00,-46.0
2015-02-02 13:32:00,-50.0
2015-02-02 14:59:00,-42.0
2015-02-03 09:40:00,-39.0
2015-02-03 10:45:00,-55.0
2015-02-03 10:47:00,-60.0
2015-02-03 10:59:00,-53.0
2015-02-03 11:00:00,-54.0
2015-02-03 11:05:00,-47.0
2015-02-03 11:06:00,-53.0
2015-02-03 11:11:00,-59.0
2015-02-03 11:16:00,-48.0
2015-02-03 11:17:00,-55.0
2015-02-03 13:34:00,-67.0
2015-02-03 13:46:00,-47.0
2015-02-03 13:47:00,-62.0
2015-02-03 13:57:00,-76.0
2015-02-03 14:44:00,-39.0
2015-02-03 14:46:00,-47.0
2015-02-03 14:55:00,-33.0
2015-02-03 14:56:00,-41.0
2015-02-03 14:59:00,-34.0
2015-02-04 09:00:00,-115.0
2015-02-04 09:04:00,-129.0
2015-02-04 09:07:00,-157.0
2015-02-04 09:09:00,-165.0
2015-02-04 09:15:00,-92.0
2015-02-04 10:31:00,-207.0
2015-02-04 11:11:00,-192.0
2015-02-04 11:13:00,-188.0
2015-02-04 11:14:00,-184.0
2015-02-04 11:17:00,-184.0
2015-02-04 11:19:00,-172.0
2015-02-04 14:12:00,-292.0
2015-02-04 14:13:00,-298.0
2015-02-04 14:14:00,-307.0
2015-02-04 14:18:00,-314.0
2015-02-04 14:56:00,-315.0
2015-02-04 14:59:00,-311.0
2015-02-05 09:00:00,-340.0
2015-02-05 09:58:00,-329.0
2015-02-05 10:59:00,-353.0
2015-02-05 14:58:00,-335.0
2015-02-05 14:59:00,-330.0
2015-02-06 09:00:00,-417.0
2015-02-06 09:01:00,-417.0
2015-02-06 11:11:00,-431.0
2015-02-06 11:18:00,-443.0
2015-02-06 11:19:00,-464.0
2015-02-06 14:56:00,-428.0
2015-02-06 14:57:00,-424.0
2015-02-06 14:59:00,-403.0
2015-02-09 09:01:00,-467.0
2015-02-09 09:02:00,-480.0
2015-02-09 10:02:00,-516.0
2015-02-09 10:06:00,-531.0
2015-02-09 10:07:00,-532.0
2015-02-09 10:31:00,-535.0
2015-02-09 10:35:00,-535.0
2015-02-09 10:45:00,-530.0
2015-02-09 11:11:00,-534.0
2015-02-09 14:03:00,-543.0
2015-02-09 14:59:00,-570.0
2015-02-10 09:38:00,-668.0
2015-02-10 09:51:00,-673.0
2015-02-10 09:59:00,-678.0
2015-02-10 10:00:00,-681.0
2015-02-10 10:01:00,-679.0
2015-02-10 10:31:00,-678.0
2015-02-10 11:11:00,-711.0
2015-02-10 14:59:00,-703.0
2015-02-11 11:11:00,-745.0
2015-02-11 14:59:00,-690.0
2015-02-12 09:00:00,-808.0
2015-02-12 09:01:00,-810.0
2015-02-12 09:02:00,-811.0
2015-02-12 09:03:00,-810.0
2015-02-12 09:04:00,-813.0
2015-02-12 09:16:00,-805.0
2015-02-12 10:31:00,-817.0
2015-02-12 10:37:00,-817.0
2015-02-12 11:11:00,-814.0
2015-02-12 11:28:00,-815.0
2015-02-12 13:48:00,-855.0
2015-02-12 13:53:00,-868.0
2015-02-12 13:55:00,-868.0
2015-02-12 14:17:00,-879.0
2015-02-12 14:59:00,-876.0
2015-02-13 09:06:00,-883.0
2015-02-13 09:07:00,-882.0
2015-02-13 09:12:00,-887.0
2015-02-13 09:13:00,-887.0
2015-02-13 09:14:00,-885.0
2015-02-13 09:21:00,-882.0
2015-02-13 09:27:00,-883.0
2015-02-13 09:30:00,-874.0
2015-02-13 09:45:00,-862.0
2015-02-13 10:31:00,-878.0
2015-02-13 10:35:00,-870.0
2015-02-13 10:42:00,-861.0
2015-02-13 11:11:00,-780.0
2015-02-13 14:59:00,-750.0
2015-02-16 14:59:00,-610.0
2015-02-17 09:15:00,-711.0
2015-02-17 09:19:00,-720.0
2015-02-17 10:01:00,-770.0
2015-02-17 10:31:00,-771.0
2015-02-17 10:33:00,-778.0
2015-02-17 11:11:00,-776.0
2015-02-17 14:28:00,-778.0
2015-02-17 14:59:00,-783.0
2015-02-25 09:02:00,-778.0
2015-02-25 09:07:00,-770.0
2015-02-25 09:09:00,-733.0
2015-02-25 11:11:00,-809.0
2015-02-25 14:59:00,-774.0
2015-02-26 11:04:00,-898.0
2015-02-26 11:11:00,-883.0
2015-02-26 13:30:00,-922.0
2015-02-26 13:32:00,-930.0
2015-02-26 14:16:00,-935.0
2015-02-26 14:41:00,-937.0
2015-02-26 14:42:00,-937.0
2015-02-26 14:47:00,-935.0
2015-02-26 14:52:00,-935.0
2015-02-26 14:59:00,-945.0
2015-02-27 09:01:00,-952.0
2015-02-27 09:02:00,-915.0
2015-02-27 09:03:00,-923.0
2015-02-27 09:09:00,-900.0
2015-02-27 10:02:00,-1076.0
2015-02-27 10:31:00,-1099.0
2015-02-27 11:11:00,-1078.0
2015-02-27 14:34:00,-1097.0
2015-02-27 14:36:00,-1105.0
2015-02-27 14:37:00,-1105.0
2015-02-27 14:40:00,-1105.0
2015-02-27 14:41:00,-1102.0
2015-02-27 14:42:00,-1098.0
2015-02-27 14:43:00,-1087.0
2015-02-27 14:58:00,-1045.0
2015-02-27 14:59:00,-1030.0
2015-03-02 09:01:00,-999.0
2015-03-02 14:17:00,-1130.0
2015-03-02 14:33:00,-1207.0
2015-03-02 14:39:00,-1218.0
2015-03-02 14:40:00,-1237.0
2015-03-02 14:41:00,-1237.0
2015-03-02 14:43:00,-1236.0
2015-03-02 14:59:00,-1243.0
2015-03-03 09:30:00,-1274.0
2015-03-03 10:31:00,-1274.0
2015-03-03 13:31:00,-1275.0
2015-03-03 14:34:00,-1274.0
2015-03-03 14:59:00,-1280.0
2015-03-04 09:05:00,-1282.0
2015-03-04 11:11:00,-1295.0
2015-03-04 11:29:00,-1297.0
2015-03-04 14:01:00,-1298.0
2015-03-04 14:02:00,-1297.0
2015-03-04 14:59:00,-1319.0
2015-03-05 09:00:00,-1232.0
2015-03-05 09:01:00,-1239.0
2015-03-05 10:44:00,-1285.0
2015-03-05 13:30:00,-1285.0
2015-03-05 14:00:00,-1174.0
2015-03-05 14:59:00,-1252.0
2015-03-06 09:08:00,-1203.0
2015-03-06 11:02:00,-1213.0
2015-03-06 14:59:00,-974.0
2015-03-09 14:59:00,-901.0
2015-03-10 11:11:00,-810.0
2015-03-10 14:59:00,-510.0
2015-03-11 10:54:00,-671.0
2015-03-11 10:55:00,-681.0
2015-03-11 14:59:00,-698.0
2015-03-12 10:34:00,-790.0
2015-03-12 10:35:00,-806.0
2015-03-12 10:49:00,-823.0
2015-03-12 10:50:00,-817.0
2015-03-12 10:51:00,-843.0
2015-03-12 10:52:00,-843.0
2015-03-12 11:11:00,-844.0
2015-03-12 11:12:00,-846.0
2015-03-12 13:30:00,-837.0
2015-03-12 13:31:00,-830.0
2015-03-12 13:32:00,-844.0
2015-03-12 14:59:00,-863.0
2015-03-13 09:09:00,-822.0
2015-03-13 14:02:00,-880.0
2015-03-13 14:13:00,-896.0
2015-03-13 14:59:00,-873.0
2015-03-16 09:37:00,-888.0
2015-03-16 09:38:00,-892.0
2015-03-16 10:31:00,-851.0
2015-03-16 10:32:00,-848.0
2015-03-16 11:10:00,-812.0
2015-03-16 11:20:00,-828.0
2015-03-16 13:30:00,-795.0
2015-03-16 13:38:00,-716.0
2015-03-16 13:39:00,-717.0
2015-03-16 14:59:00,-669.0
2015-03-17 14:59:00,-707.0
2015-03-18 09:00:00,-766.0
2015-03-18 10:11:00,-658.0
2015-03-18 11:11:00,-729.0
2015-03-18 11:28:00,-787.0
2015-03-18 11:29:00,-798.0
2015-03-18 13:30:00,-831.0
2015-03-18 13:31:00,-832.0
2015-03-18 13:32:00,-835.0
2015-03-18 13:33:00,-836.0
2015-03-18 13:34:00,-838.0
2015-03-18 13:38:00,-834.0
2015-03-18 13:39:00,-833.0
2015-03-18 13:40:00,-825.0
2015-03-18 14:59:00,-843.0
2015-03-19 10:42:00,-848.0
2015-03-19 14:59:00,-842.0
2015-03-20 10:09:00,-880.0
2015-03-20 10:31:00,-881.0
2015-03-20 11:11:00,-888.0
2015-03-20 13:49:00,-890.0
2015-03-20 14:59:00,-903.0
2015-03-23 09:00:00,-845.0
2015-03-23 09:01:00,-789.0
2015-03-23 10:31:00,-836.0
2015-03-23 11:11:00,-793.0
2015-03-23 14:59:00,-573.0
2015-03-24 14:59:00,-583.0
2015-03-25 10:55:00,-699.0
2015-03-25 10:57:00,-712.0
2015-03-25 11:24:00,-726.0
2015-03-25 11:25:00,-738.0
2015-03-25 11:27:00,-739.0
2015-03-25 11:29:00,-738.0
2015-03-25 13:30:00,-740.0
2015-03-25 13:32:00,-735.0
2015-03-25 14:40:00,-732.0
2015-03-25 14:45:00,-728.0
2015-03-25 14:59:00,-714.0
2015-03-26 09:03:00,-687.0
2015-03-26 09:04:00,-693.0
2015-03-26 09:06:00,-666.0
2015-03-26 09:07:00,-673.0
2015-03-26 10:35:00,-660.0
2015-03-26 11:11:00,-691.0
2015-03-26 14:13:00,-667.0
2015-03-26 14:15:00,-632.0
2015-03-26 14:59:00,-595.0
2015-03-27 09:05:00,-468.0
2015-03-27 10:30:00,-258.0
2015-03-27 11:11:00,-223.0
2015-03-27 13:30:00,-263.0
2015-03-27 13:57:00,-350.0
2015-03-27 13:59:00,-374.0
2015-03-27 14:04:00,-374.0
2015-03-27 14:07:00,-383.0
2015-03-27 14:53:00,-407.0
2015-03-27 14:55:00,-407.0
2015-03-27 14:59:00,-407.0
2015-03-30 09:00:00,-413.0
2015-03-30 09:01:00,-413.0
2015-03-30 09:02:00,-416.0
2015-03-30 09:15:00,-420.0
2015-03-30 09:16:00,-422.0
2015-03-30 09:18:00,-423.0
2015-03-30 09:25:00,-425.0
2015-03-30 09:27:00,-427.0
2015-03-30 09:28:00,-429.0
2015-03-30 09:30:00,-430.0
2015-03-30 09:32:00,-432.0
2015-03-30 09:38:00,-434.0
2015-03-30 09:40:00,-435.0
2015-03-30 09:51:00,-437.0
2015-03-30 10:31:00,-438.0
2015-03-30 11:28:00,-423.0
2015-03-30 13:30:00,-430.0
2015-03-30 13:32:00,-426.0
2015-03-30 13:35:00,-421.0
2015-03-30 13:46:00,-445.0
2015-03-30 13:49:00,-458.0
2015-03-30 13:54:00,-460.0
2015-03-30 13:55:00,-460.0
2015-03-30 13:58:00,-462.0
2015-03-30 13:59:00,-462.0
2015-03-30 14:00:00,-463.0
2015-03-30 14:03:00,-464.0
2015-03-30 14:04:00,-465.0
2015-03-30 14:25:00,-465.0
2015-03-30 14:26:00,-467.0
2015-03-30 14:29:00,-467.0
2015-03-30 14:30:00,-468.0
2015-03-30 14:56:00,-469.0
2015-03-30 14:59:00,-468.0
2015-03-31 09:06:00,-457.0
2015-03-31 10:00:00,-460.0
2015-03-31 10:01:00,-458.0
2015-03-31 11:11:00,-494.0
2015-03-31 11:17:00,-482.0
2015-03-31 13:36:00,-448.0
2015-03-31 13:40:00,-437.0
2015-03-31 13:45:00,-426.0
2015-03-31 14:16:00,-400.0
2015-03-31 14:59:00,-400.0
2015-04-01 09:01:00,-273.0
2015-04-01 09:22:00,-329.0
2015-04-01 10:31:00,-270.0
2015-04-01 13:31:00,-313.0
2015-04-01 14:20:00,-253.0
2015-04-01 14:59:00,-120.0
2015-04-02 09:04:00,-54.0
2015-04-02 11:11:00,46.0
2015-04-02 14:59:00,306.0
2015-04-03 09:01:00,185.0
2015-04-03 09:08:00,175.0
2015-04-03 09:50:00,28.0
2015-04-03 14:59:00,270.0
2015-04-07 09:26:00,411.0
2015-04-07 10:59:00,463.0
2015-04-07 14:43:00,545.0
2015-04-07 14:59:00,555.0
2015-04-08 09:36:00,717.0
2015-04-08 13:54:00,466.0
2015-04-08 13:55:00,438.0
2015-04-08 13:56:00,429.0
2015-04-08 13:58:00,403.0
2015-04-08 14:00:00,344.0
2015-04-08 14:01:00,344.0
2015-04-08 14:03:00,337.0
2015-04-08 14:06:00,337.0
2015-04-08 14:59:00,335.0
2015-04-09 09:00:00,345.0
2015-04-09 09:02:00,340.0
2015-04-09 09:04:00,347.0
2015-04-09 09:05:00,357.0
2015-04-09 10:30:00,373.0
2015-04-09 10:31:00,372.0
2015-04-09 11:11:00,271.0
2015-04-09 13:31:00,320.0
2015-04-09 14:59:00,375.0
2015-04-10 09:02:00,445.0
2015-04-10 11:11:00,488.0
2015-04-10 14:59:00,584.0
2015-04-13 09:05:00,517.0
2015-04-13 09:18:00,426.0
2015-04-13 13:56:00,435.0
2015-04-13 13:57:00,421.0
2015-04-13 13:59:00,414.0
2015-04-13 14:03:00,430.0
2015-04-13 14:21:00,391.0
2015-04-13 14:22:00,381.0
2015-04-13 14:23:00,377.0
2015-04-13 14:26:00,404.0
2015-04-13 14:36:00,425.0
2015-04-13 14:37:00,428.0
2015-04-13 14:59:00,482.0
2015-04-14 09:02:00,405.0
2015-04-14 09:27:00,318.0
2015-04-14 10:49:00,463.0
2015-04-14 10:50:00,481.0
2015-04-14 10:51:00,523.0
2015-04-14 14:59:00,433.0
2015-04-15 11:09:00,335.0
2015-04-15 11:20:00,356.0
2015-04-15 14:51:00,300.0
2015-04-15 14:52:00,292.0
2015-04-15 14:55:00,267.0
2015-04-15 14:56:00,263.0
2015-04-15 14:57:00,270.0
2015-04-15 14:59:00,266.0
2015-04-16 10:31:00,190.0
2015-04-16 10:34:00,182.0
2015-04-16 10:59:00,180.0
2015-04-16 11:04:00,180.0
2015-04-16 11:11:00,179.0
2015-04-16 11:12:00,182.0
2015-04-16 13:36:00,183.0
2015-04-16 13:41:00,188.0
2015-04-16 14:59:00,106.0
2015-04-17 09:12:00,150.0
2015-04-17 14:16:00,158.0
2015-04-17 14:39:00,148.0
2015-04-17 14:54:00,49.0
2015-04-17 14:56:00,35.0
2015-04-17 14:58:00,34.0
2015-04-17 14:59:00,34.0
2015-04-20 09:00:00,15.0
2015-04-20 09:01:00,13.0
2015-04-20 09:02:00,17.0
2015-04-20 09:05:00,23.0
2015-04-20 10:31:00,-15.0
2015-04-20 11:10:00,16.0
2015-04-20 11:22:00,26.0
2015-04-20 13:31:00,54.0
2015-04-20 13:33:00,68.0
2015-04-20 13:38:00,90.0
2015-04-20 14:59:00,181.0
2015-04-21 14:59:00,173.0
2015-04-22 09:06:00,88.0
2015-04-22 09:10:00,57.0
2015-04-22 10:49:00,61.0
2015-04-22 10:59:00,27.0
2015-04-22 11:11:00,26.0
2015-04-22 11:12:00,26.0
2015-04-22 11:15:00,30.0
2015-04-22 11:16:00,36.0
2015-04-22 13:30:00,135.0
2015-04-22 14:14:00,257.0
2015-04-22 14:59:00,193.0
2015-04-23 13:48:00,174.0
2015-04-23 14:59:00,154.0
2015-04-24 14:59:00,704.0
2015-04-27 14:59:00,1004.0
2015-04-28 09:57:00,1043.0
2015-04-28 10:31:00,1015.0
2015-04-28 13:32:00,855.0
2015-04-28 13:33:00,855.0
2015-04-28 14:41:00,835.0
2015-04-28 14:42:00,829.0
2015-04-28 14:59:00,884.0
2015-04-29 11:20:00,828.0
2015-04-29 11:22:00,835.0
2015-04-29 13:46:00,806.0
2015-04-29 13:47:00,806.0
2015-04-29 13:48:00,805.0
2015-04-29 13:53:00,805.0
2015-04-29 13:54:00,805.0
2015-04-29 13:56:00,808.0
2015-04-29 13:57:00,806.0
2015-04-29 13:58:00,811.0
2015-04-29 13:59:00,817.0
2015-04-29 14:08:00,838.0
2015-04-29 14:09:00,892.0
2015-04-29 14:20:00,997.0
2015-04-29 14:59:00,972.0
2015-04-30 09:02:00,846.0
2015-04-30 09:03:00,846.0
2015-04-30 09:08:00,782.0
2015-04-30 09:09:00,781.0
2015-04-30 09:40:00,881.0
2015-04-30 11:11:00,847.0
2015-04-30 14:02:00,756.0
2015-04-30 14:59:00,792.0
2015-05-04 09:00:00,690.0
2015-05-04 09:01:00,666.0
2015-05-04 09:35:00,660.0
2015-05-04 09:36:00,659.0
2015-05-04 09:37:00,666.0
2015-05-04 09:39:00,674.0
2015-05-04 10:10:00,687.0
2015-05-04 10:31:00,682.0
2015-05-04 10:47:00,721.0
2015-05-04 10:49:00,744.0
2015-05-04 11:11:00,782.0
2015-05-04 14:20:00,720.0
2015-05-04 14:59:00,748.0
2015-05-05 11:19:00,652.0
2015-05-05 14:59:00,888.0
2015-05-06 14:59:00,905.0
2015-05-07 09:00:00,703.0
2015-05-07 09:01:00,725.0
2015-05-07 09:02:00,724.0
2015-05-07 09:03:00,730.0
2015-05-07 10:31:00,747.0
2015-05-07 10:32:00,747.0
2015-05-07 10:49:00,721.0
2015-05-07 10:50:00,721.0
2015-05-07 10:56:00,707.0
2015-05-07 10:59:00,703.0
2015-05-07 11:00:00,698.0
2015-05-07 11:01:00,698.0
2015-05-07 11:02:00,697.0
2015-05-07 11:11:00,700.0
2015-05-07 11:12:00,698.0
2015-05-07 14:59:00,698.0
2015-05-08 09:00:00,738.0
2015-05-08 09:12:00,748.0
2015-05-08 09:15:00,742.0
2015-05-08 09:17:00,753.0
2015-05-08 09:19:00,735.0
2015-05-08 09:55:00,690.0
2015-05-08 10:31:00,653.0
2015-05-08 11:11:00,615.0
2015-05-08 13:31:00,643.0
2015-05-08 13:48:00,646.0
2015-05-08 14:49:00,603.0
2015-05-08 14:59:00,615.0
2015-05-11 09:00:00,562.0
2015-05-11 09:01:00,569.0
2015-05-11 09:17:00,493.0
2015-05-11 11:11:00,520.0
2015-05-11 14:59:00,508.0
2015-05-12 09:00:00,348.0
2015-05-12 09:01:00,338.0
2015-05-12 09:02:00,330.0
2015-05-12 09:22:00,361.0
2015-05-12 11:11:00,316.0
2015-05-12 14:59:00,391.0
2015-05-13 10:54:00,307.0
2015-05-13 11:11:00,306.0
2015-05-13 11:26:00,404.0
2015-05-13 14:59:00,437.0
2015-05-14 09:25:00,628.0
2015-05-14 10:31:00,646.0
2015-05-14 14:59:00,586.0
2015-05-15 14:17:00,575.0
2015-05-15 14:20:00,546.0
2015-05-15 14:30:00,530.0
2015-05-15 14:31:00,528.0
2015-05-15 14:59:00,525.0
2015-05-18 10:46:00,540.0
2015-05-18 10:48:00,540.0
2015-05-18 14:35:00,536.0
2015-05-18 14:37:00,549.0
2015-05-18 14:49:00,553.0
2015-05-18 14:52:00,557.0
2015-05-18 14:59:00,573.0
2015-05-19 09:00:00,607.0
2015-05-19 09:01:00,589.0
2015-05-19 11:27:00,510.0
2015-05-19 14:59:00,595.0
2015-05-20 09:00:00,742.0
2015-05-20 13:34:00,816.0
2015-05-20 14:59:00,816.0
2015-05-21 09:06:00,662.0
2015-05-21 10:11:00,614.0
2015-05-21 10:31:00,605.0
2015-05-21 10:40:00,600.0
2015-05-21 10:41:00,590.0
2015-05-21 11:12:00,588.0
2015-05-21 11:17:00,583.0
2015-05-21 11:29:00,575.0
2015-05-21 13:30:00,573.0
2015-05-21 13:31:00,570.0
2015-05-21 13:36:00,579.0
2015-05-21 14:59:00,553.0
2015-05-22 09:03:00,583.0
2015-05-22 09:04:00,582.0
2015-05-22 09:13:00,601.0
2015-05-22 10:30:00,454.0
2015-05-22 10:31:00,453.0
2015-05-22 14:59:00,517.0
2015-05-25 10:50:00,504.0
2015-05-25 11:15:00,495.0
2015-05-25 13:43:00,443.0
2015-05-25 14:45:00,475.0
2015-05-25 14:48:00,493.0
2015-05-25 14:59:00,485.0
2015-05-26 09:00:00,605.0
2015-05-26 09:01:00,605.0
2015-05-26 09:35:00,696.0
2015-05-26 10:41:00,660.0
2015-05-26 10:51:00,688.0
2015-05-26 14:59:00,468.0
2015-05-27 09:53:00,447.0
2015-05-27 09:55:00,438.0
2015-05-27 14:59:00,493.0
2015-05-28 10:01:00,539.0
2015-05-28 11:00:00,531.0
2015-05-28 11:11:00,530.0
2015-05-28 13:56:00,503.0
2015-05-28 13:59:00,481.0
2015-05-28 14:03:00,490.0
2015-05-28 14:16:00,490.0
2015-05-28 14:59:00,435.0
2015-05-29 09:01:00,472.0
2015-05-29 09:02:00,472.0
2015-05-29 09:09:00,478.0
2015-05-29 09:14:00,516.0
2015-05-29 09:40:00,563.0
2015-05-29 10:05:00,302.0
2015-05-29 10:31:00,375.0
2015-05-29 14:50:00,317.0
2015-05-29 14:51:00,319.0
2015-05-29 14:59:00,319.0
2015-06-01 09:00:00,312.0
2015-06-01 09:01:00,310.0
2015-06-01 09:02:00,311.0
2015-06-01 09:04:00,314.0
2015-06-01 11:10:00,231.0
2015-06-01 14:31:00,297.0
2015-06-01 14:35:00,325.0
2015-06-01 14:36:00,339.0
2015-06-01 14:49:00,405.0
2015-06-01 14:59:00,304.0
2015-06-02 09:01:00,322.0
2015-06-02 11:15:00,225.0
2015-06-02 14:59:00,321.0
2015-06-03 09:02:00,250.0
2015-06-03 09:10:00,226.0
2015-06-03 09:20:00,217.0
2015-06-03 09:21:00,198.0
2015-06-03 09:31:00,193.0
2015-06-03 10:32:00,196.0
2015-06-03 11:14:00,195.0
2015-06-03 11:15:00,197.0
2015-06-03 11:16:00,199.0
2015-06-03 14:01:00,192.0
2015-06-03 14:15:00,198.0
2015-06-03 14:52:00,231.0
2015-06-03 14:59:00,258.0
2015-06-04 09:00:00,322.0
2015-06-04 09:01:00,322.0
2015-06-04 10:39:00,270.0
2015-06-04 10:46:00,236.0
2015-06-04 11:15:00,242.0
2015-06-04 14:59:00,207.0
2015-06-05 10:52:00,321.0
2015-06-05 11:02:00,345.0
2015-06-05 14:45:00,271.0
2015-06-05 14:59:00,271.0
2015-06-08 14:59:00,337.0
2015-06-09 09:00:00,242.0
2015-06-09 09:17:00,247.0
2015-06-09 09:21:00,242.0
2015-06-09 09:22:00,237.0
2015-06-09 09:37:00,234.0
2015-06-09 09:42:00,225.0
2015-06-09 09:49:00,244.0
2015-06-09 10:31:00,216.0
2015-06-09 11:11:00,215.0
2015-06-09 11:18:00,239.0
2015-06-09 14:56:00,133.0
2015-06-09 14:59:00,109.0
2015-06-10 09:31:00,131.0
2015-06-10 11:11:00,142.0
2015-06-10 14:00:00,172.0
2015-06-10 14:43:00,115.0
2015-06-10 14:44:00,105.0
2015-06-10 14:47:00,115.0
2015-06-10 14:59:00,95.0
2015-06-11 10:32:00,69.0
2015-06-11 11:09:00,57.0
2015-06-11 11:11:00,60.0
2015-06-11 11:18:00,55.0
2015-06-11 11:19:00,54.0
2015-06-11 11:21:00,53.0
2015-06-11 11:22:00,53.0
2015-06-11 13:32:00,53.0
2015-06-11 13:34:00,65.0
2015-06-11 14:59:00,88.0
2015-06-12 09:00:00,-132.0
2015-06-12 09:01:00,-134.0
2015-06-12 09:46:00,-110.0
2015-06-12 10:31:00,-121.0
2015-06-12 10:38:00,-109.0
2015-06-12 11:11:00,-77.0
2015-06-12 14:59:00,83.0
2015-06-15 14:59:00,263.0
2015-06-16 14:59:00,613.0
2015-06-17 14:59:00,833.0
2015-06-18 09:13:00,703.0
2015-06-18 09:15:00,693.0
2015-06-18 09:29:00,646.0
2015-06-18 09:30:00,613.0
2015-06-18 10:31:00,633.0
2015-06-18 10:32:00,639.0
2015-06-18 11:11:00,622.0
2015-06-18 14:59:00,622.0
2015-06-19 09:00:00,552.0
2015-06-19 09:04:00,541.0
2015-06-19 09:05:00,535.0
2015-06-19 09:09:00,523.0
2015-06-19 09:10:00,520.0
2015-06-19 09:12:00,517.0
2015-06-19 11:12:00,511.0
2015-06-19 14:59:00,502.0
2015-06-23 09:00:00,495.0
2015-06-23 09:02:00,491.0
2015-06-23 09:04:00,491.0
2015-06-23 09:34:00,494.0
2015-06-23 09:35:00,497.0
2015-06-23 11:06:00,518.0
2015-06-23 11:11:00,510.0
2015-06-23 11:14:00,509.0
2015-06-23 14:50:00,392.0
2015-06-23 14:59:00,414.0
2015-06-24 09:34:00,451.0
2015-06-24 09:35:00,459.0
2015-06-24 10:31:00,450.0
2015-06-24 13:31:00,385.0
2015-06-24 13:33:00,363.0
2015-06-24 13:35:00,362.0
2015-06-24 13:56:00,359.0
2015-06-24 13:58:00,358.0
2015-06-24 14:59:00,360.0
2015-06-25 09:08:00,369.0
2015-06-25 09:26:00,373.0
2015-06-25 09:27:00,375.0
2015-06-25 10:31:00,364.0
2015-06-25 11:11:00,368.0
2015-06-25 14:25:00,425.0
2015-06-25 14:59:00,425.0
2015-06-26 09:00:00,304.0
2015-06-26 09:04:00,267.0
2015-06-26 09:05:00,267.0
2015-06-26 09:28:00,249.0
2015-06-26 10:49:00,340.0
2015-06-26 11:11:00,355.0
2015-06-26 11:19:00,387.0
2015-06-26 13:41:00,396.0
2015-06-26 14:59:00,396.0
2015-06-29 09:02:00,289.0
2015-06-29 09:03:00,264.0
2015-06-29 11:04:00,356.0
2015-06-29 11:29:00,371.0
2015-06-29 13:32:00,410.0
2015-06-29 13:34:00,488.0
2015-06-29 14:59:00,607.0
2015-06-30 09:14:00,1175.0
2015-06-30 13:33:00,1074.0
2015-06-30 13:43:00,1028.0
2015-06-30 13:46:00,959.0
2015-06-30 13:49:00,943.0
2015-06-30 13:51:00,941.0
2015-06-30 13:58:00,952.0
2015-06-30 13:59:00,933.0
2015-06-30 14:01:00,936.0
2015-06-30 14:02:00,920.0
2015-06-30 14:24:00,923.0
2015-06-30 14:27:00,951.0
2015-06-30 14:34:00,867.0
2015-06-30 14:43:00,872.0
2015-06-30 14:45:00,860.0
2015-06-30 14:48:00,860.0
2015-06-30 14:56:00,853.0
2015-06-30 14:59:00,852.0
2015-07-01 09:01:00,858.0
2015-07-01 09:02:00,843.0
2015-07-01 09:03:00,844.0
2015-07-01 09:04:00,840.0
2015-07-01 09:06:00,843.0
2015-07-01 09:11:00,853.0
2015-07-01 11:14:00,834.0
2015-07-01 14:59:00,849.0
2015-07-02 11:26:00,820.0
2015-07-02 11:27:00,818.0
2015-07-02 11:28:00,817.0
2015-07-02 11:29:00,816.0
2015-07-02 13:30:00,806.0
2015-07-02 14:59:00,791.0
2015-07-03 09:00:00,815.0
2015-07-03 09:01:00,805.0
2015-07-03 09:02:00,801.0
2015-07-03 09:11:00,803.0
2015-07-03 09:12:00,798.0
2015-07-03 10:31:00,750.0
2015-07-03 10:35:00,743.0
2015-07-03 10:42:00,753.0
2015-07-03 11:20:00,764.0
2015-07-03 11:21:00,763.0
2015-07-03 11:22:00,753.0
2015-07-03 11:26:00,755.0
2015-07-03 13:30:00,759.0
2015-07-03 13:31:00,749.0
2015-07-03 13:34:00,751.0
2015-07-03 13:47:00,745.0
2015-07-03 13:51:00,747.0
2015-07-03 13:52:00,737.0
2015-07-03 13:54:00,742.0
2015-07-03 13:57:00,732.0
2015-07-03 14:50:00,673.0
2015-07-03 14:59:00,674.0
2015-07-06 09:00:00,615.0
2015-07-06 09:01:00,619.0
2015-07-06 10:31:00,872.0
2015-07-06 11:11:00,820.0
2015-07-06 14:59:00,880.0
2015-07-07 14:59:00,1730.0
2015-07-08 09:24:00,1759.0
2015-07-08 09:25:00,1722.0
2015-07-08 09:26:00,1765.0
2015-07-08 11:11:00,1893.0
2015-07-08 14:59:00,2323.0
2015-07-09 09:00:00,1563.0
2015-07-09 09:01:00,1562.0
2015-07-09 10:11:00,1593.0
2015-07-09 10:12:00,1586.0
2015-07-09 10:14:00,1602.0
2015-07-09 10:32:00,1562.0
2015-07-09 11:16:00,1549.0
2015-07-09 13:31:00,1627.0
2015-07-09 13:32:00,1645.0
2015-07-09 13:43:00,1715.0
2015-07-09 14:39:00,1660.0
2015-07-09 14:41:00,1640.0
2015-07-09 14:43:00,1638.0
2015-07-09 14:44:00,1625.0
2015-07-09 14:45:00,1623.0
2015-07-09 14:46:00,1610.0
2015-07-09 14:49:00,1608.0
2015-07-09 14:52:00,1588.0
2015-07-09 14:56:00,1585.0
2015-07-09 14:59:00,1580.0
2015-07-10 09:00:00,1674.0
2015-07-10 09:01:00,1669.0
2015-07-10 11:03:00,1774.0
2015-07-10 11:11:00,1664.0
2015-07-10 14:31:00,1566.0
2015-07-10 14:32:00,1551.0
2015-07-10 14:47:00,1550.0
2015-07-10 14:48:00,1543.0
2015-07-10 14:49:00,1542.0
2015-07-10 14:52:00,1535.0
2015-07-10 14:59:00,1535.0
2015-07-13 09:01:00,1534.0
2015-07-13 09:03:00,1530.0
2015-07-13 14:33:00,1529.0
2015-07-13 14:34:00,1527.0
2015-07-13 14:35:00,1531.0
2015-07-13 14:59:00,1498.0
2015-07-14 09:09:00,1442.0
2015-07-14 13:39:00,1440.0
2015-07-14 14:54:00,1446.0
2015-07-14 14:56:00,1446.0
2015-07-14 14:59:00,1439.0
2015-07-15 09:38:00,1455.0
2015-07-15 09:52:00,1463.0
2015-07-15 09:54:00,1482.0
2015-07-15 09:55:00,1481.0
2015-07-15 13:32:00,1506.0
2015-07-15 13:33:00,1505.0
2015-07-15 14:59:00,1527.0
2015-07-16 09:51:00,1633.0
2015-07-16 10:31:00,1605.0
2015-07-16 11:27:00,1500.0
2015-07-16 11:28:00,1473.0
2015-07-16 11:29:00,1472.0
2015-07-16 13:31:00,1470.0
2015-07-16 13:33:00,1474.0
2015-07-16 13:41:00,1491.0
2015-07-16 13:42:00,1497.0
2015-07-16 14:59:00,1447.0
2015-07-17 13:32:00,1389.0
2015-07-17 13:35:00,1386.0
2015-07-17 14:37:00,1412.0
2015-07-17 14:40:00,1421.0
2015-07-17 14:59:00,1427.0
2015-07-20 09:00:00,1528.0
2015-07-20 09:01:00,1576.0
2015-07-20 09:02:00,1569.0
2015-07-20 10:31:00,1539.0
2015-07-20 10:32:00,1530.0
2015-07-20 11:19:00,1401.0
2015-07-20 11:23:00,1427.0
2015-07-20 14:59:00,1748.0
2015-07-21 10:59:00,1537.0
2015-07-21 11:19:00,1597.0
2015-07-21 14:06:00,1510.0
2015-07-21 14:59:00,1493.0
2015-07-22 09:27:00,1457.0
2015-07-22 09:40:00,1432.0
2015-07-22 09:41:00,1439.0
2015-07-22 09:45:00,1418.0
2015-07-22 10:55:00,1411.0
2015-07-22 11:12:00,1409.0
2015-07-22 11:15:00,1411.0
2015-07-22 11:17:00,1400.0
2015-07-22 11:26:00,1400.0
2015-07-22 11:29:00,1410.0
2015-07-22 13:30:00,1427.0
2015-07-22 13:31:00,1423.0
2015-07-22 13:33:00,1427.0
2015-07-22 13:40:00,1472.0
2015-07-22 13:46:00,1505.0
2015-07-22 14:59:00,1518.0
2015-07-23 09:01:00,1567.0
2015-07-23 11:25:00,1368.0
2015-07-23 13:31:00,1360.0
2015-07-23 13:34:00,1365.0
2015-07-23 13:35:00,1350.0
2015-07-23 14:59:00,1373.0
2015-07-24 13:31:00,1342.0
2015-07-24 14:59:00,1387.0
2015-07-27 09:00:00,1285.0
2015-07-27 09:01:00,1278.0
2015-07-27 09:02:00,1281.0
2015-07-27 10:31:00,1257.0
2015-07-27 11:11:00,1310.0
2015-07-27 14:59:00,1227.0
2015-07-28 09:00:00,1143.0
2015-07-28 09:02:00,1113.0
2015-07-28 09:05:00,1157.0
2015-07-28 09:07:00,1220.0
2015-07-28 09:08:00,1200.0
2015-07-28 09:11:00,1243.0
2015-07-28 10:31:00,1199.0
2015-07-28 11:12:00,1355.0
2015-07-28 14:59:00,1164.0
2015-07-29 09:26:00,1566.0
2015-07-29 14:59:00,1586.0
2015-07-30 11:09:00,1395.0
2015-07-30 14:34:00,1375.0
2015-07-30 14:35:00,1359.0
2015-07-30 14:36:00,1352.0
2015-07-30 14:59:00,1369.0
2015-07-31 10:39:00,1523.0
2015-07-31 11:19:00,1449.0
2015-07-31 13:59:00,1438.0
2015-07-31 14:59:00,1438.0
2015-08-03 11:03:00,1456.0
2015-08-03 11:11:00,1473.0
2015-08-03 13:40:00,1418.0
2015-08-03 13:41:00,1418.0
2015-08-03 13:50:00,1416.0
2015-08-03 13:51:00,1415.0
2015-08-03 14:48:00,1418.0
2015-08-03 14:49:00,1417.0
2015-08-03 14:59:00,1417.0
2015-08-04 11:14:00,1409.0
2015-08-04 13:38:00,1358.0
2015-08-04 13:49:00,1367.0
2015-08-04 14:44:00,1350.0
2015-08-04 14:47:00,1335.0
2015-08-04 14:59:00,1338.0
2015-08-05 09:02:00,1347.0
2015-08-05 09:28:00,1354.0
2015-08-05 10:48:00,1353.0
2015-08-05 11:15:00,1360.0
2015-08-05 14:07:00,1323.0
2015-08-05 14:09:00,1322.0
2015-08-05 14:10:00,1321.0
2015-08-05 14:25:00,1323.0
2015-08-05 14:27:00,1322.0
2015-08-05 14:38:00,1310.0
2015-08-05 14:57:00,1322.0
2015-08-05 14:59:00,1322.0
2015-08-06 09:00:00,1291.0
2015-08-06 09:01:00,1291.0
2015-08-06 09:05:00,1289.0
2015-08-06 09:07:00,1287.0
2015-08-06 09:08:00,1282.0
2015-08-06 09:09:00,1282.0
2015-08-06 09:17:00,1282.0
2015-08-06 09:27:00,1314.0
2015-08-06 10:35:00,1290.0
2015-08-06 11:11:00,1288.0
2015-08-06 13:31:00,1217.0
2015-08-06 14:59:00,1280.0
2015-08-07 09:00:00,1375.0
2015-08-07 09:01:00,1357.0
2015-08-07 13:35:00,1506.0
2015-08-07 14:59:00,1377.0
2015-08-10 09:05:00,1450.0
2015-08-10 14:59:00,1550.0
2015-08-11 09:00:00,1357.0
2015-08-11 09:01:00,1379.0
2015-08-11 09:02:00,1372.0
2015-08-11 09:03:00,1365.0
2015-08-11 09:04:00,1364.0
2015-08-11 09:05:00,1360.0
2015-08-11 09:06:00,1349.0
2015-08-11 09:40:00,1339.0
2015-08-11 09:42:00,1338.0
2015-08-11 10:42:00,1338.0
2015-08-11 10:43:00,1337.0
2015-08-11 11:11:00,1336.0
2015-08-11 11:12:00,1335.0
2015-08-11 11:15:00,1335.0
2015-08-11 11:20:00,1338.0
2015-08-11 13:38:00,1314.0
2015-08-11 14:57:00,1306.0
2015-08-11 14:59:00,1305.0
2015-08-12 09:38:00,1308.0
2015-08-12 09:54:00,1318.0
2015-08-12 10:31:00,1313.0
2015-08-12 13:30:00,1302.0
2015-08-12 14:26:00,1318.0
2015-08-12 14:59:00,1338.0
2015-08-13 09:00:00,1400.0
2015-08-13 09:01:00,1435.0
2015-08-13 10:31:00,1442.0
2015-08-13 11:11:00,1341.0
2015-08-13 14:59:00,1479.0
2015-08-14 09:00:00,1405.0
2015-08-14 09:01:00,1405.0
2015-08-14 14:59:00,1413.0
2015-08-17 09:00:00,1324.0
2015-08-17 09:03:00,1320.0
2015-08-17 09:04:00,1316.0
2015-08-17 09:06:00,1315.0
2015-08-17 09:17:00,1318.0
2015-08-17 09:20:00,1322.0
2015-08-17 09:57:00,1339.0
2015-08-17 10:31:00,1336.0
2015-08-17 11:11:00,1321.0
2015-08-17 14:29:00,1287.0
2015-08-17 14:59:00,1360.0
2015-08-18 14:59:00,1452.0
2015-08-19 09:00:00,1543.0
2015-08-19 14:59:00,1503.0
2015-08-20 14:59:00,1683.0
2015-08-21 09:00:00,1602.0
2015-08-21 09:01:00,1592.0
2015-08-21 14:59:00,1739.0
2015-08-24 09:00:00,1931.0
2015-08-24 14:59:00,2591.0
2015-08-25 09:54:00,2320.0
2015-08-25 09:58:00,2283.0
2015-08-25 11:11:00,2387.0
2015-08-25 14:59:00,2569.0
2015-08-26 09:00:00,2329.0
2015-08-26 14:59:00,2512.0
2015-08-27 09:15:00,2310.0
2015-08-27 09:16:00,2294.0
2015-08-27 09:18:00,2286.0
2015-08-27 09:22:00,2279.0
2015-08-27 09:23:00,2235.0
2015-08-27 09:24:00,2236.0
2015-08-27 09:25:00,2235.0
2015-08-27 09:27:00,2214.0
2015-08-27 09:30:00,2226.0
2015-08-27 09:31:00,2214.0
2015-08-27 09:34:00,2221.0
2015-08-27 09:36:00,2212.0
2015-08-27 10:32:00,2209.0
2015-08-27 11:12:00,2191.0
2015-08-27 11:21:00,2190.0
2015-08-27 11:28:00,2198.0
2015-08-27 14:43:00,2217.0
2015-08-27 14:59:00,2217.0
2015-08-28 09:00:00,2336.0
2015-08-28 09:06:00,2394.0
2015-08-28 10:32:00,2306.0
2015-08-28 10:38:00,2235.0
2015-08-28 10:58:00,2261.0
2015-08-28 10:59:00,2253.0
2015-08-28 14:59:00,2227.0
2015-08-31 09:00:00,2120.0
2015-08-31 09:02:00,2118.0
2015-08-31 09:04:00,2116.0
2015-08-31 11:17:00,2115.0
2015-08-31 14:54:00,2121.0
2015-08-31 14:59:00,2144.0
2015-09-01 10:39:00,2030.0
2015-09-01 14:59:00,2067.0
2015-09-02 09:02:00,2117.0
2015-09-02 11:00:00,2149.0
2015-09-02 14:59:00,2109.0
2015-09-07 09:00:00,2338.0
2015-09-07 09:01:00,2241.0
2015-09-07 10:31:00,2378.0
2015-09-07 14:59:00,2388.0
2015-09-08 11:00:00,2327.0
2015-09-08 14:10:00,2295.0
2015-09-08 14:25:00,2276.0
2015-09-08 14:29:00,2265.0
2015-09-08 14:41:00,2263.0
2015-09-08 14:46:00,2258.0
2015-09-08 14:47:00,2256.0
2015-09-08 14:50:00,2255.0
2015-09-08 14:51:00,2250.0
2015-09-08 14:52:00,2249.0
2015-09-08 14:58:00,2253.0
2015-09-08 14:59:00,2262.0
2015-09-09 09:00:00,2357.0
2015-09-09 09:01:00,2361.0
2015-09-09 14:02:00,2233.0
2015-09-09 14:08:00,2213.0
2015-09-09 14:59:00,2206.0
2015-09-10 09:11:00,2156.0
2015-09-10 13:42:00,2260.0
2015-09-10 13:51:00,2265.0
2015-09-10 14:59:00,2240.0
2015-09-11 11:15:00,2197.0
2015-09-11 14:27:00,2188.0
2015-09-11 14:30:00,2182.0
2015-09-11 14:33:00,2182.0
2015-09-11 14:38:00,2177.0
2015-09-11 14:39:00,2171.0
2015-09-11 14:48:00,2170.0
2015-09-11 14:59:00,2169.0
2015-09-14 09:00:00,2176.0
2015-09-14 09:01:00,2174.0
2015-09-14 11:11:00,2153.0
2015-09-14 14:59:00,2183.0
2015-09-15 13:46:00,2227.0
2015-09-15 13:54:00,2252.0
2015-09-15 14:59:00,2348.0
2015-09-16 09:00:00,2147.0
2015-09-16 09:01:00,2127.0
2015-09-16 09:08:00,2160.0
2015-09-16 10:31:00,2160.0
2015-09-16 10:32:00,2151.0
2015-09-16 13:35:00,2246.0
2015-09-16 14:00:00,2187.0
2015-09-16 14:30:00,2147.0
2015-09-16 14:38:00,2139.0
2015-09-16 14:39:00,2138.0
2015-09-16 14:42:00,2125.0
2015-09-16 14:43:00,2124.0
2015-09-16 14:59:00,2124.0
2015-09-17 10:11:00,2130.0
2015-09-17 10:30:00,2130.0
2015-09-17 10:31:00,2112.0
2015-09-17 10:35:00,2110.0
2015-09-17 11:11:00,2107.0
2015-09-17 11:17:00,2112.0
2015-09-17 14:04:00,2125.0
2015-09-17 14:05:00,2149.0
2015-09-17 14:58:00,2015.0
2015-09-17 14:59:00,2006.0
2015-09-18 09:08:00,1999.0
2015-09-18 09:09:00,1998.0
2015-09-18 11:11:00,2008.0
2015-09-18 11:18:00,1994.0
2015-09-18 11:25:00,1988.0
2015-09-18 13:34:00,1980.0
2015-09-18 14:00:00,1976.0
2015-09-18 14:21:00,1975.0
2015-09-18 14:22:00,1976.0
2015-09-18 14:59:00,1967.0
2015-09-21 09:08:00,1966.0
2015-09-21 09:12:00,1972.0
2015-09-21 09:16:00,2007.0
2015-09-21 09:40:00,2040.0
2015-09-21 10:31:00,2005.0
2015-09-21 11:14:00,2095.0
2015-09-21 14:59:00,2085.0
2015-09-22 14:59:00,2215.0
2015-09-23 14:08:00,2119.0
2015-09-23 14:09:00,2113.0
2015-09-23 14:10:00,2112.0
2015-09-23 14:11:00,2111.0
2015-09-23 14:59:00,2112.0
2015-09-24 10:51:00,2107.0
2015-09-24 10:54:00,2107.0
2015-09-24 11:16:00,2110.0
2015-09-24 14:28:00,2109.0
2015-09-24 14:45:00,2110.0
2015-09-24 14:59:00,2092.0
2015-09-25 09:00:00,2041.0
2015-09-25 09:01:00,2039.0
2015-09-25 09:02:00,2037.0
2015-09-25 09:03:00,2037.0
2015-09-25 09:04:00,2037.0
2015-09-25 10:31:00,2045.0
2015-09-25 11:11:00,2021.0
2015-09-25 11:18:00,1998.0
2015-09-25 14:04:00,1988.0
2015-09-25 14:08:00,1990.0
2015-09-25 14:10:00,1987.0
2015-09-25 14:32:00,1982.0
2015-09-25 14:46:00,1981.0
2015-09-25 14:56:00,1984.0
2015-09-25 14:59:00,1980.0
2015-09-28 09:00:00,2041.0
2015-09-28 09:01:00,2011.0
2015-09-28 09:48:00,2046.0
2015-09-28 09:59:00,2064.0
2015-09-28 10:31:00,2063.0
2015-09-28 14:59:00,2213.0
2015-09-29 14:21:00,2332.0
2015-09-29 14:59:00,2455.0
2015-09-30 11:07:00,2558.0
2015-09-30 14:59:00,2538.0
2015-10-08 09:00:00,2398.0
2015-10-08 09:01:00,2407.0
2015-10-08 10:33:00,2415.0
2015-10-08 10:36:00,2391.0
2015-10-08 10:37:00,2360.0
2015-10-08 10:40:00,2342.0
2015-10-08 10:41:00,2334.0
2015-10-08 10:42:00,2333.0
2015-10-08 14:08:00,2277.0
2015-10-08 14:59:00,2273.0
2015-10-09 09:11:00,2295.0
2015-10-09 11:12:00,2298.0
2015-10-09 11:20:00,2316.0
2015-10-09 11:21:00,2330.0
2015-10-09 11:23:00,2316.0
2015-10-09 13:30:00,2355.0
2015-10-09 14:14:00,2376.0
2015-10-09 14:21:00,2389.0
2015-10-09 14:22:00,2375.0
2015-10-09 14:26:00,2394.0
2015-10-09 14:34:00,2401.0
2015-10-09 14:59:00,2374.0
2015-10-12 09:02:00,2427.0
2015-10-12 09:03:00,2389.0
2015-10-12 09:13:00,2431.0
2015-10-12 09:17:00,2415.0
2015-10-12 09:56:00,2429.0
2015-10-12 10:01:00,2421.0
2015-10-12 10:02:00,2428.0
2015-10-12 10:36:00,2420.0
2015-10-12 10:37:00,2427.0
2015-10-12 10:38:00,2440.0
2015-10-12 10:43:00,2414.0
2015-10-12 10:44:00,2422.0
2015-10-12 10:46:00,2404.0
2015-10-12 14:49:00,2294.0
2015-10-12 14:59:00,2301.0
2015-10-13 09:00:00,2210.0
2015-10-13 09:01:00,2205.0
2015-10-13 09:08:00,2223.0
2015-10-13 10:31:00,2227.0
2015-10-13 10:42:00,2248.0
2015-10-13 11:11:00,2212.0
2015-10-13 14:11:00,2159.0
2015-10-13 14:59:00,2101.0
2015-10-14 13:48:00,2176.0
2015-10-14 14:59:00,2184.0
2015-10-15 10:14:00,2120.0
2015-10-15 10:31:00,2118.0
2015-10-15 10:46:00,2112.0
2015-10-15 11:05:00,2107.0
2015-10-15 11:06:00,2110.0
2015-10-15 11:11:00,2111.0
2015-10-15 14:02:00,2108.0
2015-10-15 14:16:00,2109.0
2015-10-15 14:20:00,2113.0
2015-10-15 14:23:00,2115.0
2015-10-15 14:59:00,2074.0
2015-10-16 09:00:00,2044.0
2015-10-16 09:01:00,2040.0
2015-10-16 09:06:00,2040.0
2015-10-16 09:13:00,2040.0
2015-10-16 09:30:00,2038.0
2015-10-16 09:33:00,2041.0
2015-10-16 09:41:00,2045.0
2015-10-16 10:42:00,2028.0
2015-10-16 10:48:00,1983.0
2015-10-16 13:52:00,1998.0
2015-10-16 14:33:00,2004.0
2015-10-16 14:48:00,2010.0
2015-10-16 14:59:00,1995.0
2015-10-19 09:04:00,1923.0
2015-10-19 11:11:00,1940.0
2015-10-19 11:28:00,1947.0
2015-10-19 13:30:00,2003.0
2015-10-19 14:59:00,2062.0
2015-10-20 13:56:00,2128.0
2015-10-20 14:59:00,2110.0
2015-10-21 11:11:00,2145.0
2015-10-21 14:02:00,2077.0
2015-10-21 14:48:00,2058.0
2015-10-21 14:59:00,2100.0
2015-10-22 09:00:00,2009.0
2015-10-22 10:32:00,2020.0
2015-10-22 11:03:00,2002.0
2015-10-22 11:07:00,2016.0
2015-10-22 11:25:00,2020.0
2015-10-22 13:30:00,2030.0
2015-10-22 14:59:00,2022.0
2015-10-23 09:01:00,2029.0
2015-10-23 09:04:00,2037.0
2015-10-23 09:05:00,2044.0
2015-10-23 09:06:00,2050.0
2015-10-23 09:40:00,2057.0
2015-10-23 10:31:00,2049.0
2015-10-23 11:11:00,2079.0
2015-10-23 14:59:00,2012.0
2015-10-26 14:59:00,2060.0
2015-10-27 10:00:00,2031.0
2015-10-27 10:02:00,2030.0
2015-10-27 10:34:00,2011.0
2015-10-27 10:35:00,1976.0
2015-10-27 10:36:00,1975.0
2015-10-27 10:39:00,1975.0
2015-10-27 10:40:00,1973.0
2015-10-27 10:41:00,1976.0
2015-10-27 10:47:00,1985.0
2015-10-27 11:10:00,1943.0
2015-10-27 11:12:00,1942.0
2015-10-27 11:14:00,1936.0
2015-10-27 13:31:00,1955.0
2015-10-27 14:59:00,1939.0
2015-10-28 09:00:00,1900.0
2015-10-28 09:20:00,1900.0
2015-10-28 09:22:00,1899.0
2015-10-28 10:31:00,1892.0
2015-10-28 10:32:00,1877.0
2015-10-28 11:11:00,1849.0
2015-10-28 11:12:00,1853.0
2015-10-28 11:14:00,1858.0
2015-10-28 11:19:00,1875.0
2015-10-28 14:59:00,1855.0
2015-10-29 14:59:00,1827.0
2015-10-30 11:12:00,1864.0
2015-10-30 14:59:00,1908.0
2015-11-02 09:46:00,1855.0
2015-11-02 09:53:00,1846.0
2015-11-02 10:02:00,1829.0
2015-11-02 10:03:00,1833.0
2015-11-02 10:12:00,1827.0
2015-11-02 10:14:00,1824.0
2015-11-02 10:30:00,1818.0
2015-11-02 10:31:00,1813.0
2015-11-02 10:32:00,1812.0
2015-11-02 11:11:00,1777.0
2015-11-02 14:56:00,1765.0
2015-11-02 14:59:00,1769.0
2015-11-03 09:00:00,1739.0
2015-11-03 09:01:00,1737.0
2015-11-03 09:08:00,1748.0
2015-11-03 09:51:00,1760.0
2015-11-03 09:53:00,1767.0
2015-11-03 10:31:00,1772.0
2015-11-03 11:11:00,1753.0
2015-11-03 14:59:00,1793.0
2015-11-04 10:03:00,1741.0
2015-11-04 14:59:00,1768.0
2015-11-05 10:32:00,1784.0
2015-11-05 14:59:00,1794.0
2015-11-06 09:00:00,1755.0
2015-11-06 10:09:00,1744.0
2015-11-06 10:31:00,1743.0
2015-11-06 10:50:00,1735.0
2015-11-06 10:55:00,1728.0
2015-11-06 11:00:00,1722.0
2015-11-06 11:01:00,1721.0
2015-11-06 11:11:00,1734.0
2015-11-06 11:12:00,1740.0
2015-11-06 11:14:00,1806.0
2015-11-06 11:29:00,1744.0
2015-11-06 13:39:00,1728.0
2015-11-06 14:59:00,1720.0
2015-11-09 09:08:00,1755.0
2015-11-09 09:09:00,1763.0
2015-11-09 09:13:00,1785.0
2015-11-09 14:59:00,1777.0
2015-11-10 11:25:00,1758.0
2015-11-10 13:33:00,1719.0
2015-11-10 13:36:00,1703.0
2015-11-10 13:41:00,1700.0
2015-11-10 13:46:00,1697.0
2015-11-10 14:25:00,1703.0
2015-11-10 14:59:00,1685.0
2015-11-11 09:00:00,1724.0
2015-11-11 09:01:00,1722.0
2015-11-11 11:11:00,1751.0
2015-11-11 14:59:00,1778.0
2015-11-12 09:00:00,1817.0
2015-11-12 09:01:00,1809.0
2015-11-12 09:31:00,1768.0
2015-11-12 09:55:00,1828.0
2015-11-12 10:31:00,1841.0
2015-11-12 14:59:00,1818.0
2015-11-13 10:13:00,1793.0
2015-11-13 10:31:00,1784.0
2015-11-13 11:25:00,1805.0
2015-11-13 14:59:00,1823.0
2015-11-16 09:16:00,1782.0
2015-11-16 09:21:00,1773.0
2015-11-16 09:23:00,1765.0
2015-11-16 09:47:00,1754.0
2015-11-16 11:11:00,1753.0
2015-11-16 13:33:00,1753.0
2015-11-16 13:36:00,1753.0
2015-11-16 13:37:00,1752.0
2015-11-16 14:12:00,1754.0
2015-11-16 14:20:00,1757.0
2015-11-16 14:59:00,1757.0
2015-11-17 09:02:00,1747.0
2015-11-17 09:52:00,1757.0
2015-11-17 09:53:00,1762.0
2015-11-17 10:35:00,1760.0
2015-11-17 13:32:00,1787.0
2015-11-17 14:59:00,1777.0
2015-11-18 14:59:00,1957.0
2015-11-19 14:59:00,2247.0
2015-11-20 14:59:00,2347.0
2015-11-23 14:59:00,2727.0
2015-11-24 14:59:00,2627.0
2015-11-25 09:00:00,2479.0
2015-11-25 09:01:00,2480.0
2015-11-25 10:31:00,2492.0
2015-11-25 11:11:00,2493.0
2015-11-25 13:40:00,2480.0
2015-11-25 14:13:00,2473.0
2015-11-25 14:22:00,2470.0
2015-11-25 14:26:00,2469.0
2015-11-25 14:59:00,2469.0
2015-11-26 09:02:00,2469.0
2015-11-26 09:12:00,2470.0
2015-11-26 09:14:00,2472.0
2015-11-26 09:15:00,2470.0
2015-11-26 09:28:00,2472.0
2015-11-26 09:29:00,2476.0
2015-11-26 09:30:00,2466.0
2015-11-26 09:32:00,2476.0
2015-11-26 09:36:00,2471.0
2015-11-26 09:37:00,2478.0
2015-11-26 09:48:00,2477.0
2015-11-26 09:49:00,2483.0
2015-11-26 10:03:00,2482.0
2015-11-26 10:04:00,2485.0
2015-11-26 10:05:00,2480.0
2015-11-26 10:07:00,2483.0
2015-11-26 10:08:00,2468.0
2015-11-26 10:31:00,2475.0
2015-11-26 10:32:00,2475.0
2015-11-26 11:13:00,2457.0
2015-11-26 11:17:00,2468.0
2015-11-26 11:23:00,2479.0
2015-11-26 13:52:00,2466.0
2015-11-26 13:53:00,2474.0
2015-11-26 13:55:00,2461.0
2015-11-26 13:57:00,2474.0
2015-11-26 13:59:00,2455.0
2015-11-26 14:09:00,2436.0
2015-11-26 14:24:00,2460.0
2015-11-26 14:25:00,2453.0
2015-11-26 14:41:00,2419.0
2015-11-26 14:42:00,2415.0
2015-11-26 14:43:00,2410.0
2015-11-26 14:48:00,2411.0
2015-11-26 14:59:00,2416.0
2015-11-27 09:01:00,2420.0
2015-11-27 09:19:00,2425.0
2015-11-27 09:22:00,2425.0
2015-11-27 09:55:00,2443.0
2015-11-27 09:56:00,2451.0
2015-11-27 10:34:00,2455.0
2015-11-27 11:11:00,2459.0
2015-11-27 11:17:00,2480.0
2015-11-27 13:37:00,2497.0
2015-11-27 14:59:00,2506.0
2015-11-30 09:03:00,2688.0
2015-11-30 14:59:00,2818.0
2015-12-01 14:01:00,2682.0
2015-12-01 14:59:00,2712.0
2015-12-02 09:00:00,2573.0
2015-12-02 09:01:00,2571.0
2015-12-02 09:02:00,2567.0
2015-12-02 10:32:00,2567.0
2015-12-02 11:12:00,2524.0
2015-12-02 11:29:00,2508.0
2015-12-02 13:44:00,2528.0
2015-12-02 14:59:00,2533.0
2015-12-03 11:11:00,2445.0
2015-12-03 11:22:00,2422.0
2015-12-03 13:31:00,2420.0
2015-12-03 13:32:00,2415.0
2015-12-03 13:40:00,2413.0
2015-12-03 14:48:00,2426.0
2015-12-03 14:59:00,2421.0
2015-12-04 09:01:00,2415.0
2015-12-04 09:20:00,2442.0
2015-12-04 09:24:00,2448.0
2015-12-04 09:25:00,2447.0
2015-12-04 10:35:00,2361.0
2015-12-04 10:44:00,2355.0
2015-12-04 11:29:00,2324.0
2015-12-04 13:37:00,2315.0
2015-12-04 13:38:00,2314.0
2015-12-04 14:59:00,2329.0
2015-12-07 09:08:00,2289.0
2015-12-07 09:09:00,2288.0
2015-12-07 09:13:00,2315.0
2015-12-07 09:14:00,2318.0
2015-12-07 10:45:00,2305.0
2015-12-07 11:01:00,2314.0
2015-12-07 11:11:00,2300.0
2015-12-07 11:29:00,2322.0
2015-12-07 13:48:00,2363.0
2015-12-07 14:59:00,2337.0
2015-12-08 09:01:00,2170.0
2015-12-08 09:05:00,2145.0
2015-12-08 09:06:00,2144.0
2015-12-08 10:31:00,2155.0
2015-12-08 11:11:00,2194.0
2015-12-08 14:59:00,2188.0
2015-12-09 14:31:00,2181.0
2015-12-09 14:40:00,2176.0
2015-12-09 14:59:00,2189.0
2015-12-10 09:00:00,2158.0
2015-12-10 09:01:00,2157.0
2015-12-10 09:03:00,2156.0
2015-12-10 11:11:00,2142.0
2015-12-10 11:12:00,2147.0
2015-12-10 13:42:00,2158.0
2015-12-10 14:00:00,2170.0
2015-12-10 14:02:00,2175.0
2015-12-10 14:59:00,2147.0
2015-12-11 09:04:00,2108.0
2015-12-11 09:05:00,2098.0
2015-12-11 10:34:00,2113.0
2015-12-11 11:05:00,2092.0
2015-12-11 11:11:00,2090.0
2015-12-11 11:14:00,2084.0
2015-12-11 11:15:00,2077.0
2015-12-11 11:17:00,2076.0
2015-12-11 11:19:00,2079.0
2015-12-11 13:36:00,2070.0
2015-12-11 14:44:00,2105.0
2015-12-11 14:59:00,2085.0
2015-12-14 09:10:00,1993.0
2015-12-14 10:57:00,2090.0
2015-12-14 10:58:00,2114.0
2015-12-14 11:00:00,2149.0
2015-12-14 14:59:00,2121.0
2015-12-15 09:11:00,2304.0
2015-12-15 13:40:00,2073.0
2015-12-15 14:59:00,2064.0
2015-12-16 14:59:00,2201.0
2015-12-17 11:11:00,2356.0
2015-12-17 13:53:00,2372.0
2015-12-17 14:35:00,2243.0
2015-12-17 14:59:00,2268.0
2015-12-18 10:31:00,2384.0
2015-12-18 13:34:00,2475.0
2015-12-18 14:59:00,2575.0
2015-12-21 09:00:00,2814.0
2015-12-21 09:01:00,2871.0
2015-12-21 14:59:00,2954.0
2015-12-22 10:03:00,2778.0
2015-12-22 10:04:00,2770.0
2015-12-22 11:00:00,2726.0
2015-12-22 11:01:00,2726.0
2015-12-22 11:03:00,2720.0
2015-12-22 14:59:00,2780.0
2015-12-23 09:00:00,2705.0
2015-12-23 09:19:00,2703.0
2015-12-23 09:31:00,2701.0
2015-12-23 09:35:00,2697.0
2015-12-23 10:38:00,2698.0
2015-12-23 10:49:00,2696.0
2015-12-23 10:50:00,2697.0
2015-12-23 10:52:00,2698.0
2015-12-23 10:54:00,2693.0
2015-12-23 11:00:00,2695.0
2015-12-23 11:01:00,2692.0
2015-12-23 11:12:00,2688.0
2015-12-23 14:05:00,2663.0
2015-12-23 14:59:00,2673.0
2015-12-24 09:10:00,2641.0
2015-12-24 09:11:00,2638.0
2015-12-24 09:29:00,2637.0
2015-12-24 11:11:00,2636.0
2015-12-24 13:31:00,2629.0
2015-12-24 13:32:00,2632.0
2015-12-24 13:33:00,2645.0
2015-12-24 14:59:00,2552.0
2015-12-25 09:02:00,2585.0
2015-12-25 11:11:00,2584.0
2015-12-25 14:40:00,2623.0
2015-12-25 14:59:00,2623.0
2015-12-28 09:05:00,2554.0
2015-12-28 09:10:00,2528.0
2015-12-28 09:11:00,2529.0
2015-12-28 09:12:00,2529.0
2015-12-28 09:15:00,2528.0
2015-12-28 09:16:00,2528.0
2015-12-28 09:27:00,2523.0
2015-12-28 10:31:00,2518.0
2015-12-28 11:25:00,2508.0
2015-12-28 13:41:00,2454.0
2015-12-28 13:42:00,2422.0
2015-12-28 14:03:00,2426.0
2015-12-28 14:21:00,2435.0
2015-12-28 14:26:00,2451.0
2015-12-28 14:59:00,2416.0
2015-12-29 09:00:00,2503.0
2015-12-29 09:01:00,2495.0
2015-12-29 10:31:00,2527.0
2015-12-29 10:40:00,2551.0
2015-12-29 10:41:00,2559.0
2015-12-29 14:59:00,2722.0
2015-12-30 10:07:00,2741.0
2015-12-30 14:20:00,2703.0
2015-12-30 14:25:00,2669.0
2015-12-30 14:59:00,2704.0
2015-12-31 09:02:00,2796.0
2015-12-31 14:59:00,2721.0
2016-01-04 09:21:00,2855.0
2016-01-04 09:45:00,2798.0
2016-01-04 10:08:00,2865.0
2016-01-04 10:31:00,2835.0
2016-01-04 10:35:00,2804.0
2016-01-04 11:11:00,2809.0
2016-01-04 11:15:00,2778.0
2016-01-04 11:27:00,2778.0
2016-01-04 13:31:00,2783.0
2016-01-04 14:01:00,2765.0
2016-01-04 14:05:00,2767.0
2016-01-04 14:14:00,2778.0
2016-01-04 14:15:00,2783.0
2016-01-04 14:23:00,2783.0
2016-01-04 14:25:00,2783.0
2016-01-04 14:29:00,2811.0
2016-01-04 14:41:00,2824.0
2016-01-04 14:47:00,2830.0
2016-01-04 14:59:00,2800.0
2016-01-05 09:02:00,2859.0
2016-01-05 14:59:00,2685.0
2016-01-06 09:02:00,2813.0
2016-01-06 14:29:00,2802.0
2016-01-06 14:59:00,2802.0
2016-01-07 09:02:00,2732.0
2016-01-07 09:03:00,2722.0
2016-01-07 09:04:00,2713.0
2016-01-07 09:06:00,2713.0
2016-01-07 09:43:00,2780.0
2016-01-07 10:01:00,2789.0
2016-01-07 11:08:00,2701.0
2016-01-07 11:11:00,2707.0
2016-01-07 14:59:00,2738.0
2016-01-08 09:06:00,2780.0
2016-01-08 10:31:00,2788.0
2016-01-08 14:59:00,2840.0
2016-01-11 09:27:00,2831.0
2016-01-11 10:01:00,2772.0
2016-01-11 10:07:00,2772.0
2016-01-11 10:10:00,2756.0
2016-01-11 10:11:00,2756.0
2016-01-11 10:31:00,2761.0
2016-01-11 10:33:00,2766.0
2016-01-11 11:21:00,2770.0
2016-01-11 14:13:00,2757.0
2016-01-11 14:15:00,2756.0
2016-01-11 14:53:00,2780.0
2016-01-11 14:56:00,2791.0
2016-01-11 14:59:00,2786.0
2016-01-12 09:00:00,2815.0
2016-01-12 09:09:00,2841.0
2016-01-12 11:02:00,2848.0
2016-01-12 11:17:00,2884.0
2016-01-12 14:59:00,2901.0
2016-01-13 14:59:00,2901.0
2016-01-14 09:23:00,2971.0
2016-01-14 10:00:00,2841.0
2016-01-14 10:31:00,2820.0
2016-01-14 11:11:00,2821.0
2016-01-14 11:14:00,2818.0
2016-01-14 11:15:00,2816.0
2016-01-14 13:33:00,2816.0
2016-01-14 14:29:00,2820.0
2016-01-14 14:30:00,2825.0
2016-01-14 14:31:00,2821.0
2016-01-14 14:45:00,2826.0
2016-01-14 14:46:00,2813.0
2016-01-14 14:48:00,2830.0
2016-01-14 14:57:00,2817.0
2016-01-14 14:58:00,2828.0
2016-01-14 14:59:00,2835.0
2016-01-15 09:00:00,2934.0
2016-01-15 09:01:00,2933.0
2016-01-15 09:02:00,2909.0
2016-01-15 09:16:00,2967.0
2016-01-15 10:11:00,3001.0
2016-01-15 11:11:00,3000.0
2016-01-15 14:59:00,2950.0
2016-01-18 14:59:00,3440.0
2016-01-19 14:59:00,3570.0
2016-01-20 11:25:00,3340.0
2016-01-20 11:26:00,3319.0
2016-01-20 11:27:00,3326.0
2016-01-20 13:30:00,3318.0
2016-01-20 14:50:00,3347.0
2016-01-20 14:51:00,3341.0
2016-01-20 14:56:00,3320.0
2016-01-20 14:59:00,3333.0
2016-01-21 09:02:00,3324.0
2016-01-21 10:50:00,3324.0
2016-01-21 10:51:00,3323.0
2016-01-21 11:11:00,3325.0
2016-01-21 11:17:00,3322.0
2016-01-21 11:18:00,3320.0
2016-01-21 11:29:00,3320.0
2016-01-21 13:30:00,3322.0
2016-01-21 13:31:00,3321.0
2016-01-21 14:12:00,3331.0
2016-01-21 14:14:00,3330.0
2016-01-21 14:15:00,3330.0
2016-01-21 14:18:00,3338.0
2016-01-21 14:59:00,3328.0
2016-01-22 09:00:00,3141.0
2016-01-22 09:01:00,3138.0
2016-01-22 09:02:00,3182.0
2016-01-22 10:31:00,3099.0
2016-01-22 10:34:00,3118.0
2016-01-22 11:11:00,3075.0
2016-01-22 11:13:00,3090.0
2016-01-22 11:19:00,3089.0
2016-01-22 11:22:00,3115.0
2016-01-22 14:39:00,3032.0
2016-01-22 14:42:00,2998.0
2016-01-22 14:59:00,2998.0
2016-01-25 09:26:00,3147.0
2016-01-25 10:31:00,3146.0
2016-01-25 11:11:00,3209.0
2016-01-25 14:59:00,3099.0
2016-01-26 14:15:00,3068.0
2016-01-26 14:23:00,3056.0
2016-01-26 14:59:00,3113.0
2016-01-27 09:00:00,3217.0
2016-01-27 11:11:00,3216.0
2016-01-27 14:07:00,3160.0
2016-01-27 14:59:00,3207.0
2016-01-28 09:01:00,3104.0
2016-01-28 09:02:00,3103.0
2016-01-28 09:08:00,3081.0
2016-01-28 09:14:00,3081.0
2016-01-28 09:18:00,3063.0
2016-01-28 10:31:00,3061.0
2016-01-28 11:11:00,3050.0
2016-01-28 11:13:00,3049.0
2016-01-28 11:14:00,3040.0
2016-01-28 13:38:00,3058.0
2016-01-28 13:59:00,3085.0
2016-01-28 14:00:00,3094.0
2016-01-28 14:02:00,3086.0
2016-01-28 14:46:00,3152.0
2016-01-28 14:59:00,3205.0
2016-01-29 09:01:00,3222.0
2016-01-29 09:02:00,3221.0
2016-01-29 14:59:00,3212.0
2016-02-01 09:00:00,3028.0
2016-02-01 09:28:00,3012.0
2016-02-01 11:11:00,3038.0
2016-02-01 14:59:00,3128.0
2016-02-02 10:05:00,3209.0
2016-02-02 10:07:00,3217.0
2016-02-02 10:09:00,3243.0
2016-02-02 13:43:00,3224.0
2016-02-02 14:59:00,3134.0
2016-02-03 10:46:00,3103.0
2016-02-03 11:11:00,3074.0
2016-02-03 11:12:00,3073.0
2016-02-03 11:21:00,3067.0
2016-02-03 11:22:00,3066.0
2016-02-03 11:23:00,3055.0
2016-02-03 11:24:00,3053.0
2016-02-03 14:06:00,3052.0
2016-02-03 14:07:00,3054.0
2016-02-03 14:08:00,3054.0
2016-02-03 14:11:00,3063.0
2016-02-03 14:59:00,3050.0
2016-02-04 09:00:00,3119.0
2016-02-04 09:01:00,3119.0
2016-02-04 10:31:00,3151.0
2016-02-04 13:35:00,3188.0
2016-02-04 14:59:00,3170.0
2016-02-05 09:59:00,3030.0
2016-02-05 10:02:00,3020.0
2016-02-05 10:40:00,3025.0
2016-02-05 13:30:00,3008.0
2016-02-05 14:01:00,2998.0
2016-02-05 14:02:00,2994.0
2016-02-05 14:51:00,3025.0
2016-02-05 14:59:00,3022.0
2016-02-15 09:04:00,3031.0
2016-02-15 10:31:00,3048.0
2016-02-15 10:45:00,3079.0
2016-02-15 11:11:00,3064.0
2016-02-15 13:31:00,3127.0
2016-02-15 13:32:00,3158.0
2016-02-15 14:59:00,3198.0
2016-02-16 13:59:00,3097.0
2016-02-16 14:59:00,3123.0
2016-02-17 09:13:00,3219.0
2016-02-17 11:27:00,3071.0
2016-02-17 14:11:00,3070.0
2016-02-17 14:12:00,3069.0
2016-02-17 14:59:00,3075.0
2016-02-18 09:01:00,3080.0
2016-02-18 09:53:00,3075.0
2016-02-18 10:01:00,3064.0
2016-02-18 10:02:00,3063.0
2016-02-18 10:30:00,3059.0
2016-02-18 11:14:00,3067.0
2016-02-18 13:37:00,3063.0
2016-02-18 13:38:00,3062.0
2016-02-18 13:50:00,3058.0
2016-02-18 14:55:00,3046.0
2016-02-18 14:56:00,3042.0
2016-02-18 14:59:00,3046.0
2016-02-19 09:00:00,3047.0
2016-02-19 09:01:00,3046.0
2016-02-19 09:17:00,2998.0
2016-02-19 10:30:00,3054.0
2016-02-19 10:45:00,3091.0
2016-02-19 14:59:00,3199.0
2016-02-22 09:02:00,3557.0
2016-02-22 11:11:00,3519.0
2016-02-22 14:59:00,3719.0
2016-02-23 09:47:00,3488.0
2016-02-23 09:55:00,3460.0
2016-02-23 10:32:00,3468.0
2016-02-23 11:27:00,3415.0
2016-02-23 14:59:00,3443.0
2016-02-24 09:00:00,3374.0
2016-02-24 13:48:00,3376.0
2016-02-24 14:12:00,3373.0
2016-02-24 14:15:00,3372.0
2016-02-24 14:59:00,3368.0
2016-02-25 09:00:00,3357.0
2016-02-25 09:01:00,3350.0
2016-02-25 09:06:00,3372.0
2016-02-25 11:11:00,3343.0
2016-02-25 11:21:00,3342.0
2016-02-25 14:09:00,3250.0
2016-02-25 14:11:00,3238.0
2016-02-25 14:20:00,3215.0
2016-02-25 14:21:00,3215.0
2016-02-25 14:27:00,3205.0
2016-02-25 14:30:00,3202.0
2016-02-25 14:59:00,3208.0
2016-02-26 09:00:00,3157.0
2016-02-26 09:01:00,3145.0
2016-02-26 09:02:00,3155.0
2016-02-26 10:32:00,3117.0
2016-02-26 10:35:00,3124.0
2016-02-26 11:11:00,3138.0
2016-02-26 13:39:00,3087.0
2016-02-26 14:59:00,3044.0
2016-02-29 10:03:00,2952.0
2016-02-29 10:04:00,2944.0
2016-02-29 10:11:00,2916.0
2016-02-29 10:12:00,2914.0
2016-02-29 10:13:00,2913.0
2016-02-29 10:14:00,2914.0
2016-02-29 10:30:00,2915.0
2016-02-29 10:31:00,2918.0
2016-02-29 10:33:00,2924.0
2016-02-29 11:07:00,2937.0
2016-02-29 11:11:00,2899.0
2016-02-29 14:59:00,3099.0
2016-03-01 14:59:00,3349.0
2016-03-02 14:59:00,3439.0
2016-03-03 11:09:00,3275.0
2016-03-03 11:13:00,3275.0
2016-03-03 11:14:00,3268.0
2016-03-03 13:44:00,3262.0
2016-03-03 13:45:00,3253.0
2016-03-03 13:46:00,3246.0
2016-03-03 13:48:00,3245.0
2016-03-03 14:59:00,3244.0
2016-03-04 09:00:00,3234.0
2016-03-04 09:43:00,3225.0
2016-03-04 09:44:00,3225.0
2016-03-04 09:51:00,3226.0
2016-03-04 09:52:00,3230.0
2016-03-04 09:53:00,3221.0
2016-03-04 09:54:00,3210.0
2016-03-04 10:31:00,3186.0
2016-03-04 10:33:00,3185.0
2016-03-04 13:35:00,3011.0
2016-03-04 13:36:00,3010.0
2016-03-04 14:28:00,3013.0
2016-03-04 14:47:00,3008.0
2016-03-04 14:48:00,3006.0
2016-03-04 14:58:00,3003.0
2016-03-04 14:59:00,3003.0
2016-03-07 09:00:00,3067.0
2016-03-07 09:01:00,3065.0
2016-03-07 14:59:00,3065.0
2016-03-08 10:06:00,3546.0
2016-03-08 10:07:00,3533.0
2016-03-08 10:11:00,3532.0
2016-03-08 10:12:00,3525.0
2016-03-08 10:14:00,3524.0
2016-03-08 10:31:00,3523.0
2016-03-08 10:34:00,3494.0
2016-03-08 10:52:00,3455.0
2016-03-08 11:25:00,3454.0
2016-03-08 13:30:00,3495.0
2016-03-08 14:59:00,3538.0
2016-03-09 09:00:00,2780.0
2016-03-09 09:01:00,2778.0
2016-03-09 09:02:00,2785.0
2016-03-09 09:03:00,2780.0
2016-03-09 09:05:00,2750.0
2016-03-09 10:32:00,2790.0
2016-03-09 11:25:00,2786.0
2016-03-09 13:30:00,2785.0
2016-03-09 14:08:00,2594.0
2016-03-09 14:43:00,2591.0
2016-03-09 14:59:00,2591.0
2016-03-10 09:00:00,2591.0
2016-03-10 09:02:00,2585.0
2016-03-10 09:05:00,2584.0
2016-03-10 09:07:00,2587.0
2016-03-10 09:12:00,2577.0
2016-03-10 14:59:00,2577.0
2016-03-11 13:31:00,2576.0
2016-03-11 13:34:00,2579.0
2016-03-11 13:35:00,2578.0
2016-03-11 13:42:00,2607.0
2016-03-11 13:53:00,2643.0
2016-03-11 14:30:00,2689.0
2016-03-11 14:35:00,2708.0
2016-03-11 14:59:00,2667.0
2016-03-14 09:01:00,2631.0
2016-03-14 09:06:00,2666.0
2016-03-14 10:57:00,2440.0
2016-03-14 10:59:00,2378.0
2016-03-14 11:00:00,2372.0
2016-03-14 11:11:00,2391.0
2016-03-14 11:15:00,2406.0
2016-03-14 11:16:00,2402.0
2016-03-14 11:29:00,2414.0
2016-03-14 13:32:00,2445.0
2016-03-14 13:33:00,2450.0
2016-03-14 14:13:00,2496.0
2016-03-14 14:15:00,2508.0
2016-03-14 14:53:00,2708.0
2016-03-14 14:59:00,2745.0
2016-03-15 09:01:00,2692.0
2016-03-15 11:10:00,2891.0
2016-03-15 11:12:00,2917.0
2016-03-15 14:59:00,2888.0
2016-03-16 09:00:00,2609.0
2016-03-16 09:02:00,2617.0
2016-03-16 09:58:00,2569.0
2016-03-16 10:31:00,2636.0
2016-03-16 10:32:00,2643.0
2016-03-16 11:11:00,2668.0
2016-03-16 13:40:00,2600.0
2016-03-16 14:59:00,2534.0
2016-03-17 09:00:00,2495.0
2016-03-17 09:01:00,2494.0
2016-03-17 09:02:00,2486.0
2016-03-17 10:32:00,2481.0
2016-03-17 11:11:00,2475.0
2016-03-17 11:12:00,2473.0
2016-03-17 11:27:00,2577.0
2016-03-17 13:30:00,2699.0
2016-03-17 14:59:00,2708.0
2016-03-18 09:10:00,2928.0
2016-03-18 14:57:00,3047.0
2016-03-18 14:59:00,3022.0
2016-03-21 09:07:00,3113.0
2016-03-21 09:46:00,3295.0
2016-03-21 11:11:00,3535.0
2016-03-21 11:16:00,3434.0
2016-03-21 13:37:00,3358.0
2016-03-21 13:41:00,3344.0
2016-03-21 13:45:00,3343.0
2016-03-21 13:56:00,3390.0
2016-03-21 14:44:00,3304.0
2016-03-21 14:45:00,3307.0
2016-03-21 14:46:00,3292.0
2016-03-21 14:49:00,3293.0
2016-03-21 14:50:00,3257.0
2016-03-21 14:52:00,3242.0
2016-03-21 14:55:00,3241.0
2016-03-21 14:58:00,3235.0
2016-03-21 14:59:00,3235.0
2016-03-22 09:00:00,3233.0
2016-03-22 09:01:00,3227.0
2016-03-22 09:03:00,3253.0
2016-03-22 09:36:00,3181.0
2016-03-22 09:37:00,3171.0
2016-03-22 09:38:00,3172.0
2016-03-22 09:39:00,3167.0
2016-03-22 10:31:00,3166.0
2016-03-22 11:05:00,3187.0
2016-03-22 11:11:00,3171.0
2016-03-22 11:19:00,3153.0
2016-03-22 13:35:00,3164.0
2016-03-22 13:37:00,3168.0
2016-03-22 13:45:00,3172.0
2016-03-22 14:06:00,3133.0
2016-03-22 14:59:00,3138.0
2016-03-23 09:00:00,3228.0
2016-03-23 09:01:00,3238.0
2016-03-23 10:31:00,3277.0
2016-03-23 11:11:00,3302.0
2016-03-23 14:05:00,3054.0
2016-03-23 14:08:00,3028.0
2016-03-23 14:09:00,3031.0
2016-03-23 14:10:00,3037.0
2016-03-23 14:16:00,3055.0
2016-03-23 14:22:00,3073.0
2016-03-23 14:35:00,3098.0
2016-03-23 14:57:00,2996.0
2016-03-23 14:58:00,2998.0
2016-03-23 14:59:00,3005.0
2016-03-24 09:16:00,2824.0
2016-03-24 09:17:00,2822.0
2016-03-24 09:18:00,2825.0
2016-03-24 09:19:00,2821.0
2016-03-24 09:20:00,2824.0
2016-03-24 10:07:00,2786.0
2016-03-24 10:31:00,2767.0
2016-03-24 10:53:00,2665.0
2016-03-24 13:44:00,2731.0
2016-03-24 14:00:00,2775.0
2016-03-24 14:33:00,2885.0
2016-03-24 14:34:00,2899.0
2016-03-24 14:59:00,2899.0
2016-03-25 09:09:00,2638.0
2016-03-25 10:04:00,2641.0
2016-03-25 10:10:00,2647.0
2016-03-25 10:33:00,2634.0
2016-03-25 10:41:00,2638.0
2016-03-25 11:11:00,2643.0
2016-03-25 11:17:00,2624.0
2016-03-25 11:24:00,2625.0
2016-03-25 11:27:00,2616.0
2016-03-25 13:47:00,2614.0
2016-03-25 14:28:00,2608.0
2016-03-25 14:29:00,2607.0
2016-03-25 14:41:00,2611.0
2016-03-25 14:42:00,2613.0
2016-03-25 14:53:00,2625.0
2016-03-25 14:55:00,2646.0
2016-03-25 14:59:00,2679.0
2016-03-28 09:01:00,2807.0
2016-03-28 09:09:00,2636.0
2016-03-28 14:21:00,2569.0
2016-03-28 14:27:00,2555.0
2016-03-28 14:33:00,2548.0
2016-03-28 14:34:00,2544.0
2016-03-28 14:38:00,2543.0
2016-03-28 14:39:00,2545.0
2016-03-28 14:40:00,2547.0
2016-03-28 14:49:00,2548.0
2016-03-28 14:50:00,2555.0
2016-03-28 14:56:00,2595.0
2016-03-28 14:59:00,2581.0
2016-03-29 09:00:00,2452.0
2016-03-29 09:23:00,2485.0
2016-03-29 09:28:00,2493.0
2016-03-29 09:41:00,2530.0
2016-03-29 09:50:00,2578.0
2016-03-29 10:31:00,2484.0
2016-03-29 11:11:00,2505.0
2016-03-29 11:24:00,2629.0
2016-03-29 14:59:00,2390.0
2016-03-30 14:59:00,2859.0
2016-03-31 14:08:00,2759.0
2016-03-31 14:42:00,2738.0
2016-03-31 14:58:00,2729.0
2016-03-31 14:59:00,2729.0
2016-04-01 09:00:00,2647.0
2016-04-01 09:01:00,2644.0
2016-04-01 09:02:00,2648.0
2016-04-01 10:32:00,2670.0
2016-04-01 11:12:00,2647.0
2016-04-01 14:07:00,2687.0
2016-04-01 14:20:00,2743.0
2016-04-01 14:59:00,2818.0
2016-04-05 09:38:00,2525.0
2016-04-05 14:59:00,2798.0
2016-04-06 09:01:00,2798.0
2016-04-06 13:34:00,2598.0
2016-04-06 13:37:00,2598.0
2016-04-06 13:44:00,2591.0
2016-04-06 13:45:00,2585.0
2016-04-06 13:54:00,2585.0
2016-04-06 14:59:00,2638.0
2016-04-07 13:47:00,2648.0
2016-04-07 14:00:00,2664.0
2016-04-07 14:19:00,2707.0
2016-04-07 14:46:00,2758.0
2016-04-07 14:59:00,2635.0
2016-04-08 13:37:00,2705.0
2016-04-08 14:59:00,2685.0
2016-04-11 09:01:00,3375.0
2016-04-11 14:59:00,3575.0
2016-04-12 14:59:00,4025.0
2016-04-13 10:45:00,4444.0
2016-04-13 10:48:00,4318.0
2016-04-13 10:50:00,4283.0
2016-04-13 10:51:00,4281.0
2016-04-13 11:04:00,4274.0
2016-04-13 13:30:00,4273.0
2016-04-13 13:37:00,4279.0
2016-04-13 13:40:00,4265.0
2016-04-13 13:41:00,4265.0
2016-04-13 13:47:00,4320.0
2016-04-13 13:48:00,4330.0
2016-04-13 14:16:00,4233.0
2016-04-13 14:17:00,4232.0
2016-04-13 14:18:00,4249.0
2016-04-13 14:30:00,4213.0
2016-04-13 14:35:00,4195.0
2016-04-13 14:36:00,4194.0
2016-04-13 14:49:00,4181.0
2016-04-13 14:59:00,4181.0
2016-04-14 09:00:00,4181.0
2016-04-14 09:01:00,4182.0
2016-04-14 09:49:00,4177.0
2016-04-14 09:51:00,4176.0
2016-04-14 09:52:00,4174.0
2016-04-14 09:54:00,4173.0
2016-04-14 09:56:00,4171.0
2016-04-14 10:08:00,4170.0
2016-04-14 10:09:00,4168.0
2016-04-14 10:37:00,4166.0
2016-04-14 10:45:00,4163.0
2016-04-14 10:46:00,4161.0
2016-04-14 10:47:00,4156.0
2016-04-14 10:48:00,4155.0
2016-04-14 10:49:00,4151.0
2016-04-14 13:34:00,4150.0
2016-04-14 13:38:00,4158.0
2016-04-14 13:40:00,4159.0
2016-04-14 13:44:00,4178.0
2016-04-14 14:59:00,4178.0
2016-04-15 09:07:00,4178.0
2016-04-15 10:32:00,4211.0
2016-04-15 13:30:00,4219.0
2016-04-15 13:33:00,4245.0
2016-04-15 13:34:00,4251.0
2016-04-15 14:34:00,4258.0
2016-04-15 14:59:00,4314.0
2016-04-18 09:00:00,3918.0
2016-04-18 09:01:00,3917.0
2016-04-18 09:04:00,3920.0
2016-04-18 09:05:00,3925.0
2016-04-18 09:27:00,3935.0
2016-04-18 09:28:00,3932.0
2016-04-18 09:29:00,3937.0
2016-04-18 09:32:00,3926.0
2016-04-18 09:54:00,3928.0
2016-04-18 09:55:00,3923.0
2016-04-18 09:56:00,3925.0
2016-04-18 10:31:00,3954.0
2016-04-18 10:32:00,3954.0
2016-04-18 11:09:00,3972.0
2016-04-18 11:10:00,3961.0
2016-04-18 11:12:00,3959.0
2016-04-18 11:28:00,3965.0
2016-04-18 13:35:00,4050.0
2016-04-18 14:59:00,4050.0
2016-04-19 09:01:00,4287.0
2016-04-19 11:15:00,4752.0
2016-04-19 14:59:00,4934.0
2016-04-20 09:22:00,5499.0
2016-04-20 14:59:00,5840.0
2016-04-21 09:03:00,6785.0
2016-04-21 09:38:00,6557.0
2016-04-21 09:39:00,6540.0
2016-04-21 09:41:00,6540.0
2016-04-21 09:42:00,6533.0
2016-04-21 09:45:00,6533.0
2016-04-21 09:53:00,6534.0
2016-04-21 09:54:00,6526.0
2016-04-21 09:55:00,6559.0
2016-04-21 09:58:00,6517.0
2016-04-21 09:59:00,6498.0
2016-04-21 10:00:00,6497.0
2016-04-21 10:02:00,6504.0
2016-04-21 10:09:00,6496.0
2016-04-21 10:10:00,6502.0
2016-04-21 10:12:00,6479.0
2016-04-21 10:14:00,6502.0
2016-04-21 10:31:00,6564.0
2016-04-21 10:43:00,6668.0
2016-04-21 11:11:00,6641.0
2016-04-21 13:54:00,6965.0
2016-04-21 14:22:00,6772.0
2016-04-21 14:59:00,6864.0
2016-04-22 09:00:00,6172.0
2016-04-22 09:01:00,6172.0
2016-04-22 09:42:00,6147.0
2016-04-22 09:43:00,6140.0
2016-04-22 09:55:00,6140.0
2016-04-22 09:57:00,6135.0
2016-04-22 09:59:00,6135.0
2016-04-22 10:00:00,6134.0
2016-04-22 10:42:00,6132.0
2016-04-22 10:43:00,6124.0
2016-04-22 11:29:00,6123.0
2016-04-22 13:32:00,6130.0
2016-04-22 13:33:00,6134.0
2016-04-22 13:40:00,6152.0
2016-04-22 14:59:00,6150.0
2016-04-25 09:04:00,6037.0
2016-04-25 09:44:00,6037.0
2016-04-25 09:50:00,6045.0
2016-04-25 11:12:00,6022.0
2016-04-25 11:20:00,5979.0
2016-04-25 14:59:00,5971.0
2016-04-26 11:01:00,6027.0
2016-04-26 11:02:00,6014.0
2016-04-26 11:11:00,6023.0
2016-04-26 11:15:00,6048.0
2016-04-26 11:16:00,6075.0
2016-04-26 13:32:00,6112.0
2016-04-26 13:33:00,6149.0
2016-04-26 13:51:00,6228.0
2016-04-26 14:22:00,6565.0
2016-04-26 14:59:00,6352.0
2016-04-27 09:02:00,6296.0
2016-04-27 09:03:00,6253.0
2016-04-27 10:41:00,6582.0
2016-04-27 11:11:00,6922.0
2016-04-27 14:16:00,6816.0
2016-04-27 14:30:00,6737.0
2016-04-27 14:57:00,6722.0
2016-04-27 14:59:00,6726.0
2016-04-28 09:01:00,6812.0
2016-04-28 09:09:00,6684.0
2016-04-28 09:10:00,6643.0
2016-04-28 09:26:00,6649.0
2016-04-28 09:31:00,6633.0
2016-04-28 09:50:00,6615.0
2016-04-28 10:05:00,6614.0
2016-04-28 10:07:00,6612.0
2016-04-28 10:30:00,6611.0
2016-04-28 10:31:00,6609.0
2016-04-28 10:37:00,6608.0
2016-04-28 10:38:00,6603.0
2016-04-28 10:40:00,6602.0
2016-04-28 10:41:00,6598.0
2016-04-28 14:06:00,6597.0
2016-04-28 14:08:00,6594.0
2016-04-28 14:09:00,6593.0
2016-04-28 14:11:00,6587.0
2016-04-28 14:59:00,6587.0
2016-04-29 09:00:00,6587.0
2016-04-29 09:01:00,6589.0
2016-04-29 09:02:00,6585.0
2016-04-29 10:00:00,6508.0
2016-04-29 11:12:00,6520.0
2016-04-29 13:31:00,6553.0
2016-04-29 13:43:00,6567.0
2016-04-29 13:48:00,6580.0
2016-04-29 14:29:00,6617.0
2016-04-29 14:35:00,6625.0
2016-04-29 14:59:00,6607.0
2016-05-03 09:00:00,6382.0
2016-05-03 09:03:00,6381.0
2016-05-03 09:04:00,6396.0
2016-05-03 09:09:00,6404.0
2016-05-03 10:31:00,6472.0
2016-05-03 11:11:00,6527.0
2016-05-03 14:59:00,6667.0
2016-05-04 10:31:00,7130.0
2016-05-04 14:59:00,7303.0
2016-05-05 14:59:00,8002.0
2016-05-06 09:50:00,7905.0
2016-05-06 11:11:00,8053.0
2016-05-06 11:29:00,7890.0
2016-05-06 14:02:00,7828.0
2016-05-06 14:14:00,7780.0
2016-05-06 14:15:00,7785.0
2016-05-06 14:20:00,7766.0
2016-05-06 14:34:00,7769.0
2016-05-06 14:35:00,7765.0
2016-05-06 14:42:00,7768.0
2016-05-06 14:43:00,7757.0
2016-05-06 14:52:00,7768.0
2016-05-06 14:57:00,7755.0
2016-05-06 14:59:00,7745.0
2016-05-09 09:00:00,7890.0
2016-05-09 09:01:00,7922.0
2016-05-09 10:31:00,8253.0
2016-05-09 11:11:00,8300.0
2016-05-09 14:59:00,8300.0
2016-05-10 11:25:00,8779.0
2016-05-10 11:26:00,8724.0
2016-05-10 11:27:00,8741.0
2016-05-10 11:28:00,8713.0
2016-05-10 11:29:00,8662.0
2016-05-10 13:30:00,8630.0
2016-05-10 14:59:00,8630.0
2016-05-11 10:33:00,8629.0
2016-05-11 11:26:00,8597.0
2016-05-11 14:59:00,8597.0
2016-05-12 09:09:00,8596.0
2016-05-12 09:11:00,8595.0
2016-05-12 09:15:00,8595.0
2016-05-12 09:16:00,8593.0
2016-05-12 09:20:00,8593.0
2016-05-12 09:21:00,8591.0
2016-05-12 09:26:00,8591.0
2016-05-12 09:32:00,8590.0
2016-05-12 09:34:00,8590.0
2016-05-12 09:35:00,8588.0
2016-05-12 10:54:00,8588.0
2016-05-12 11:01:00,8583.0
2016-05-12 11:14:00,8582.0
2016-05-12 13:30:00,8583.0
2016-05-12 13:31:00,8594.0
2016-05-12 13:33:00,8608.0
2016-05-12 13:45:00,8645.0
2016-05-12 13:47:00,8678.0
2016-05-12 14:59:00,8926.0
2016-05-13 09:01:00,9236.0
2016-05-13 11:11:00,9402.0
2016-05-13 13:59:00,9200.0
2016-05-13 14:14:00,9129.0
2016-05-13 14:40:00,9098.0
2016-05-13 14:42:00,9099.0
2016-05-13 14:43:00,9081.0
2016-05-13 14:52:00,9088.0
2016-05-13 14:54:00,9083.0
2016-05-13 14:59:00,9128.0
2016-05-16 09:00:00,9010.0
2016-05-16 09:02:00,9006.0
2016-05-16 09:03:00,9005.0
2016-05-16 09:25:00,9002.0
2016-05-16 09:27:00,9001.0
2016-05-16 09:36:00,9000.0
2016-05-16 09:53:00,8999.0
2016-05-16 09:54:00,8995.0
2016-05-16 10:31:00,8995.0
2016-05-16 10:32:00,8994.0
2016-05-16 14:59:00,8981.0
2016-05-17 13:30:00,8991.0
2016-05-17 13:35:00,8995.0
2016-05-17 13:39:00,8995.0
2016-05-17 13:45:00,9014.0
2016-05-17 14:02:00,9038.0
2016-05-17 14:05:00,9079.0
2016-05-17 14:58:00,9197.0
2016-05-17 14:59:00,9191.0
2016-05-18 09:02:00,9115.0
2016-05-18 09:21:00,9167.0
2016-05-18 09:56:00,9293.0
2016-05-18 11:27:00,9026.0
2016-05-18 11:28:00,8988.0
2016-05-18 11:29:00,8969.0
2016-05-18 14:13:00,8971.0
2016-05-18 14:15:00,8980.0
2016-05-18 14:22:00,8995.0
2016-05-18 14:26:00,9015.0
2016-05-18 14:30:00,9024.0
2016-05-18 14:47:00,9057.0
2016-05-18 14:59:00,8988.0
2016-05-19 11:01:00,9033.0
2016-05-19 11:12:00,9043.0
2016-05-19 14:59:00,9038.0
2016-05-20 09:00:00,8864.0
2016-05-20 09:08:00,8864.0
2016-05-20 09:10:00,8865.0
2016-05-20 09:34:00,8852.0
2016-05-20 09:36:00,8851.0
2016-05-20 09:37:00,8853.0
2016-05-20 14:09:00,8838.0
2016-05-20 14:15:00,8840.0
2016-05-20 14:17:00,8836.0
2016-05-20 14:18:00,8840.0
2016-05-20 14:59:00,8812.0
2016-05-23 09:00:00,8587.0
2016-05-23 09:01:00,8579.0
2016-05-23 10:31:00,8692.0
2016-05-23 11:11:00,8653.0
2016-05-23 14:59:00,8743.0
2016-05-24 14:16:00,8682.0
2016-05-24 14:59:00,8665.0
2016-05-25 14:59:00,8997.0
2016-05-26 09:06:00,8778.0
2016-05-26 09:07:00,8778.0
2016-05-26 09:56:00,8722.0
2016-05-26 10:31:00,8743.0
2016-05-26 10:32:00,8735.0
2016-05-26 13:30:00,8745.0
2016-05-26 13:31:00,8754.0
2016-05-26 13:43:00,8761.0
2016-05-26 14:30:00,8761.0
2016-05-26 14:32:00,8765.0
2016-05-26 14:46:00,8748.0
2016-05-26 14:51:00,8739.0
2016-05-26 14:54:00,8734.0
2016-05-26 14:56:00,8734.0
2016-05-26 14:57:00,8735.0
2016-05-26 14:58:00,8735.0
2016-05-26 14:59:00,8711.0
2016-05-27 10:56:00,8653.0
2016-05-27 11:06:00,8702.0
2016-05-27 11:15:00,8728.0
2016-05-27 11:17:00,8742.0
2016-05-27 11:23:00,8928.0
2016-05-27 14:59:00,9357.0
2016-05-30 09:00:00,8595.0
2016-05-30 09:01:00,8595.0
2016-05-30 09:02:00,8573.0
2016-05-30 10:55:00,8558.0
2016-05-30 11:00:00,8518.0
2016-05-30 11:03:00,8515.0
2016-05-30 11:09:00,8525.0
2016-05-30 11:10:00,8518.0
2016-05-30 11:15:00,8504.0
2016-05-30 13:46:00,8502.0
2016-05-30 13:56:00,8499.0
2016-05-30 13:57:00,8496.0
2016-05-30 14:05:00,8491.0
2016-05-30 14:09:00,8488.0
2016-05-30 14:10:00,8484.0
2016-05-30 14:12:00,8483.0
2016-05-30 14:13:00,8480.0
2016-05-30 14:14:00,8478.0
2016-05-30 14:17:00,8464.0
2016-05-30 14:22:00,8456.0
2016-05-30 14:31:00,8449.0
2016-05-30 14:34:00,8446.0
2016-05-30 14:35:00,8443.0
2016-05-30 14:38:00,8441.0
2016-05-30 14:39:00,8437.0
2016-05-30 14:53:00,8433.0
2016-05-30 14:59:00,8427.0
2016-05-31 09:01:00,8424.0
2016-05-31 09:04:00,8423.0
2016-05-31 09:05:00,8420.0
2016-05-31 09:19:00,8418.0
2016-05-31 09:20:00,8417.0
2016-05-31 09:51:00,8420.0
2016-05-31 09:57:00,8416.0
2016-05-31 10:00:00,8416.0
2016-05-31 10:08:00,8425.0
2016-05-31 10:35:00,8409.0
2016-05-31 10:44:00,8400.0
2016-05-31 14:11:00,8399.0
2016-05-31 14:12:00,8399.0
2016-05-31 14:13:00,8394.0
2016-05-31 14:14:00,8393.0
2016-05-31 14:15:00,8395.0
2016-05-31 14:16:00,8388.0
2016-05-31 14:18:00,8387.0
2016-05-31 14:19:00,8380.0
2016-05-31 14:52:00,8380.0
2016-05-31 14:56:00,8380.0
2016-05-31 14:58:00,8380.0
2016-05-31 14:59:00,8376.0
2016-06-01 09:00:00,8413.0
2016-06-01 09:01:00,8409.0
2016-06-01 09:02:00,8408.0
2016-06-01 09:29:00,8443.0
2016-06-01 09:33:00,8464.0
2016-06-01 11:11:00,8451.0
2016-06-01 14:19:00,8465.0
2016-06-01 14:28:00,8539.0
2016-06-01 14:59:00,8405.0
2016-06-02 09:17:00,8254.0
2016-06-02 09:59:00,8240.0
2016-06-02 10:47:00,8292.0
2016-06-02 11:11:00,8297.0
2016-06-02 11:14:00,8256.0
2016-06-02 14:59:00,8355.0
2016-06-03 09:04:00,8220.0
2016-06-03 09:05:00,8210.0
2016-06-03 09:06:00,8215.0
2016-06-03 09:07:00,8210.0
2016-06-03 09:08:00,8235.0
2016-06-03 10:31:00,8248.0
2016-06-03 10:32:00,8254.0
2016-06-03 10:52:00,8225.0
2016-06-03 10:53:00,8237.0
2016-06-03 10:55:00,8215.0
2016-06-03 10:56:00,8226.0
2016-06-03 11:06:00,8211.0
2016-06-03 11:08:00,8229.0
2016-06-03 11:12:00,8227.0
2016-06-03 11:14:00,8208.0
2016-06-03 11:16:00,8215.0
2016-06-03 11:17:00,8205.0
2016-06-03 11:18:00,8213.0
2016-06-03 11:19:00,8194.0
2016-06-03 14:59:00,8185.0
2016-06-06 10:43:00,8468.0
2016-06-06 11:11:00,8623.0
2016-06-06 14:59:00,8803.0
2016-06-07 10:00:00,8772.0
2016-06-07 11:25:00,8982.0
2016-06-07 14:59:00,8942.0
2016-06-08 09:00:00,8701.0
2016-06-08 09:12:00,8893.0
2016-06-08 14:49:00,9075.0
2016-06-08 14:59:00,9085.0
2016-06-13 14:59:00,9755.0
2016-06-14 09:13:00,9565.0
2016-06-14 09:15:00,9546.0
2016-06-14 09:16:00,9495.0
2016-06-14 09:17:00,9501.0
2016-06-14 09:25:00,9510.0
2016-06-14 09:29:00,9500.0
2016-06-14 09:49:00,9523.0
2016-06-14 09:58:00,9492.0
2016-06-14 09:59:00,9470.0
2016-06-14 10:08:00,9478.0
2016-06-14 10:09:00,9472.0
2016-06-14 10:33:00,9455.0
2016-06-14 10:35:00,9455.0
2016-06-14 10:41:00,9457.0
2016-06-14 11:12:00,9477.0
2016-06-14 11:15:00,9491.0
2016-06-14 11:16:00,9493.0
2016-06-14 11:17:00,9493.0
2016-06-14 14:59:00,9603.0
2016-06-15 09:00:00,9598.0
2016-06-15 09:02:00,9581.0
2016-06-15 10:49:00,9545.0
2016-06-15 14:59:00,9658.0
2016-06-16 10:02:00,9466.0
2016-06-16 10:03:00,9441.0
2016-06-16 10:04:00,9426.0
2016-06-16 10:05:00,9426.0
2016-06-16 10:06:00,9425.0
2016-06-16 10:07:00,9420.0
2016-06-16 10:09:00,9415.0
2016-06-16 10:10:00,9416.0
2016-06-16 10:11:00,9413.0
2016-06-16 10:31:00,9402.0
2016-06-16 11:04:00,9402.0
2016-06-16 14:05:00,9407.0
2016-06-16 14:28:00,9402.0
2016-06-16 14:57:00,9410.0
2016-06-16 14:59:00,9408.0
2016-06-17 09:00:00,9456.0
2016-06-17 09:01:00,9458.0
2016-06-17 09:50:00,9458.0
2016-06-17 10:37:00,9458.0
2016-06-17 11:11:00,9407.0
2016-06-17 13:30:00,9434.0
2016-06-17 13:34:00,9473.0
2016-06-17 14:50:00,9256.0
2016-06-17 14:59:00,9271.0
2016-06-20 09:00:00,9263.0
2016-06-20 10:31:00,9365.0
2016-06-20 11:11:00,9312.0
2016-06-20 14:45:00,9253.0
2016-06-20 14:46:00,9267.0
2016-06-20 14:59:00,9329.0
2016-06-21 09:00:00,9200.0
2016-06-21 09:01:00,9188.0
2016-06-21 09:02:00,9190.0
2016-06-21 09:07:00,9181.0
2016-06-21 09:20:00,9233.0
2016-06-21 09:21:00,9232.0
2016-06-21 09:23:00,9243.0
2016-06-21 09:38:00,9300.0
2016-06-21 10:32:00,9224.0
2016-06-21 14:59:00,9074.0
2016-06-22 09:14:00,9411.0
2016-06-22 11:12:00,9403.0
2016-06-22 11:13:00,9427.0
2016-06-22 14:59:00,9537.0
2016-06-23 14:59:00,9519.0
2016-06-24 10:45:00,9376.0
2016-06-24 11:05:00,9375.0
2016-06-24 13:30:00,9338.0
2016-06-24 13:31:00,9348.0
2016-06-24 14:59:00,9348.0
2016-06-27 09:00:00,9344.0
2016-06-27 09:01:00,9389.0
2016-06-27 09:03:00,9398.0
2016-06-27 10:31:00,9589.0
2016-06-27 11:11:00,9742.0
2016-06-27 14:59:00,9992.0
2016-06-28 09:11:00,9711.0
2016-06-28 11:11:00,9967.0
2016-06-28 14:59:00,9927.0
2016-06-29 11:00:00,9726.0
2016-06-29 13:31:00,9640.0
2016-06-29 13:35:00,9634.0
2016-06-29 14:59:00,9644.0
2016-06-30 09:33:00,9668.0
2016-06-30 09:39:00,9672.0
2016-06-30 09:47:00,9688.0
2016-06-30 09:53:00,9718.0
2016-06-30 09:55:00,9725.0
2016-06-30 09:59:00,9784.0
2016-06-30 10:31:00,9853.0
2016-06-30 11:11:00,9872.0
2016-06-30 14:58:00,10045.0
2016-06-30 14:59:00,10005.0
2016-07-01 09:08:00,9824.0
2016-07-01 09:10:00,9762.0
2016-07-01 09:11:00,9762.0
2016-07-01 09:12:00,9773.0
2016-07-01 09:13:00,9786.0
2016-07-01 09:16:00,9752.0
2016-07-01 09:17:00,9770.0
2016-07-01 10:50:00,9874.0
2016-07-01 11:11:00,9871.0
2016-07-01 14:59:00,9894.0
2016-07-04 09:00:00,10268.0
2016-07-04 10:31:00,10474.0
2016-07-04 11:11:00,10373.0
2016-07-04 14:59:00,10448.0
2016-07-05 09:00:00,10178.0
2016-07-05 09:02:00,10158.0
2016-07-05 09:03:00,10164.0
2016-07-05 09:04:00,10155.0
2016-07-05 09:05:00,10175.0
2016-07-05 09:13:00,10152.0
2016-07-05 09:18:00,10130.0
2016-07-05 09:28:00,10112.0
2016-07-05 09:30:00,10111.0
2016-07-05 09:33:00,10123.0
2016-07-05 09:34:00,10125.0
2016-07-05 09:35:00,10201.0
2016-07-05 09:36:00,10154.0
2016-07-05 10:32:00,10071.0
2016-07-05 10:36:00,10037.0
2016-07-05 11:20:00,10015.0
2016-07-05 13:41:00,10028.0
2016-07-05 13:52:00,10004.0
2016-07-05 13:58:00,9999.0
2016-07-05 14:21:00,9988.0
2016-07-05 14:47:00,9988.0
2016-07-05 14:59:00,9984.0
2016-07-06 09:00:00,9962.0
2016-07-06 09:12:00,9962.0
2016-07-06 09:20:00,9963.0
2016-07-06 09:21:00,9968.0
2016-07-06 09:45:00,9885.0
2016-07-06 11:12:00,9911.0
2016-07-06 11:24:00,9919.0
2016-07-06 13:35:00,9824.0
2016-07-06 13:38:00,9806.0
2016-07-06 13:58:00,9779.0
2016-07-06 13:59:00,9779.0
2016-07-06 14:00:00,9775.0
2016-07-06 14:10:00,9774.0
2016-07-06 14:39:00,9785.0
2016-07-06 14:58:00,9746.0
2016-07-06 14:59:00,9746.0
2016-07-07 09:03:00,9723.0
2016-07-07 09:04:00,9744.0
2016-07-07 10:31:00,9796.0
2016-07-07 10:59:00,9877.0
2016-07-07 11:02:00,9923.0
2016-07-07 11:11:00,9892.0
2016-07-07 13:59:00,9521.0
2016-07-07 14:00:00,9440.0
2016-07-07 14:04:00,9458.0
2016-07-07 14:26:00,9484.0
2016-07-07 14:46:00,9409.0
2016-07-07 14:47:00,9391.0
2016-07-07 14:59:00,9391.0
2016-07-08 09:10:00,9390.0
2016-07-08 09:11:00,9392.0
2016-07-08 09:13:00,9396.0
2016-07-08 09:48:00,9369.0
2016-07-08 10:01:00,9364.0
2016-07-08 10:34:00,9363.0
2016-07-08 10:36:00,9363.0
2016-07-08 13:30:00,9314.0
2016-07-08 14:38:00,9303.0
2016-07-08 14:40:00,9306.0
2016-07-08 14:47:00,9320.0
2016-07-08 14:50:00,9323.0
2016-07-08 14:51:00,9328.0
2016-07-08 14:54:00,9355.0
2016-07-08 14:55:00,9374.0
2016-07-08 14:59:00,9368.0
2016-07-11 09:00:00,9024.0
2016-07-11 09:01:00,9021.0
2016-07-11 09:06:00,9009.0
2016-07-11 09:22:00,9015.0
2016-07-11 09:29:00,9022.0
2016-07-11 09:52:00,8996.0
2016-07-11 09:57:00,9006.0
2016-07-11 10:32:00,9005.0
2016-07-11 10:53:00,8984.0
2016-07-11 11:23:00,8951.0
2016-07-11 11:26:00,8949.0
2016-07-11 13:31:00,8950.0
2016-07-11 13:47:00,8952.0
2016-07-11 14:06:00,8952.0
2016-07-11 14:08:00,8962.0
2016-07-11 14:14:00,8981.0
2016-07-11 14:59:00,8970.0
2016-07-12 09:01:00,9008.0
2016-07-12 09:08:00,9026.0
2016-07-12 09:21:00,9192.0
2016-07-12 09:22:00,9220.0
2016-07-12 09:23:00,9257.0
2016-07-12 10:31:00,9565.0
2016-07-12 11:11:00,9435.0
2016-07-12 14:59:00,9965.0
2016-07-13 14:02:00,9855.0
2016-07-13 14:05:00,9808.0
2016-07-13 14:14:00,9731.0
2016-07-13 14:18:00,9737.0
2016-07-13 14:20:00,9730.0
2016-07-13 14:21:00,9737.0
2016-07-13 14:23:00,9715.0
2016-07-13 14:25:00,9720.0
2016-07-13 14:31:00,9699.0
2016-07-13 14:35:00,9679.0
2016-07-13 14:59:00,9679.0
2016-07-14 09:09:00,9678.0
2016-07-14 14:59:00,9671.0
2016-07-15 09:02:00,9683.0
2016-07-15 09:30:00,9684.0
2016-07-15 10:36:00,9673.0
2016-07-15 11:12:00,9661.0
2016-07-15 14:14:00,9596.0
2016-07-15 14:15:00,9590.0
2016-07-15 14:32:00,9590.0
2016-07-15 14:33:00,9582.0
2016-07-15 14:40:00,9581.0
2016-07-15 14:41:00,9570.0
2016-07-15 14:54:00,9569.0
2016-07-15 14:55:00,9561.0
2016-07-15 14:56:00,9563.0
2016-07-15 14:58:00,9546.0
2016-07-15 14:59:00,9544.0
2016-07-18 09:00:00,9491.0
2016-07-18 09:01:00,9478.0
2016-07-18 09:02:00,9498.0
2016-07-18 10:32:00,9634.0
2016-07-18 11:11:00,9795.0
2016-07-18 11:12:00,9772.0
2016-07-18 14:59:00,10130.0
2016-07-19 13:31:00,10738.0
2016-07-19 14:40:00,10593.0
2016-07-19 14:59:00,10654.0
2016-07-20 09:00:00,10514.0
2016-07-20 09:01:00,10538.0
2016-07-20 09:02:00,10520.0
2016-07-20 09:03:00,10489.0
2016-07-20 09:04:00,10492.0
2016-07-20 09:05:00,10467.0
2016-07-20 09:10:00,10450.0
2016-07-20 09:28:00,10450.0
2016-07-20 09:31:00,10450.0
2016-07-20 09:32:00,10445.0
2016-07-20 09:33:00,10446.0
2016-07-20 09:36:00,10475.0
2016-07-20 10:31:00,10460.0
2016-07-20 11:11:00,10493.0
2016-07-20 14:26:00,10395.0
2016-07-20 14:29:00,10341.0
2016-07-20 14:59:00,10373.0
2016-07-21 09:00:00,10274.0
2016-07-21 09:41:00,10264.0
2016-07-21 10:01:00,10264.0
2016-07-21 11:00:00,10269.0
2016-07-21 11:12:00,10268.0
2016-07-21 11:23:00,10282.0
2016-07-21 11:25:00,10281.0
2016-07-21 11:28:00,10307.0
2016-07-21 13:32:00,10340.0
2016-07-21 14:01:00,10390.0
2016-07-21 14:34:00,10454.0
2016-07-21 14:38:00,10512.0
2016-07-21 14:59:00,10393.0
2016-07-22 09:00:00,10143.0
2016-07-22 10:07:00,10143.0
2016-07-22 10:32:00,10139.0
2016-07-22 10:38:00,10152.0
2016-07-22 11:04:00,10160.0
2016-07-22 11:12:00,10140.0
2016-07-22 11:17:00,10182.0
2016-07-22 11:18:00,10195.0
2016-07-22 11:19:00,10205.0
2016-07-22 11:22:00,10216.0
2016-07-22 13:33:00,10234.0
2016-07-22 13:44:00,10135.0
2016-07-22 14:59:00,10161.0
2016-07-25 09:09:00,10054.0
2016-07-25 09:12:00,10073.0
2016-07-25 09:14:00,10032.0
2016-07-25 09:16:00,9909.0
2016-07-25 09:17:00,9880.0
2016-07-25 09:46:00,9880.0
2016-07-25 09:47:00,9879.0
2016-07-25 09:49:00,9878.0
2016-07-25 09:50:00,9876.0
2016-07-25 14:29:00,9875.0
2016-07-25 14:59:00,9867.0
2016-07-26 09:00:00,9878.0
2016-07-26 09:03:00,9888.0
2016-07-26 09:32:00,9888.0
2016-07-26 09:39:00,9858.0
2016-07-26 11:11:00,9844.0
2016-07-26 11:12:00,9843.0
2016-07-26 11:16:00,9842.0
2016-07-26 13:33:00,9842.0
2016-07-26 13:37:00,9844.0
2016-07-26 13:40:00,9845.0
2016-07-26 14:36:00,9865.0
2016-07-26 14:37:00,9864.0
2016-07-26 14:40:00,9882.0
2016-07-26 14:41:00,9881.0
2016-07-26 14:59:00,9919.0
2016-07-27 09:00:00,10140.0
2016-07-27 09:01:00,10165.0
2016-07-27 09:02:00,10150.0
2016-07-27 09:20:00,10284.0
2016-07-27 09:23:00,10334.0
2016-07-27 10:31:00,10316.0
2016-07-27 11:05:00,9995.0
2016-07-27 11:08:00,10055.0
2016-07-27 11:10:00,9973.0
2016-07-27 11:12:00,9869.0
2016-07-27 11:26:00,9883.0
2016-07-27 11:27:00,9873.0
2016-07-27 13:30:00,9843.0
2016-07-27 14:05:00,9842.0
2016-07-27 14:08:00,9845.0
2016-07-27 14:09:00,9848.0
2016-07-27 14:11:00,9837.0
2016-07-27 14:12:00,9838.0
2016-07-27 14:13:00,9848.0
2016-07-27 14:15:00,9863.0
2016-07-27 14:33:00,9802.0
2016-07-27 14:43:00,9808.0
2016-07-27 14:47:00,9817.0
2016-07-27 14:49:00,9828.0
2016-07-27 14:57:00,9869.0
2016-07-27 14:58:00,9873.0
2016-07-27 14:59:00,9893.0
2016-07-28 09:00:00,9987.0
2016-07-28 09:01:00,10015.0
2016-07-28 09:05:00,10134.0
2016-07-28 10:31:00,10383.0
2016-07-28 11:11:00,10382.0
2016-07-28 14:59:00,10302.0
2016-07-29 09:58:00,10071.0
2016-07-29 10:00:00,9959.0
2016-07-29 10:05:00,9953.0
2016-07-29 10:30:00,9942.0
2016-07-29 10:33:00,9943.0
2016-07-29 13:44:00,9949.0
2016-07-29 13:45:00,9947.0
2016-07-29 14:05:00,9969.0
2016-07-29 14:07:00,9978.0
