2015-01-06 09:57:00,0.0
2015-01-06 09:57:00,0.0
2015-01-06 11:08:00,-4.0
2015-01-06 14:59:00,-4.0
2015-01-07 11:01:00,-130.0
2015-01-07 14:59:00,-130.0
2015-01-08 09:00:00,-131.0
2015-01-08 14:59:00,-129.0
2015-01-09 09:15:00,-119.0
2015-01-09 09:29:00,-109.0
2015-01-09 09:32:00,-91.0
2015-01-09 11:15:00,-16.0
2015-01-09 14:59:00,-56.0
2015-01-12 14:59:00,504.0
2015-01-13 14:59:00,434.0
2015-01-14 14:59:00,654.0
2015-01-15 09:31:00,643.0
2015-01-15 09:58:00,650.0
2015-01-15 10:04:00,597.0
2015-01-15 10:06:00,586.0
2015-01-15 10:31:00,564.0
2015-01-15 11:01:00,551.0
2015-01-15 11:07:00,550.0
2015-01-15 14:43:00,577.0
2015-01-15 14:46:00,611.0
2015-01-15 14:59:00,637.0
2015-01-16 14:59:00,577.0
2015-01-19 09:00:00,376.0
2015-01-19 09:17:00,346.0
2015-01-19 09:21:00,343.0
2015-01-19 10:01:00,253.0
2015-01-19 14:24:00,234.0
2015-01-19 14:29:00,236.0
2015-01-19 14:59:00,213.0
2015-01-20 09:10:00,140.0
2015-01-20 14:49:00,137.0
2015-01-20 14:57:00,134.0
2015-01-20 14:59:00,134.0
2015-01-21 13:30:00,79.0
2015-01-21 13:31:00,74.0
2015-01-21 13:39:00,81.0
2015-01-21 14:02:00,-61.0
2015-01-21 14:17:00,-66.0
2015-01-21 14:58:00,-41.0
2015-01-21 14:59:00,-3.0
2015-01-22 14:59:00,-53.0
2015-01-23 11:26:00,-90.0
2015-01-23 14:59:00,-90.0
2015-01-26 10:11:00,-34.0
2015-01-26 10:53:00,114.0
2015-01-26 14:59:00,123.0
2015-01-27 14:59:00,71.0
2015-01-28 11:01:00,-27.0
2015-01-28 11:03:00,-16.0
2015-01-28 11:04:00,-20.0
2015-01-28 11:29:00,-27.0
2015-01-28 13:30:00,-29.0
2015-01-28 14:52:00,-24.0
2015-01-28 14:59:00,-10.0
2015-01-29 09:43:00,131.0
2015-01-29 10:38:00,301.0
2015-01-29 14:59:00,231.0
2015-01-30 11:01:00,109.0
2015-01-30 14:59:00,130.0
2015-02-02 09:19:00,91.0
2015-02-02 09:21:00,84.0
2015-02-02 11:14:00,77.0
2015-02-02 11:18:00,76.0
2015-02-02 13:32:00,81.0
2015-02-02 14:59:00,17.0
2015-02-03 09:40:00,-24.0
2015-02-03 10:45:00,-11.0
2015-02-03 11:03:00,-4.0
2015-02-03 14:59:00,13.0
2015-02-04 09:04:00,-59.0
2015-02-04 09:07:00,-73.0
2015-02-04 09:09:00,-77.0
2015-02-04 09:10:00,-66.0
2015-02-04 09:15:00,7.0
2015-02-04 14:12:00,-209.0
2015-02-04 14:18:00,-243.0
2015-02-04 14:59:00,-243.0
2015-02-05 14:59:00,-243.0
2015-02-06 09:00:00,-247.0
2015-02-06 10:37:00,-244.0
2015-02-06 14:59:00,-233.0
2015-02-09 09:12:00,-327.0
2015-02-09 10:02:00,-333.0
2015-02-09 10:06:00,-336.0
2015-02-09 11:23:00,-327.0
2015-02-09 14:59:00,-373.0
2015-02-10 09:49:00,-433.0
2015-02-10 10:00:00,-451.0
2015-02-10 11:12:00,-466.0
2015-02-10 11:26:00,-470.0
2015-02-10 13:49:00,-471.0
2015-02-10 14:59:00,-460.0
2015-02-11 14:59:00,-454.0
2015-02-12 09:00:00,-533.0
2015-02-12 11:02:00,-526.0
2015-02-12 11:07:00,-527.0
2015-02-12 14:59:00,-599.0
2015-02-13 09:14:00,-637.0
2015-02-13 09:21:00,-644.0
2015-02-13 09:30:00,-649.0
2015-02-13 09:44:00,-651.0
2015-02-13 11:01:00,-634.0
2015-02-13 13:30:00,-596.0
2015-02-13 13:31:00,-611.0
2015-02-13 14:59:00,-594.0
2015-02-16 09:25:00,-373.0
2015-02-16 14:59:00,-493.0
2015-02-17 09:24:00,-614.0
2015-02-17 09:35:00,-616.0
2015-02-17 11:01:00,-654.0
2015-02-17 14:59:00,-599.0
2015-02-25 09:02:00,-671.0
2015-02-25 09:06:00,-674.0
2015-02-25 09:09:00,-624.0
2015-02-25 14:59:00,-684.0
2015-02-26 11:26:00,-837.0
2015-02-26 13:30:00,-847.0
2015-02-26 14:16:00,-867.0
2015-02-26 14:41:00,-871.0
2015-02-26 14:42:00,-870.0
2015-02-26 14:52:00,-863.0
2015-02-26 14:59:00,-874.0
2015-02-27 14:34:00,-974.0
2015-02-27 14:36:00,-983.0
2015-02-27 14:37:00,-979.0
2015-02-27 14:41:00,-969.0
2015-02-27 14:43:00,-950.0
2015-02-27 14:59:00,-870.0
2015-03-02 14:40:00,-1094.0
2015-03-02 14:43:00,-1114.0
2015-03-02 14:59:00,-1103.0
2015-03-03 14:59:00,-1086.0
2015-03-04 14:01:00,-1059.0
2015-03-04 14:59:00,-1080.0
2015-03-05 09:00:00,-980.0
2015-03-05 13:52:00,-933.0
2015-03-05 14:59:00,-1003.0
2015-03-06 11:18:00,-964.0
2015-03-06 14:59:00,-724.0
2015-03-09 09:22:00,-614.0
2015-03-09 14:59:00,-664.0
2015-03-10 14:59:00,-264.0
2015-03-11 14:59:00,-454.0
2015-03-12 10:01:00,-526.0
2015-03-12 10:51:00,-627.0
2015-03-12 10:52:00,-627.0
2015-03-12 11:01:00,-629.0
2015-03-12 11:03:00,-631.0
2015-03-12 13:30:00,-601.0
2015-03-12 13:31:00,-587.0
2015-03-12 14:59:00,-651.0
2015-03-13 09:49:00,-567.0
2015-03-13 14:59:00,-661.0
2015-03-16 14:59:00,-413.0
2015-03-17 14:59:00,-447.0
2015-03-18 13:30:00,-556.0
2015-03-18 13:31:00,-559.0
2015-03-18 13:33:00,-560.0
2015-03-18 13:34:00,-563.0
2015-03-18 14:59:00,-560.0
2015-03-19 14:59:00,-560.0
2015-03-20 14:55:00,-566.0
2015-03-20 14:59:00,-560.0
2015-03-23 09:00:00,-789.0
2015-03-23 09:01:00,-739.0
2015-03-23 13:41:00,-706.0
2015-03-23 14:59:00,-536.0
2015-03-24 14:59:00,-546.0
2015-03-25 10:57:00,-679.0
2015-03-25 11:01:00,-701.0
2015-03-25 11:06:00,-697.0
2015-03-25 11:10:00,-709.0
2015-03-25 11:24:00,-710.0
2015-03-25 11:25:00,-711.0
2015-03-25 13:30:00,-711.0
2015-03-25 13:31:00,-709.0
2015-03-25 14:59:00,-669.0
2015-03-26 09:31:00,-590.0
2015-03-26 09:34:00,-591.0
2015-03-26 14:59:00,-557.0
2015-03-27 09:44:00,-53.0
2015-03-27 13:59:00,-407.0
2015-03-27 14:58:00,-501.0
2015-03-27 14:59:00,-501.0
2015-03-30 14:59:00,-439.0
2015-03-31 09:06:00,-400.0
2015-03-31 13:40:00,-401.0
2015-03-31 13:45:00,-393.0
2015-03-31 14:59:00,-359.0
2015-04-01 14:59:00,-33.0
2015-04-02 14:59:00,353.0
2015-04-03 14:59:00,353.0
2015-04-07 14:59:00,636.0
2015-04-08 14:00:00,443.0
2015-04-08 14:59:00,481.0
2015-04-09 09:56:00,617.0
2015-04-09 14:57:00,610.0
2015-04-09 14:59:00,631.0
2015-04-10 09:00:00,673.0
2015-04-10 11:01:00,731.0
2015-04-10 14:59:00,841.0
2015-04-13 13:57:00,679.0
2015-04-13 13:59:00,661.0
2015-04-13 14:22:00,594.0
2015-04-13 14:23:00,597.0
2015-04-13 14:24:00,606.0
2015-04-13 14:36:00,646.0
2015-04-13 14:45:00,684.0
2015-04-13 14:59:00,713.0
2015-04-14 14:59:00,677.0
2015-04-15 14:33:00,567.0
2015-04-15 14:52:00,549.0
2015-04-15 14:55:00,547.0
2015-04-15 14:56:00,567.0
2015-04-15 14:59:00,576.0
2015-04-16 09:59:00,390.0
2015-04-16 11:05:00,374.0
2015-04-16 11:13:00,370.0
2015-04-16 13:41:00,397.0
2015-04-16 13:42:00,381.0
2015-04-16 14:59:00,304.0
2015-04-17 09:41:00,269.0
2015-04-17 10:02:00,253.0
2015-04-17 10:55:00,263.0
2015-04-17 11:01:00,253.0
2015-04-17 14:59:00,249.0
2015-04-20 09:00:00,226.0
2015-04-20 09:02:00,224.0
2015-04-20 09:08:00,274.0
2015-04-20 14:59:00,389.0
2015-04-21 14:59:00,381.0
2015-04-22 10:59:00,226.0
2015-04-22 11:01:00,224.0
2015-04-22 11:12:00,226.0
2015-04-22 11:14:00,227.0
2015-04-22 11:15:00,229.0
2015-04-22 11:16:00,241.0
2015-04-22 14:59:00,404.0
2015-04-23 14:59:00,370.0
2015-04-24 09:38:00,866.0
2015-04-24 14:59:00,836.0
2015-04-27 14:59:00,1136.0
2015-04-28 10:09:00,1114.0
2015-04-28 11:18:00,1113.0
2015-04-28 14:40:00,996.0
2015-04-28 14:59:00,1030.0
2015-04-29 13:30:00,973.0
2015-04-29 13:34:00,969.0
2015-04-29 13:46:00,960.0
2015-04-29 13:48:00,959.0
2015-04-29 13:58:00,964.0
2015-04-29 14:08:00,997.0
2015-04-29 14:09:00,1053.0
2015-04-29 14:10:00,1059.0
2015-04-29 14:59:00,1170.0
2015-04-30 14:59:00,956.0
2015-05-04 09:00:00,833.0
2015-05-04 09:01:00,804.0
2015-05-04 09:30:00,803.0
2015-05-04 09:37:00,811.0
2015-05-04 10:49:00,887.0
2015-05-04 11:01:00,924.0
2015-05-04 14:59:00,881.0
2015-05-05 09:37:00,1086.0
2015-05-05 14:59:00,1016.0
2015-05-06 14:59:00,1036.0
2015-05-07 09:00:00,799.0
2015-05-07 09:44:00,811.0
2015-05-07 10:59:00,800.0
2015-05-07 11:00:00,799.0
2015-05-07 11:01:00,796.0
2015-05-07 11:03:00,790.0
2015-05-07 14:59:00,773.0
2015-05-08 11:02:00,719.0
2015-05-08 14:59:00,730.0
2015-05-11 09:00:00,677.0
2015-05-11 14:59:00,643.0
2015-05-12 09:00:00,527.0
2015-05-12 09:22:00,526.0
2015-05-12 09:26:00,523.0
2015-05-12 09:44:00,509.0
2015-05-12 13:30:00,511.0
2015-05-12 14:59:00,563.0
2015-05-13 11:02:00,440.0
2015-05-13 11:26:00,534.0
2015-05-13 14:59:00,569.0
2015-05-14 14:59:00,731.0
2015-05-15 14:30:00,677.0
2015-05-15 14:34:00,654.0
2015-05-15 14:59:00,654.0
2015-05-18 09:08:00,653.0
2015-05-18 09:10:00,651.0
2015-05-18 09:14:00,653.0
2015-05-18 10:48:00,586.0
2015-05-18 14:33:00,584.0
2015-05-18 14:37:00,581.0
2015-05-18 14:52:00,584.0
2015-05-18 14:59:00,593.0
2015-05-19 14:59:00,644.0
2015-05-20 14:59:00,901.0
2015-05-21 10:41:00,684.0
2015-05-21 11:01:00,693.0
2015-05-21 13:30:00,656.0
2015-05-21 14:59:00,656.0
2015-05-22 09:03:00,654.0
2015-05-22 14:59:00,653.0
2015-05-25 09:40:00,623.0
2015-05-25 09:44:00,620.0
2015-05-25 10:50:00,566.0
2015-05-25 14:48:00,564.0
2015-05-25 14:59:00,563.0
2015-05-26 09:00:00,584.0
2015-05-26 09:01:00,583.0
2015-05-26 09:30:00,599.0
2015-05-26 09:36:00,640.0
2015-05-26 14:53:00,491.0
2015-05-26 14:59:00,469.0
2015-05-27 09:47:00,471.0
2015-05-27 14:59:00,480.0
2015-05-28 13:57:00,471.0
2015-05-28 14:03:00,469.0
2015-05-28 14:59:00,440.0
2015-05-29 09:17:00,484.0
2015-05-29 14:59:00,320.0
2015-06-01 09:00:00,289.0
2015-06-01 09:02:00,264.0
2015-06-01 14:34:00,259.0
2015-06-01 14:35:00,260.0
2015-06-01 14:41:00,293.0
2015-06-01 14:59:00,241.0
2015-06-02 14:59:00,259.0
2015-06-03 09:31:00,161.0
2015-06-03 11:01:00,159.0
2015-06-03 11:15:00,163.0
2015-06-03 11:16:00,169.0
2015-06-03 14:59:00,227.0
2015-06-04 13:41:00,176.0
2015-06-04 14:59:00,159.0
2015-06-05 14:59:00,287.0
2015-06-08 14:59:00,356.0
2015-06-09 09:00:00,259.0
2015-06-09 09:23:00,257.0
2015-06-09 09:37:00,246.0
2015-06-09 09:42:00,239.0
2015-06-09 09:44:00,236.0
2015-06-09 11:01:00,234.0
2015-06-09 11:04:00,226.0
2015-06-09 14:56:00,146.0
2015-06-09 14:59:00,129.0
2015-06-10 09:32:00,149.0
2015-06-10 14:44:00,127.0
2015-06-10 14:47:00,137.0
2015-06-10 14:59:00,101.0
2015-06-11 09:04:00,16.0
2015-06-11 11:22:00,13.0
2015-06-11 13:32:00,13.0
2015-06-11 14:59:00,41.0
2015-06-12 09:00:00,-130.0
2015-06-12 11:01:00,-59.0
2015-06-12 14:56:00,-9.0
2015-06-12 14:59:00,71.0
2015-06-15 14:59:00,251.0
2015-06-16 14:59:00,601.0
2015-06-17 14:59:00,821.0
2015-06-18 09:24:00,670.0
2015-06-18 09:25:00,669.0
2015-06-18 09:45:00,589.0
2015-06-18 09:46:00,599.0
2015-06-18 11:01:00,597.0
2015-06-18 11:06:00,593.0
2015-06-18 14:07:00,593.0
2015-06-18 14:20:00,591.0
2015-06-18 14:30:00,593.0
2015-06-18 14:31:00,591.0
2015-06-18 14:59:00,579.0
2015-06-19 09:00:00,624.0
2015-06-19 09:01:00,623.0
2015-06-19 09:04:00,634.0
2015-06-19 14:55:00,511.0
2015-06-19 14:59:00,511.0
2015-06-23 09:02:00,451.0
2015-06-23 09:04:00,444.0
2015-06-23 09:32:00,439.0
2015-06-23 09:34:00,439.0
2015-06-23 09:39:00,449.0
2015-06-23 14:59:00,399.0
2015-06-24 09:00:00,367.0
2015-06-24 13:33:00,363.0
2015-06-24 14:59:00,363.0
2015-06-25 09:09:00,361.0
2015-06-25 09:24:00,361.0
2015-06-25 11:06:00,361.0
2015-06-25 14:59:00,401.0
2015-06-26 09:28:00,293.0
2015-06-26 14:36:00,290.0
2015-06-26 14:39:00,304.0
2015-06-26 14:59:00,264.0
2015-06-29 13:34:00,354.0
2015-06-29 14:59:00,447.0
2015-06-30 09:00:00,774.0
2015-06-30 09:25:00,1039.0
2015-06-30 13:46:00,664.0
2015-06-30 14:59:00,681.0
2015-07-01 14:59:00,721.0
2015-07-02 11:18:00,640.0
2015-07-02 11:23:00,634.0
2015-07-02 11:25:00,630.0
2015-07-02 11:29:00,624.0
2015-07-02 14:59:00,624.0
2015-07-03 09:01:00,623.0
2015-07-03 10:01:00,599.0
2015-07-03 10:56:00,597.0
2015-07-03 14:44:00,581.0
2015-07-03 14:59:00,581.0
2015-07-06 09:00:00,573.0
2015-07-06 11:10:00,786.0
2015-07-06 14:59:00,866.0
2015-07-07 14:59:00,1716.0
2015-07-08 09:01:00,1764.0
2015-07-08 14:59:00,2244.0
2015-07-09 09:00:00,1597.0
2015-07-09 09:55:00,1600.0
2015-07-09 09:56:00,1590.0
2015-07-09 09:57:00,1581.0
2015-07-09 09:59:00,1580.0
2015-07-09 10:09:00,1586.0
2015-07-09 11:02:00,1579.0
2015-07-09 13:32:00,1671.0
2015-07-09 14:41:00,1673.0
2015-07-09 14:43:00,1671.0
2015-07-09 14:44:00,1651.0
2015-07-09 14:45:00,1654.0
2015-07-09 14:46:00,1634.0
2015-07-09 14:49:00,1639.0
2015-07-09 14:52:00,1606.0
2015-07-09 14:56:00,1614.0
2015-07-09 14:59:00,1606.0
2015-07-10 09:00:00,1767.0
2015-07-10 14:32:00,1649.0
2015-07-10 14:59:00,1636.0
2015-07-13 13:44:00,1634.0
2015-07-13 13:50:00,1637.0
2015-07-13 14:14:00,1653.0
2015-07-13 14:32:00,1681.0
2015-07-13 14:59:00,1607.0
2015-07-14 09:09:00,1456.0
2015-07-14 09:44:00,1471.0
2015-07-14 14:59:00,1497.0
2015-07-15 09:48:00,1504.0
2015-07-15 09:52:00,1506.0
2015-07-15 09:54:00,1521.0
2015-07-15 13:44:00,1564.0
2015-07-15 14:59:00,1556.0
2015-07-16 11:28:00,1456.0
2015-07-16 11:29:00,1440.0
2015-07-16 14:59:00,1447.0
2015-07-17 14:43:00,1441.0
2015-07-17 14:59:00,1441.0
2015-07-20 09:00:00,1436.0
2015-07-20 09:01:00,1496.0
2015-07-20 14:59:00,1650.0
2015-07-21 09:24:00,1589.0
2015-07-21 10:32:00,1530.0
2015-07-21 10:33:00,1540.0
2015-07-21 10:34:00,1517.0
2015-07-21 10:37:00,1539.0
2015-07-21 10:38:00,1523.0
2015-07-21 10:41:00,1533.0
2015-07-21 10:42:00,1517.0
2015-07-21 11:00:00,1453.0
2015-07-21 14:59:00,1444.0
2015-07-22 09:08:00,1439.0
2015-07-22 09:09:00,1437.0
2015-07-22 09:27:00,1431.0
2015-07-22 09:45:00,1429.0
2015-07-22 09:57:00,1433.0
2015-07-22 11:01:00,1457.0
2015-07-22 13:30:00,1524.0
2015-07-22 13:47:00,1600.0
2015-07-22 14:59:00,1611.0
2015-07-23 14:59:00,1520.0
2015-07-24 13:30:00,1471.0
2015-07-24 14:59:00,1520.0
2015-07-27 09:00:00,1399.0
2015-07-27 14:53:00,1310.0
2015-07-27 14:59:00,1331.0
2015-07-28 09:11:00,1364.0
2015-07-28 11:03:00,1407.0
2015-07-28 14:59:00,1270.0
2015-07-29 09:23:00,1526.0
2015-07-29 14:59:00,1666.0
2015-07-30 14:59:00,1456.0
2015-07-31 14:59:00,1636.0
2015-08-03 13:40:00,1611.0
2015-08-03 14:47:00,1564.0
2015-08-03 14:48:00,1550.0
2015-08-03 14:59:00,1550.0
2015-08-04 14:59:00,1599.0
2015-08-05 11:18:00,1563.0
2015-08-05 11:19:00,1561.0
2015-08-05 14:25:00,1560.0
2015-08-05 14:38:00,1551.0
2015-08-05 14:57:00,1550.0
2015-08-05 14:59:00,1550.0
2015-08-06 09:00:00,1531.0
2015-08-06 09:08:00,1529.0
2015-08-06 09:09:00,1527.0
2015-08-06 09:21:00,1534.0
2015-08-06 09:26:00,1556.0
2015-08-06 11:08:00,1533.0
2015-08-06 14:59:00,1533.0
2015-08-07 14:59:00,1653.0
2015-08-10 13:30:00,1823.0
2015-08-10 14:59:00,1803.0
2015-08-11 09:06:00,1590.0
2015-08-11 09:19:00,1574.0
2015-08-11 10:01:00,1613.0
2015-08-11 10:02:00,1611.0
2015-08-11 11:20:00,1596.0
2015-08-11 11:22:00,1593.0
2015-08-11 14:58:00,1591.0
2015-08-11 14:59:00,1593.0
2015-08-12 14:59:00,1561.0
2015-08-13 09:01:00,1586.0
2015-08-13 09:58:00,1587.0
2015-08-13 10:02:00,1586.0
2015-08-13 13:43:00,1589.0
2015-08-13 14:59:00,1606.0
2015-08-14 14:59:00,1546.0
2015-08-17 09:00:00,1450.0
2015-08-17 09:04:00,1453.0
2015-08-17 09:21:00,1460.0
2015-08-17 09:30:00,1459.0
2015-08-17 11:23:00,1467.0
2015-08-17 14:59:00,1526.0
2015-08-18 14:59:00,1626.0
2015-08-19 14:57:00,1663.0
2015-08-19 14:59:00,1677.0
2015-08-20 11:28:00,1774.0
2015-08-20 14:59:00,1814.0
2015-08-21 14:59:00,1884.0
2015-08-24 14:59:00,2754.0
2015-08-25 14:59:00,2754.0
2015-08-26 11:20:00,2563.0
2015-08-26 11:21:00,2561.0
2015-08-26 14:59:00,2669.0
2015-08-27 09:05:00,2539.0
2015-08-27 09:15:00,2509.0
2015-08-27 09:16:00,2497.0
2015-08-27 09:18:00,2491.0
2015-08-27 09:22:00,2493.0
2015-08-27 09:23:00,2517.0
2015-08-27 09:26:00,2521.0
2015-08-27 11:01:00,2449.0
2015-08-27 11:03:00,2439.0
2015-08-27 14:59:00,2499.0
2015-08-28 14:59:00,2569.0
2015-08-31 09:00:00,2414.0
2015-08-31 09:20:00,2377.0
2015-08-31 09:27:00,2374.0
2015-08-31 11:04:00,2371.0
2015-08-31 14:59:00,2384.0
2015-09-01 14:59:00,2341.0
2015-09-02 09:00:00,2377.0
2015-09-02 11:00:00,2404.0
2015-09-02 14:59:00,2361.0
2015-09-07 09:00:00,2607.0
2015-09-07 09:01:00,2543.0
2015-09-07 09:25:00,2613.0
2015-09-07 11:01:00,2663.0
2015-09-07 14:59:00,2663.0
2015-09-08 11:05:00,2581.0
2015-09-08 11:10:00,2580.0
2015-09-08 14:10:00,2570.0
2015-09-08 14:29:00,2533.0
2015-09-08 14:34:00,2529.0
2015-09-08 14:42:00,2526.0
2015-09-08 14:43:00,2524.0
2015-09-08 14:52:00,2547.0
2015-09-08 14:59:00,2569.0
2015-09-09 14:06:00,2601.0
2015-09-09 14:52:00,2573.0
2015-09-09 14:59:00,2576.0
2015-09-10 14:00:00,2596.0
2015-09-10 14:03:00,2603.0
2015-09-10 14:59:00,2560.0
2015-09-11 14:38:00,2524.0
2015-09-11 14:39:00,2516.0
2015-09-11 14:59:00,2513.0
2015-09-14 09:00:00,2546.0
2015-09-14 10:39:00,2516.0
2015-09-14 14:59:00,2544.0
2015-09-15 14:50:00,2646.0
2015-09-15 14:56:00,2659.0
2015-09-15 14:59:00,2650.0
2015-09-16 09:00:00,2469.0
2015-09-16 09:01:00,2453.0
2015-09-16 09:44:00,2480.0
2015-09-16 09:45:00,2479.0
2015-09-16 14:42:00,2463.0
2015-09-16 14:59:00,2463.0
2015-09-17 09:01:00,2460.0
2015-09-17 10:31:00,2459.0
2015-09-17 11:17:00,2457.0
2015-09-17 11:23:00,2453.0
2015-09-17 14:04:00,2471.0
2015-09-17 14:54:00,2376.0
2015-09-17 14:59:00,2371.0
2015-09-18 10:59:00,2364.0
2015-09-18 13:42:00,2356.0
2015-09-18 14:22:00,2356.0
2015-09-18 14:59:00,2343.0
2015-09-21 09:40:00,2396.0
2015-09-21 14:59:00,2431.0
2015-09-22 14:59:00,2524.0
2015-09-23 14:08:00,2453.0
2015-09-23 14:59:00,2453.0
2015-09-24 11:02:00,2451.0
2015-09-24 11:15:00,2451.0
2015-09-24 14:59:00,2439.0
2015-09-25 09:00:00,2390.0
2015-09-25 09:01:00,2387.0
2015-09-25 09:43:00,2391.0
2015-09-25 09:45:00,2390.0
2015-09-25 09:49:00,2389.0
2015-09-25 14:56:00,2276.0
2015-09-25 14:59:00,2277.0
2015-09-28 09:00:00,2250.0
2015-09-28 09:59:00,2259.0
2015-09-28 14:40:00,2351.0
2015-09-28 14:59:00,2391.0
2015-09-29 14:59:00,2651.0
2015-09-30 14:59:00,2751.0
2015-10-08 10:30:00,2650.0
2015-10-08 10:31:00,2657.0
2015-10-08 10:37:00,2583.0
2015-10-08 10:38:00,2590.0
2015-10-08 10:40:00,2577.0
2015-10-08 10:41:00,2569.0
2015-10-08 11:01:00,2566.0
2015-10-08 14:59:00,2531.0
2015-10-09 10:33:00,2566.0
2015-10-09 13:31:00,2616.0
2015-10-09 14:59:00,2651.0
2015-10-12 14:59:00,2616.0
2015-10-13 09:00:00,2524.0
2015-10-13 09:03:00,2514.0
2015-10-13 09:06:00,2516.0
2015-10-13 11:01:00,2539.0
2015-10-13 14:56:00,2429.0
2015-10-13 14:59:00,2433.0
2015-10-14 09:31:00,2427.0
2015-10-14 14:59:00,2456.0
2015-10-15 10:09:00,2433.0
2015-10-15 11:05:00,2431.0
2015-10-15 14:20:00,2431.0
2015-10-15 14:59:00,2397.0
2015-10-16 09:00:00,2367.0
2015-10-16 09:29:00,2366.0
2015-10-16 09:30:00,2366.0
2015-10-16 09:35:00,2364.0
2015-10-16 09:44:00,2367.0
2015-10-16 14:59:00,2333.0
2015-10-19 09:03:00,2290.0
2015-10-19 11:29:00,2319.0
2015-10-19 13:30:00,2371.0
2015-10-19 14:59:00,2441.0
2015-10-20 14:59:00,2501.0
2015-10-21 14:59:00,2511.0
2015-10-22 09:00:00,2384.0
2015-10-22 14:59:00,2424.0
2015-10-23 09:04:00,2433.0
2015-10-23 09:05:00,2443.0
2015-10-23 09:06:00,2449.0
2015-10-23 13:58:00,2541.0
2015-10-23 14:59:00,2401.0
2015-10-26 14:59:00,2451.0
2015-10-27 10:35:00,2353.0
2015-10-27 10:41:00,2349.0
2015-10-27 11:01:00,2347.0
2015-10-27 11:04:00,2343.0
2015-10-27 14:59:00,2331.0
2015-10-28 09:44:00,2309.0
2015-10-28 10:32:00,2303.0
2015-10-28 11:21:00,2294.0
2015-10-28 14:59:00,2269.0
2015-10-29 09:55:00,2233.0
2015-10-29 09:57:00,2231.0
2015-10-29 11:01:00,2229.0
2015-10-29 14:59:00,2231.0
2015-10-30 09:31:00,2243.0
2015-10-30 11:20:00,2240.0
2015-10-30 14:59:00,2274.0
2015-11-02 09:53:00,2211.0
2015-11-02 10:02:00,2194.0
2015-11-02 10:14:00,2191.0
2015-11-02 10:30:00,2191.0
2015-11-02 14:59:00,2151.0
2015-11-03 09:00:00,2107.0
2015-11-03 09:08:00,2114.0
2015-11-03 09:53:00,2129.0
2015-11-03 14:59:00,2154.0
2015-11-04 14:59:00,2137.0
2015-11-05 14:59:00,2163.0
2015-11-06 09:44:00,2126.0
2015-11-06 10:50:00,2111.0
2015-11-06 11:00:00,2103.0
2015-11-06 11:01:00,2097.0
2015-11-06 14:59:00,2109.0
2015-11-09 14:59:00,2154.0
2015-11-10 13:30:00,2123.0
2015-11-10 13:33:00,2117.0
2015-11-10 13:36:00,2114.0
2015-11-10 14:08:00,2121.0
2015-11-10 14:25:00,2124.0
2015-11-10 14:59:00,2096.0
2015-11-11 14:59:00,2204.0
2015-11-12 09:55:00,2253.0
2015-11-12 14:59:00,2244.0
2015-11-13 11:01:00,2207.0
2015-11-13 14:59:00,2247.0
2015-11-16 09:18:00,2204.0
2015-11-16 09:21:00,2193.0
2015-11-16 13:37:00,2139.0
2015-11-16 14:29:00,2127.0
2015-11-16 14:46:00,2124.0
2015-11-16 14:59:00,2124.0
2015-11-17 09:57:00,2127.0
2015-11-17 14:59:00,2133.0
2015-11-18 09:00:00,2166.0
2015-11-18 11:25:00,2243.0
2015-11-18 14:31:00,2284.0
2015-11-18 14:59:00,2244.0
2015-11-19 14:59:00,2534.0
2015-11-20 14:59:00,2634.0
2015-11-23 14:59:00,3014.0
2015-11-24 14:59:00,2914.0
2015-11-25 09:00:00,2770.0
2015-11-25 09:01:00,2774.0
2015-11-25 09:18:00,2781.0
2015-11-25 13:46:00,2794.0
2015-11-25 13:56:00,2799.0
2015-11-25 14:12:00,2774.0
2015-11-25 14:59:00,2781.0
2015-11-26 09:29:00,2761.0
2015-11-26 09:34:00,2760.0
2015-11-26 09:40:00,2769.0
2015-11-26 11:02:00,2733.0
2015-11-26 11:08:00,2736.0
2015-11-26 13:30:00,2860.0
2015-11-26 14:41:00,2699.0
2015-11-26 14:59:00,2679.0
2015-11-27 09:30:00,2653.0
2015-11-27 09:48:00,2651.0
2015-11-27 09:54:00,2651.0
2015-11-27 09:56:00,2659.0
2015-11-27 11:19:00,2683.0
2015-11-27 11:22:00,2680.0
2015-11-27 14:59:00,2697.0
2015-11-30 14:59:00,2971.0
2015-12-01 14:00:00,2893.0
2015-12-01 14:01:00,2861.0
2015-12-01 14:03:00,2864.0
2015-12-01 14:59:00,2884.0
2015-12-02 09:00:00,2777.0
2015-12-02 09:01:00,2771.0
2015-12-02 09:57:00,2773.0
2015-12-02 11:17:00,2664.0
2015-12-02 11:19:00,2669.0
2015-12-02 14:59:00,2704.0
2015-12-03 11:01:00,2609.0
2015-12-03 13:40:00,2566.0
2015-12-03 14:48:00,2563.0
2015-12-03 14:55:00,2564.0
2015-12-03 14:59:00,2556.0
2015-12-04 09:21:00,2570.0
2015-12-04 13:37:00,2431.0
2015-12-04 14:59:00,2449.0
2015-12-07 09:05:00,2433.0
2015-12-07 09:08:00,2423.0
2015-12-07 09:10:00,2421.0
2015-12-07 09:13:00,2426.0
2015-12-07 14:59:00,2439.0
2015-12-08 09:58:00,2350.0
2015-12-08 14:59:00,2360.0
2015-12-09 14:59:00,2363.0
2015-12-10 09:00:00,2347.0
2015-12-10 09:06:00,2354.0
2015-12-10 11:22:00,2336.0
2015-12-10 14:02:00,2349.0
2015-12-10 14:59:00,2336.0
2015-12-11 11:05:00,2309.0
2015-12-11 11:15:00,2299.0
2015-12-11 13:50:00,2299.0
2015-12-11 14:39:00,2297.0
2015-12-11 14:59:00,2297.0
2015-12-14 09:48:00,2260.0
2015-12-14 10:55:00,2284.0
2015-12-14 10:59:00,2304.0
2015-12-14 14:59:00,2304.0
2015-12-15 14:59:00,2281.0
2015-12-16 14:59:00,2367.0
2015-12-17 09:50:00,2474.0
2015-12-17 14:59:00,2396.0
2015-12-18 13:33:00,2566.0
2015-12-18 14:17:00,2607.0
2015-12-18 14:59:00,2657.0
2015-12-21 09:01:00,2956.0
2015-12-21 14:59:00,3033.0
2015-12-22 09:55:00,2911.0
2015-12-22 11:01:00,2824.0
2015-12-22 11:07:00,2823.0
2015-12-22 14:59:00,2870.0
2015-12-23 09:00:00,2806.0
2015-12-23 09:01:00,2804.0
2015-12-23 09:12:00,2804.0
2015-12-23 09:30:00,2823.0
2015-12-23 14:59:00,2793.0
2015-12-24 09:26:00,2717.0
2015-12-24 13:32:00,2711.0
2015-12-24 13:33:00,2709.0
2015-12-24 14:59:00,2589.0
2015-12-25 14:59:00,2683.0
2015-12-28 09:10:00,2570.0
2015-12-28 09:11:00,2576.0
2015-12-28 09:25:00,2567.0
2015-12-28 09:27:00,2561.0
2015-12-28 09:31:00,2559.0
2015-12-28 13:42:00,2503.0
2015-12-28 14:03:00,2503.0
2015-12-28 14:24:00,2513.0
2015-12-28 14:59:00,2491.0
2015-12-29 09:11:00,2567.0
2015-12-29 13:30:00,2657.0
2015-12-29 13:46:00,2741.0
2015-12-29 14:59:00,2681.0
2015-12-30 09:21:00,2809.0
2015-12-30 14:20:00,2637.0
2015-12-30 14:21:00,2627.0
2015-12-30 14:59:00,2641.0
2015-12-31 09:02:00,2733.0
2015-12-31 14:59:00,2647.0
2016-01-04 11:15:00,2703.0
2016-01-04 13:30:00,2683.0
2016-01-04 14:26:00,2669.0
2016-01-04 14:27:00,2666.0
2016-01-04 14:28:00,2656.0
2016-01-04 14:59:00,2660.0
2016-01-05 09:03:00,2701.0
2016-01-05 14:59:00,2581.0
2016-01-06 14:58:00,2660.0
2016-01-06 14:59:00,2653.0
2016-01-07 09:00:00,2607.0
2016-01-07 10:01:00,2661.0
2016-01-07 14:59:00,2633.0
2016-01-08 09:00:00,2659.0
2016-01-08 14:59:00,2736.0
2016-01-11 14:12:00,2657.0
2016-01-11 14:14:00,2656.0
2016-01-11 14:15:00,2649.0
2016-01-11 14:59:00,2700.0
2016-01-12 09:05:00,2733.0
2016-01-12 11:09:00,2753.0
2016-01-12 14:59:00,2804.0
2016-01-13 14:59:00,2804.0
2016-01-14 09:59:00,2769.0
2016-01-14 10:01:00,2767.0
2016-01-14 10:31:00,2739.0
2016-01-14 11:12:00,2736.0
2016-01-14 11:14:00,2736.0
2016-01-14 11:15:00,2734.0
2016-01-14 13:31:00,2733.0
2016-01-14 14:59:00,2809.0
2016-01-15 14:59:00,2999.0
2016-01-18 14:59:00,3489.0
2016-01-19 14:59:00,3619.0
2016-01-20 09:40:00,3447.0
2016-01-20 09:41:00,3446.0
2016-01-20 09:44:00,3430.0
2016-01-20 09:45:00,3434.0
2016-01-20 11:25:00,3411.0
2016-01-20 11:26:00,3400.0
2016-01-20 11:27:00,3394.0
2016-01-20 13:30:00,3399.0
2016-01-20 14:59:00,3377.0
2016-01-21 14:59:00,3449.0
2016-01-22 09:00:00,3200.0
2016-01-22 14:59:00,3097.0
2016-01-25 11:01:00,3226.0
2016-01-25 11:08:00,3267.0
2016-01-25 14:59:00,3147.0
2016-01-26 14:59:00,3197.0
2016-01-27 14:59:00,3367.0
2016-01-28 11:12:00,3156.0
2016-01-28 11:13:00,3126.0
2016-01-28 11:14:00,3133.0
2016-01-28 13:40:00,3116.0
2016-01-28 13:44:00,3113.0
2016-01-28 13:52:00,3114.0
2016-01-28 14:34:00,3141.0
2016-01-28 14:53:00,3197.0
2016-01-28 14:59:00,3214.0
2016-01-29 14:59:00,3223.0
2016-02-01 09:28:00,3041.0
2016-02-01 14:59:00,3156.0
2016-02-02 09:40:00,3183.0
2016-02-02 09:43:00,3190.0
2016-02-02 14:59:00,3180.0
2016-02-03 11:01:00,3139.0
2016-02-03 11:07:00,3137.0
2016-02-03 11:11:00,3120.0
2016-02-03 11:23:00,3104.0
2016-02-03 14:00:00,3104.0
2016-02-03 14:03:00,3103.0
2016-02-03 14:07:00,3104.0
2016-02-03 14:10:00,3109.0
2016-02-03 14:59:00,3100.0
2016-02-04 09:03:00,3180.0
2016-02-04 09:21:00,3224.0
2016-02-04 09:30:00,3223.0
2016-02-04 14:59:00,3206.0
2016-02-05 11:07:00,3074.0
2016-02-05 14:00:00,3043.0
2016-02-05 14:59:00,3077.0
2016-02-15 10:00:00,3100.0
2016-02-15 10:31:00,3099.0
2016-02-15 11:01:00,3139.0
2016-02-15 14:59:00,3279.0
2016-02-16 14:59:00,3209.0
2016-02-17 11:26:00,3164.0
2016-02-17 11:27:00,3154.0
2016-02-17 14:27:00,3151.0
2016-02-17 14:59:00,3151.0
2016-02-18 14:55:00,3149.0
2016-02-18 14:56:00,3149.0
2016-02-18 14:59:00,3154.0
2016-02-19 09:00:00,3159.0
2016-02-19 10:30:00,3171.0
2016-02-19 14:59:00,3326.0
2016-02-22 09:13:00,3813.0
2016-02-22 14:59:00,3833.0
2016-02-23 11:22:00,3530.0
2016-02-23 11:23:00,3529.0
2016-02-23 11:24:00,3527.0
2016-02-23 14:56:00,3530.0
2016-02-23 14:57:00,3521.0
2016-02-23 14:58:00,3520.0
2016-02-23 14:59:00,3517.0
2016-02-24 09:00:00,3529.0
2016-02-24 09:14:00,3524.0
2016-02-24 14:59:00,3494.0
2016-02-25 09:00:00,3414.0
2016-02-25 09:04:00,3419.0
2016-02-25 09:06:00,3426.0
2016-02-25 14:59:00,3289.0
2016-02-26 09:00:00,3154.0
2016-02-26 14:11:00,3101.0
2016-02-26 14:59:00,3106.0
2016-02-29 10:11:00,3079.0
2016-02-29 10:51:00,3077.0
2016-02-29 11:01:00,3073.0
2016-02-29 11:03:00,3071.0
2016-02-29 11:07:00,3076.0
2016-02-29 14:57:00,3147.0
2016-02-29 14:59:00,3164.0
2016-03-01 09:36:00,3257.0
2016-03-01 14:59:00,3397.0
2016-03-02 14:59:00,3487.0
2016-03-03 11:05:00,3356.0
2016-03-03 11:06:00,3346.0
2016-03-03 11:08:00,3337.0
2016-03-03 11:10:00,3336.0
2016-03-03 11:14:00,3324.0
2016-03-03 13:42:00,3323.0
2016-03-03 13:43:00,3321.0
2016-03-03 13:44:00,3321.0
2016-03-03 13:45:00,3324.0
2016-03-03 14:59:00,3319.0
2016-03-04 09:02:00,3184.0
2016-03-04 09:03:00,3176.0
2016-03-04 09:45:00,3171.0
2016-03-04 09:52:00,3199.0
2016-03-04 14:33:00,2974.0
2016-03-04 14:59:00,2956.0
2016-03-07 09:00:00,2713.0
2016-03-07 14:59:00,2713.0
2016-03-08 10:06:00,3126.0
2016-03-08 10:09:00,3054.0
2016-03-08 10:10:00,3053.0
2016-03-08 10:47:00,3021.0
2016-03-08 11:18:00,3020.0
2016-03-08 11:19:00,3014.0
2016-03-08 11:25:00,3013.0
2016-03-08 14:57:00,3100.0
2016-03-08 14:59:00,3100.0
2016-03-09 09:00:00,2701.0
2016-03-09 09:23:00,2720.0
2016-03-09 09:45:00,2701.0
2016-03-09 14:08:00,2740.0
2016-03-09 14:22:00,2690.0
2016-03-09 14:37:00,2707.0
2016-03-09 14:48:00,2674.0
2016-03-09 14:59:00,2683.0
2016-03-10 09:00:00,2777.0
2016-03-10 09:01:00,2753.0
2016-03-10 09:02:00,2743.0
2016-03-10 14:59:00,2743.0
2016-03-11 13:42:00,2741.0
2016-03-11 13:46:00,2743.0
2016-03-11 13:52:00,2757.0
2016-03-11 13:53:00,2767.0
2016-03-11 14:59:00,2817.0
2016-03-14 10:14:00,2730.0
2016-03-14 10:30:00,2711.0
2016-03-14 10:59:00,2600.0
2016-03-14 11:15:00,2599.0
2016-03-14 11:19:00,2594.0
2016-03-14 11:21:00,2593.0
2016-03-14 11:22:00,2589.0
2016-03-14 11:26:00,2587.0
2016-03-14 14:52:00,2640.0
2016-03-14 14:55:00,2676.0
2016-03-14 14:59:00,2689.0
2016-03-15 14:59:00,2761.0
2016-03-16 09:59:00,2623.0
2016-03-16 13:45:00,2630.0
2016-03-16 14:28:00,2627.0
2016-03-16 14:31:00,2626.0
2016-03-16 14:46:00,2630.0
2016-03-16 14:59:00,2643.0
2016-03-17 09:00:00,2829.0
2016-03-17 09:01:00,2827.0
2016-03-17 14:59:00,3041.0
2016-03-18 14:59:00,3324.0
2016-03-21 13:41:00,3680.0
2016-03-21 14:59:00,3620.0
2016-03-22 14:59:00,3680.0
2016-03-23 09:00:00,3911.0
2016-03-23 14:08:00,3736.0
2016-03-23 14:59:00,3757.0
2016-03-24 09:16:00,3524.0
2016-03-24 09:17:00,3524.0
2016-03-24 09:40:00,3529.0
2016-03-24 09:48:00,3536.0
2016-03-24 11:04:00,3380.0
2016-03-24 14:40:00,3657.0
2016-03-24 14:59:00,3614.0
2016-03-25 09:09:00,3320.0
2016-03-25 14:28:00,3237.0
2016-03-25 14:38:00,3230.0
2016-03-25 14:44:00,3220.0
2016-03-25 14:55:00,3219.0
2016-03-25 14:58:00,3221.0
2016-03-25 14:59:00,3230.0
2016-03-28 09:00:00,3381.0
2016-03-28 14:21:00,3047.0
2016-03-28 14:22:00,3040.0
2016-03-28 14:40:00,3037.0
2016-03-28 14:52:00,3064.0
2016-03-28 14:59:00,3069.0
2016-03-29 09:50:00,3071.0
2016-03-29 10:01:00,3093.0
2016-03-29 14:59:00,2914.0
2016-03-30 09:00:00,3213.0
2016-03-30 14:59:00,3273.0
2016-03-31 14:08:00,3186.0
2016-03-31 14:43:00,3163.0
2016-03-31 14:44:00,3161.0
2016-03-31 14:59:00,3149.0
2016-04-01 09:00:00,3027.0
2016-04-01 09:01:00,3023.0
2016-04-01 14:55:00,3137.0
2016-04-01 14:59:00,3137.0
2016-04-05 09:30:00,2969.0
2016-04-05 09:35:00,2953.0
2016-04-05 10:33:00,2967.0
2016-04-05 10:34:00,2960.0
2016-04-05 10:36:00,2961.0
2016-04-05 10:37:00,2954.0
2016-04-05 10:45:00,2956.0
2016-04-05 13:39:00,3024.0
2016-04-05 14:59:00,3024.0
2016-04-06 13:33:00,2880.0
2016-04-06 13:34:00,2864.0
2016-04-06 13:54:00,2860.0
2016-04-06 14:10:00,2859.0
2016-04-06 14:44:00,2854.0
2016-04-06 14:47:00,2853.0
2016-04-06 14:48:00,2850.0
2016-04-06 14:50:00,2849.0
2016-04-06 14:59:00,2864.0
2016-04-07 09:34:00,2871.0
2016-04-07 14:13:00,2877.0
2016-04-07 14:18:00,2904.0
2016-04-07 14:49:00,2981.0
2016-04-07 14:59:00,2836.0
2016-04-08 14:59:00,2887.0
2016-04-11 09:01:00,3503.0
2016-04-11 14:59:00,3703.0
2016-04-12 14:59:00,4153.0
2016-04-13 10:48:00,4439.0
2016-04-13 11:05:00,4294.0
2016-04-13 14:59:00,4311.0
2016-04-14 11:27:00,4276.0
2016-04-14 13:38:00,4231.0
2016-04-14 13:39:00,4226.0
2016-04-14 13:40:00,4224.0
2016-04-14 13:46:00,4231.0
2016-04-14 14:01:00,4239.0
2016-04-14 14:59:00,4226.0
2016-04-15 14:59:00,4333.0
2016-04-18 09:00:00,4094.0
2016-04-18 09:01:00,4100.0
2016-04-18 09:02:00,4099.0
2016-04-18 09:21:00,4127.0
2016-04-18 09:27:00,4131.0
2016-04-18 09:29:00,4139.0
2016-04-18 10:09:00,4166.0
2016-04-18 11:01:00,4164.0
2016-04-18 11:09:00,4214.0
2016-04-18 11:10:00,4193.0
2016-04-18 11:28:00,4200.0
2016-04-18 14:59:00,4320.0
2016-04-19 14:59:00,5370.0
2016-04-20 14:59:00,6350.0
2016-04-21 09:38:00,7186.0
2016-04-21 09:55:00,7299.0
2016-04-21 09:59:00,7183.0
2016-04-21 10:30:00,7336.0
2016-04-21 13:40:00,7706.0
2016-04-21 14:59:00,7620.0
2016-04-22 09:00:00,6910.0
2016-04-22 13:34:00,6850.0
2016-04-22 14:59:00,6864.0
2016-04-25 09:04:00,6800.0
2016-04-25 09:11:00,6799.0
2016-04-25 09:48:00,6876.0
2016-04-25 09:49:00,6863.0
2016-04-25 14:59:00,6683.0
2016-04-26 09:37:00,6669.0
2016-04-26 11:16:00,6803.0
2016-04-26 11:22:00,6813.0
2016-04-26 14:59:00,7106.0
2016-04-27 14:57:00,7459.0
2016-04-27 14:59:00,7473.0
2016-04-28 13:30:00,7343.0
2016-04-28 14:59:00,7354.0
2016-04-29 09:01:00,7286.0
2016-04-29 09:25:00,7246.0
2016-04-29 10:44:00,7244.0
2016-04-29 10:45:00,7239.0
2016-04-29 10:46:00,7237.0
2016-04-29 10:47:00,7233.0
2016-04-29 10:53:00,7231.0
2016-04-29 11:01:00,7227.0
2016-04-29 13:30:00,7226.0
2016-04-29 14:59:00,7254.0
2016-05-03 09:00:00,7183.0
2016-05-03 09:03:00,7204.0
2016-05-03 09:04:00,7264.0
2016-05-03 09:30:00,7313.0
2016-05-03 11:01:00,7509.0
2016-05-03 14:59:00,7619.0
2016-05-04 14:59:00,8329.0
2016-05-05 14:59:00,9059.0
2016-05-06 14:14:00,8834.0
2016-05-06 14:59:00,8800.0
2016-05-09 09:00:00,9304.0
2016-05-09 14:59:00,10024.0
2016-05-10 11:29:00,10380.0
2016-05-10 13:30:00,10274.0
2016-05-10 13:33:00,10267.0
2016-05-10 14:59:00,10283.0
2016-05-11 14:59:00,10281.0
2016-05-12 10:54:00,10299.0
2016-05-12 13:31:00,10317.0
2016-05-12 13:33:00,10333.0
2016-05-12 13:45:00,10366.0
2016-05-12 13:47:00,10400.0
2016-05-12 14:59:00,10700.0
2016-05-13 14:40:00,10961.0
2016-05-13 14:59:00,11021.0
2016-05-16 09:37:00,10913.0
2016-05-16 10:12:00,10883.0
2016-05-16 11:01:00,10881.0
2016-05-16 13:36:00,10880.0
2016-05-16 14:59:00,10874.0
2016-05-17 13:55:00,10904.0
2016-05-17 14:01:00,10933.0
2016-05-17 14:05:00,10977.0
2016-05-17 14:35:00,11011.0
2016-05-17 14:59:00,11149.0
2016-05-18 11:28:00,10930.0
2016-05-18 14:14:00,10820.0
2016-05-18 14:45:00,10797.0
2016-05-18 14:46:00,10796.0
2016-05-18 14:47:00,10797.0
2016-05-18 14:59:00,10754.0
2016-05-19 13:37:00,10821.0
2016-05-19 14:59:00,10766.0
2016-05-20 09:00:00,10629.0
2016-05-20 14:10:00,10624.0
2016-05-20 14:59:00,10586.0
2016-05-23 09:00:00,10199.0
2016-05-23 09:01:00,10186.0
2016-05-23 09:21:00,10263.0
2016-05-23 11:07:00,10373.0
2016-05-23 14:59:00,10403.0
2016-05-24 14:59:00,10323.0
2016-05-25 09:12:00,10280.0
2016-05-25 14:59:00,10580.0
2016-05-26 09:52:00,10370.0
2016-05-26 09:53:00,10377.0
2016-05-26 09:54:00,10370.0
2016-05-26 09:56:00,10363.0
2016-05-26 10:01:00,10359.0
2016-05-26 11:01:00,10344.0
2016-05-26 14:14:00,10251.0
2016-05-26 14:56:00,10343.0
2016-05-26 14:57:00,10370.0
2016-05-26 14:59:00,10336.0
2016-05-27 09:15:00,10187.0
2016-05-27 11:05:00,10266.0
2016-05-27 11:14:00,10286.0
2016-05-27 14:59:00,10954.0
2016-05-30 09:00:00,10210.0
2016-05-30 09:01:00,10207.0
2016-05-30 09:45:00,10206.0
2016-05-30 11:00:00,10166.0
2016-05-30 11:09:00,10164.0
2016-05-30 11:18:00,10139.0
2016-05-30 11:19:00,10137.0
2016-05-30 11:20:00,10131.0
2016-05-30 11:25:00,10130.0
2016-05-30 11:26:00,10127.0
2016-05-30 13:42:00,10126.0
2016-05-30 13:44:00,10123.0
2016-05-30 13:45:00,10121.0
2016-05-30 14:17:00,10103.0
2016-05-30 14:21:00,10101.0
2016-05-30 14:41:00,10096.0
2016-05-30 14:42:00,10094.0
2016-05-30 14:43:00,10087.0
2016-05-30 14:48:00,10086.0
2016-05-30 14:52:00,10083.0
2016-05-30 14:53:00,10081.0
2016-05-30 14:59:00,10073.0
2016-05-31 09:51:00,10093.0
2016-05-31 09:52:00,10094.0
2016-05-31 14:12:00,10093.0
2016-05-31 14:55:00,9913.0
2016-05-31 14:59:00,9924.0
2016-06-01 09:00:00,9867.0
2016-06-01 09:24:00,9869.0
2016-06-01 09:29:00,9889.0
2016-06-01 09:30:00,9887.0
2016-06-01 14:25:00,9950.0
2016-06-01 14:59:00,9856.0
2016-06-02 09:17:00,9699.0
2016-06-02 09:59:00,9684.0
2016-06-02 13:40:00,9699.0
2016-06-02 14:44:00,9697.0
2016-06-02 14:59:00,9693.0
2016-06-03 09:00:00,9661.0
2016-06-03 09:01:00,9657.0
2016-06-03 09:04:00,9677.0
2016-06-03 09:05:00,9681.0
2016-06-03 09:08:00,9766.0
2016-06-03 14:59:00,9749.0
2016-06-06 11:07:00,10201.0
2016-06-06 14:59:00,10361.0
2016-06-07 09:57:00,10380.0
2016-06-07 14:59:00,10500.0
2016-06-08 09:09:00,10413.0
2016-06-08 14:59:00,10703.0
2016-06-13 14:59:00,11373.0
2016-06-14 09:14:00,11181.0
2016-06-14 09:15:00,11163.0
2016-06-14 09:16:00,11123.0
2016-06-14 09:49:00,11159.0
2016-06-14 09:58:00,11119.0
2016-06-14 10:01:00,11083.0
2016-06-14 10:38:00,11074.0
2016-06-14 10:47:00,11073.0
2016-06-14 11:04:00,11073.0
2016-06-14 11:19:00,11116.0
2016-06-14 13:55:00,11166.0
2016-06-14 14:59:00,11237.0
2016-06-15 09:19:00,11086.0
2016-06-15 09:20:00,11073.0
2016-06-15 09:31:00,11089.0
2016-06-15 09:33:00,11076.0
2016-06-15 09:38:00,11087.0
2016-06-15 14:59:00,11224.0
2016-06-16 10:03:00,11050.0
2016-06-16 10:07:00,11011.0
2016-06-16 11:09:00,11037.0
2016-06-16 11:10:00,11036.0
2016-06-16 14:59:00,11013.0
2016-06-17 09:00:00,10983.0
2016-06-17 09:01:00,10981.0
2016-06-17 10:44:00,10957.0
2016-06-17 10:48:00,10956.0
2016-06-17 10:50:00,10953.0
2016-06-17 10:51:00,10951.0
2016-06-17 10:56:00,10946.0
2016-06-17 10:58:00,10944.0
2016-06-17 10:59:00,10940.0
2016-06-17 11:05:00,10939.0
2016-06-17 13:35:00,10949.0
2016-06-17 13:36:00,10956.0
2016-06-17 14:46:00,10863.0
2016-06-17 14:58:00,10796.0
2016-06-17 14:59:00,10800.0
2016-06-20 09:01:00,10790.0
2016-06-20 14:45:00,10809.0
2016-06-20 14:59:00,10826.0
2016-06-21 09:00:00,10791.0
2016-06-21 09:01:00,10803.0
2016-06-21 09:12:00,10819.0
2016-06-21 09:21:00,10896.0
2016-06-21 09:30:00,10954.0
2016-06-21 14:59:00,10684.0
2016-06-22 14:59:00,11274.0
2016-06-23 09:10:00,11193.0
2016-06-23 14:18:00,11209.0
2016-06-23 14:50:00,11271.0
2016-06-23 14:59:00,11229.0
2016-06-24 09:11:00,11176.0
2016-06-24 09:25:00,11274.0
2016-06-24 10:44:00,11127.0
2016-06-24 10:45:00,11081.0
2016-06-24 11:01:00,11093.0
2016-06-24 11:06:00,11089.0
2016-06-24 13:30:00,11069.0
2016-06-24 13:40:00,11067.0
2016-06-24 14:31:00,11044.0
2016-06-24 14:50:00,11041.0
2016-06-24 14:53:00,11050.0
2016-06-24 14:59:00,11027.0
2016-06-27 09:00:00,10747.0
2016-06-27 09:01:00,10809.0
2016-06-27 09:37:00,10957.0
2016-06-27 11:01:00,11127.0
2016-06-27 14:59:00,11537.0
2016-06-28 09:04:00,11356.0
2016-06-28 14:59:00,11476.0
2016-06-29 09:16:00,11569.0
2016-06-29 10:59:00,11287.0
2016-06-29 11:00:00,11260.0
2016-06-29 11:01:00,11280.0
2016-06-29 11:02:00,11239.0
2016-06-29 13:31:00,11214.0
2016-06-29 13:32:00,11211.0
2016-06-29 14:59:00,11199.0
2016-06-30 09:39:00,11147.0
2016-06-30 09:41:00,11156.0
2016-06-30 09:44:00,11137.0
2016-06-30 09:53:00,11243.0
2016-06-30 11:01:00,11507.0
2016-06-30 14:59:00,11627.0
2016-07-01 09:10:00,11383.0
2016-07-01 09:11:00,11387.0
2016-07-01 14:59:00,11623.0
2016-07-04 09:00:00,11979.0
2016-07-04 09:01:00,11983.0
2016-07-04 09:33:00,12016.0
2016-07-04 09:39:00,12009.0
2016-07-04 09:40:00,12024.0
2016-07-04 09:46:00,12120.0
2016-07-04 09:54:00,11961.0
2016-07-04 11:14:00,11971.0
2016-07-04 11:15:00,11963.0
2016-07-04 11:16:00,11984.0
2016-07-04 14:59:00,12070.0
2016-07-05 09:02:00,11794.0
2016-07-05 09:28:00,11761.0
2016-07-05 09:29:00,11749.0
2016-07-05 09:33:00,11777.0
2016-07-05 09:45:00,11827.0
2016-07-05 11:06:00,11689.0
2016-07-05 13:58:00,11596.0
2016-07-05 14:45:00,11460.0
2016-07-05 14:51:00,11449.0
2016-07-05 14:59:00,11449.0
2016-07-06 09:00:00,11447.0
2016-07-06 09:03:00,11429.0
2016-07-06 09:12:00,11427.0
2016-07-06 09:21:00,11443.0
2016-07-06 13:38:00,11301.0
2016-07-06 13:56:00,11281.0
2016-07-06 14:39:00,11229.0
2016-07-06 14:58:00,11227.0
2016-07-06 14:59:00,11227.0
2016-07-07 09:03:00,11260.0
2016-07-07 09:04:00,11290.0
2016-07-07 09:33:00,11310.0
2016-07-07 09:44:00,11286.0
2016-07-07 11:01:00,11499.0
2016-07-07 14:00:00,11093.0
2016-07-07 14:49:00,10943.0
2016-07-07 14:59:00,11007.0
2016-07-08 14:53:00,11216.0
2016-07-08 14:55:00,11249.0
2016-07-08 14:59:00,11241.0
2016-07-11 09:00:00,10824.0
2016-07-11 09:01:00,10849.0
2016-07-11 09:02:00,10830.0
2016-07-11 10:00:00,10827.0
2016-07-11 14:09:00,10826.0
2016-07-11 14:14:00,10826.0
2016-07-11 14:23:00,10833.0
2016-07-11 14:59:00,10810.0
2016-07-12 09:20:00,10991.0
2016-07-12 10:05:00,11290.0
2016-07-12 14:59:00,11701.0
2016-07-13 09:11:00,11734.0
2016-07-13 14:14:00,11450.0
2016-07-13 14:59:00,11381.0
2016-07-14 09:08:00,11329.0
2016-07-14 09:10:00,11313.0
2016-07-14 09:14:00,11307.0
2016-07-14 09:29:00,11306.0
2016-07-14 09:31:00,11307.0
2016-07-14 09:46:00,11343.0
2016-07-14 14:59:00,11163.0
2016-07-15 14:12:00,11149.0
2016-07-15 14:14:00,11134.0
2016-07-15 14:40:00,11133.0
2016-07-15 14:41:00,11127.0
2016-07-15 14:54:00,11126.0
2016-07-15 14:55:00,11121.0
2016-07-15 14:56:00,11120.0
2016-07-15 14:58:00,11111.0
2016-07-15 14:59:00,11111.0
2016-07-18 09:00:00,11107.0
2016-07-18 09:01:00,11064.0
2016-07-18 11:07:00,11620.0
2016-07-18 14:59:00,12070.0
2016-07-19 14:59:00,12720.0
2016-07-20 09:03:00,12536.0
2016-07-20 14:59:00,12570.0
2016-07-21 09:41:00,12454.0
2016-07-21 09:43:00,12434.0
2016-07-21 09:45:00,12419.0
2016-07-21 10:01:00,12417.0
2016-07-21 11:01:00,12439.0
2016-07-21 11:03:00,12431.0
2016-07-21 11:29:00,12499.0
2016-07-21 14:37:00,12719.0
2016-07-21 14:59:00,12556.0
2016-07-22 09:00:00,12217.0
2016-07-22 10:37:00,12094.0
2016-07-22 10:38:00,12090.0
2016-07-22 11:01:00,12089.0
2016-07-22 11:17:00,12101.0
2016-07-22 11:23:00,12139.0
2016-07-22 14:59:00,12087.0
2016-07-25 09:16:00,11867.0
2016-07-25 09:17:00,11829.0
2016-07-25 09:34:00,11874.0
2016-07-25 10:11:00,11819.0
2016-07-25 11:14:00,11804.0
2016-07-25 14:59:00,11804.0
2016-07-26 09:34:00,11803.0
2016-07-26 14:36:00,11737.0
2016-07-26 14:41:00,11743.0
2016-07-26 14:55:00,11756.0
2016-07-26 14:59:00,11764.0
2016-07-27 09:00:00,11924.0
2016-07-27 09:17:00,12009.0
2016-07-27 09:21:00,12084.0
2016-07-27 11:12:00,11620.0
2016-07-27 14:59:00,11814.0
2016-07-28 09:00:00,11921.0
2016-07-28 09:05:00,12070.0
2016-07-28 14:59:00,12259.0
2016-07-29 09:56:00,12111.0
2016-07-29 09:58:00,12067.0
2016-07-29 10:00:00,11994.0
2016-07-29 10:01:00,11997.0
2016-07-29 10:32:00,11996.0
2016-07-29 11:26:00,11969.0
2016-07-29 14:03:00,12049.0
2016-07-29 14:07:00,12087.0
